timestamp,datetime_utc,datetime_msk,handler,total_rps
1779734520,2026-05-25T18:42:00,2026-05-26 00:42:00,/accounts/{account_id},2.640678
1779734535,2026-05-25T18:42:15,2026-05-26 00:42:15,/accounts/{account_id},2.888136
1779734550,2026-05-25T18:42:30,2026-05-26 00:42:30,/accounts/{account_id},3.105085
1779734565,2026-05-25T18:42:45,2026-05-26 00:42:45,/accounts/{account_id},3.288136
1779734580,2026-05-25T18:43:00,2026-05-26 00:43:00,/accounts/{account_id},3.484746
1779734595,2026-05-25T18:43:15,2026-05-26 00:43:15,/accounts/{account_id},3.735593
1779734610,2026-05-25T18:43:30,2026-05-26 00:43:30,/accounts/{account_id},3.925424
1779734625,2026-05-25T18:43:45,2026-05-26 00:43:45,/accounts/{account_id},4.081356
1779734640,2026-05-25T18:44:00,2026-05-26 00:44:00,/accounts/{account_id},4.210169
1779734655,2026-05-25T18:44:15,2026-05-26 00:44:15,/accounts/{account_id},4.149153
1779734670,2026-05-25T18:44:30,2026-05-26 00:44:30,/accounts/{account_id},4.257627
1779734685,2026-05-25T18:44:45,2026-05-26 00:44:45,/accounts/{account_id},4.281356
1779734700,2026-05-25T18:45:00,2026-05-26 00:45:00,/accounts/{account_id},4.355932
1779734715,2026-05-25T18:45:15,2026-05-26 00:45:15,/accounts/{account_id},4.332203
1779734730,2026-05-25T18:45:30,2026-05-26 00:45:30,/accounts/{account_id},4.305085
1779734745,2026-05-25T18:45:45,2026-05-26 00:45:45,/accounts/{account_id},4.335593
1779734760,2026-05-25T18:46:00,2026-05-26 00:46:00,/accounts/{account_id},4.294915
1779734775,2026-05-25T18:46:15,2026-05-26 00:46:15,/accounts/{account_id},4.349153
1779734790,2026-05-25T18:46:30,2026-05-26 00:46:30,/accounts/{account_id},4.376271
1779734805,2026-05-25T18:46:45,2026-05-26 00:46:45,/accounts/{account_id},4.308475
1779734820,2026-05-25T18:47:00,2026-05-26 00:47:00,/accounts/{account_id},4.271186
1779734835,2026-05-25T18:47:15,2026-05-26 00:47:15,/accounts/{account_id},4.244068
1779734850,2026-05-25T18:47:30,2026-05-26 00:47:30,/accounts/{account_id},4.159322
1779734865,2026-05-25T18:47:45,2026-05-26 00:47:45,/accounts/{account_id},4.2
1779734880,2026-05-25T18:48:00,2026-05-26 00:48:00,/accounts/{account_id},4.19661
1779734895,2026-05-25T18:48:15,2026-05-26 00:48:15,/accounts/{account_id},4.159322
1779734910,2026-05-25T18:48:30,2026-05-26 00:48:30,/accounts/{account_id},4.179661
1779734925,2026-05-25T18:48:45,2026-05-26 00:48:45,/accounts/{account_id},4.122034
1779734940,2026-05-25T18:49:00,2026-05-26 00:49:00,/accounts/{account_id},4.145763
1779734955,2026-05-25T18:49:15,2026-05-26 00:49:15,/accounts/{account_id},4.155932
1779734970,2026-05-25T18:49:30,2026-05-26 00:49:30,/accounts/{account_id},3.976271
1779734985,2026-05-25T18:49:45,2026-05-26 00:49:45,/accounts/{account_id},3.918644
1779735000,2026-05-25T18:50:00,2026-05-26 00:50:00,/accounts/{account_id},3.888136
1779735015,2026-05-25T18:50:15,2026-05-26 00:50:15,/accounts/{account_id},3.942373
1779735030,2026-05-25T18:50:30,2026-05-26 00:50:30,/accounts/{account_id},3.884719
1779735045,2026-05-25T18:50:45,2026-05-26 00:50:45,/accounts/{account_id},3.925424
1779735060,2026-05-25T18:51:00,2026-05-26 00:51:00,/accounts/{account_id},3.945763
1779735075,2026-05-25T18:51:15,2026-05-26 00:51:15,/accounts/{account_id},3.989831
1779735090,2026-05-25T18:51:30,2026-05-26 00:51:30,/accounts/{account_id},3.962712
1779735105,2026-05-25T18:51:45,2026-05-26 00:51:45,/accounts/{account_id},3.99322
1779735120,2026-05-25T18:52:00,2026-05-26 00:52:00,/accounts/{account_id},4.074576
1779735135,2026-05-25T18:52:15,2026-05-26 00:52:15,/accounts/{account_id},4.20339
1779735150,2026-05-25T18:52:30,2026-05-26 00:52:30,/accounts/{account_id},4.247458
1779735165,2026-05-25T18:52:45,2026-05-26 00:52:45,/accounts/{account_id},4.213559
1779735180,2026-05-25T18:53:00,2026-05-26 00:53:00,/accounts/{account_id},4.244068
1779735195,2026-05-25T18:53:15,2026-05-26 00:53:15,/accounts/{account_id},4.277966
1779735210,2026-05-25T18:53:30,2026-05-26 00:53:30,/accounts/{account_id},4.271186
1779735225,2026-05-25T18:53:45,2026-05-26 00:53:45,/accounts/{account_id},4.247458
1779735240,2026-05-25T18:54:00,2026-05-26 00:54:00,/accounts/{account_id},4.227119
1779735255,2026-05-25T18:54:15,2026-05-26 00:54:15,/accounts/{account_id},4.291525
1779735270,2026-05-25T18:54:30,2026-05-26 00:54:30,/accounts/{account_id},4.305085
1779735285,2026-05-25T18:54:45,2026-05-26 00:54:45,/accounts/{account_id},4.261017
1779735300,2026-05-25T18:55:00,2026-05-26 00:55:00,/accounts/{account_id},4.223729
1779735315,2026-05-25T18:55:15,2026-05-26 00:55:15,/accounts/{account_id},4.210169
1779735330,2026-05-25T18:55:30,2026-05-26 00:55:30,/accounts/{account_id},4.237288
1779735345,2026-05-25T18:55:45,2026-05-26 00:55:45,/accounts/{account_id},4.305085
1779735360,2026-05-25T18:56:00,2026-05-26 00:56:00,/accounts/{account_id},4.305085
1779735375,2026-05-25T18:56:15,2026-05-26 00:56:15,/accounts/{account_id},4.305085
1779735390,2026-05-25T18:56:30,2026-05-26 00:56:30,/accounts/{account_id},4.338983
1779735405,2026-05-25T18:56:45,2026-05-26 00:56:45,/accounts/{account_id},4.39661
1779735420,2026-05-25T18:57:00,2026-05-26 00:57:00,/accounts/{account_id},4.291525
1779735435,2026-05-25T18:57:15,2026-05-26 00:57:15,/accounts/{account_id},4.159322
1779735450,2026-05-25T18:57:30,2026-05-26 00:57:30,/accounts/{account_id},4.213559
1779735465,2026-05-25T18:57:45,2026-05-26 00:57:45,/accounts/{account_id},4.216949
1779735480,2026-05-25T18:58:00,2026-05-26 00:58:00,/accounts/{account_id},4.152542
1779735495,2026-05-25T18:58:15,2026-05-26 00:58:15,/accounts/{account_id},4.091525
1779735510,2026-05-25T18:58:30,2026-05-26 00:58:30,/accounts/{account_id},4.125424
1779735525,2026-05-25T18:58:45,2026-05-26 00:58:45,/accounts/{account_id},4.2
1779735540,2026-05-25T18:59:00,2026-05-26 00:59:00,/accounts/{account_id},4.132203
1779735555,2026-05-25T18:59:15,2026-05-26 00:59:15,/accounts/{account_id},4.013559
1779735570,2026-05-25T18:59:30,2026-05-26 00:59:30,/accounts/{account_id},4.013559
1779735585,2026-05-25T18:59:45,2026-05-26 00:59:45,/accounts/{account_id},4.030508
1779735600,2026-05-25T19:00:00,2026-05-26 01:00:00,/accounts/{account_id},4.0
1779735615,2026-05-25T19:00:15,2026-05-26 01:00:15,/accounts/{account_id},4.047458
1779735630,2026-05-25T19:00:30,2026-05-26 01:00:30,/accounts/{account_id},3.979661
1779735645,2026-05-25T19:00:45,2026-05-26 01:00:45,/accounts/{account_id},3.894915
1779735660,2026-05-25T19:01:00,2026-05-26 01:01:00,/accounts/{account_id},3.847458
1779735675,2026-05-25T19:01:15,2026-05-26 01:01:15,/accounts/{account_id},3.861017
1779735690,2026-05-25T19:01:30,2026-05-26 01:01:30,/accounts/{account_id},3.79661
1779735705,2026-05-25T19:01:45,2026-05-26 01:01:45,/accounts/{account_id},3.725424
1779735720,2026-05-25T19:02:00,2026-05-26 01:02:00,/accounts/{account_id},3.688136
1779735735,2026-05-25T19:02:15,2026-05-26 01:02:15,/accounts/{account_id},3.789831
1779735750,2026-05-25T19:02:30,2026-05-26 01:02:30,/accounts/{account_id},3.698305
1779735765,2026-05-25T19:02:45,2026-05-26 01:02:45,/accounts/{account_id},3.688136
1779735780,2026-05-25T19:03:00,2026-05-26 01:03:00,/accounts/{account_id},3.725424
1779735795,2026-05-25T19:03:15,2026-05-26 01:03:15,/accounts/{account_id},3.783051
1779735810,2026-05-25T19:03:30,2026-05-26 01:03:30,/accounts/{account_id},3.786441
1779735825,2026-05-25T19:03:45,2026-05-26 01:03:45,/accounts/{account_id},3.759322
1779735840,2026-05-25T19:04:00,2026-05-26 01:04:00,/accounts/{account_id},3.776271
1779735855,2026-05-25T19:04:15,2026-05-26 01:04:15,/accounts/{account_id},3.772881
1779735870,2026-05-25T19:04:30,2026-05-26 01:04:30,/accounts/{account_id},3.772881
1779735885,2026-05-25T19:04:45,2026-05-26 01:04:45,/accounts/{account_id},3.715254
1779735900,2026-05-25T19:05:00,2026-05-26 01:05:00,/accounts/{account_id},3.732203
1779735915,2026-05-25T19:05:15,2026-05-26 01:05:15,/accounts/{account_id},3.718644
1779735930,2026-05-25T19:05:30,2026-05-26 01:05:30,/accounts/{account_id},3.766102
1779735945,2026-05-25T19:05:45,2026-05-26 01:05:45,/accounts/{account_id},3.8
1779735960,2026-05-25T19:06:00,2026-05-26 01:06:00,/accounts/{account_id},3.850847
1779735975,2026-05-25T19:06:15,2026-05-26 01:06:15,/accounts/{account_id},3.938983
1779735990,2026-05-25T19:06:30,2026-05-26 01:06:30,/accounts/{account_id},3.932203
1779736005,2026-05-25T19:06:45,2026-05-26 01:06:45,/accounts/{account_id},3.908475
1779736020,2026-05-25T19:07:00,2026-05-26 01:07:00,/accounts/{account_id},3.938983
1779736035,2026-05-25T19:07:15,2026-05-26 01:07:15,/accounts/{account_id},3.871186
1779736050,2026-05-25T19:07:30,2026-05-26 01:07:30,/accounts/{account_id},3.905085
1779736065,2026-05-25T19:07:45,2026-05-26 01:07:45,/accounts/{account_id},3.905085
1779736080,2026-05-25T19:08:00,2026-05-26 01:08:00,/accounts/{account_id},3.894915
1779736095,2026-05-25T19:08:15,2026-05-26 01:08:15,/accounts/{account_id},3.898305
1779736110,2026-05-25T19:08:30,2026-05-26 01:08:30,/accounts/{account_id},3.830508
1779736125,2026-05-25T19:08:45,2026-05-26 01:08:45,/accounts/{account_id},3.833898
1779736140,2026-05-25T19:09:00,2026-05-26 01:09:00,/accounts/{account_id},3.850847
1779736155,2026-05-25T19:09:15,2026-05-26 01:09:15,/accounts/{account_id},3.901695
1779736170,2026-05-25T19:09:30,2026-05-26 01:09:30,/accounts/{account_id},3.901695
1779736185,2026-05-25T19:09:45,2026-05-26 01:09:45,/accounts/{account_id},3.955932
1779736200,2026-05-25T19:10:00,2026-05-26 01:10:00,/accounts/{account_id},3.949153
1779736215,2026-05-25T19:10:15,2026-05-26 01:10:15,/accounts/{account_id},3.905085
1779736230,2026-05-25T19:10:30,2026-05-26 01:10:30,/accounts/{account_id},3.888136
1779736245,2026-05-25T19:10:45,2026-05-26 01:10:45,/accounts/{account_id},3.925424
1779736260,2026-05-25T19:11:00,2026-05-26 01:11:00,/accounts/{account_id},3.888136
1779736275,2026-05-25T19:11:15,2026-05-26 01:11:15,/accounts/{account_id},3.79661
1779736290,2026-05-25T19:11:30,2026-05-26 01:11:30,/accounts/{account_id},3.79322
1779736305,2026-05-25T19:11:45,2026-05-26 01:11:45,/accounts/{account_id},3.789831
1779736320,2026-05-25T19:12:00,2026-05-26 01:12:00,/accounts/{account_id},3.857627
1779736335,2026-05-25T19:12:15,2026-05-26 01:12:15,/accounts/{account_id},3.816949
1779736350,2026-05-25T19:12:30,2026-05-26 01:12:30,/accounts/{account_id},3.847458
1779736365,2026-05-25T19:12:45,2026-05-26 01:12:45,/accounts/{account_id},3.928814
1779736380,2026-05-25T19:13:00,2026-05-26 01:13:00,/accounts/{account_id},3.918644
1779736395,2026-05-25T19:13:15,2026-05-26 01:13:15,/accounts/{account_id},3.928814
1779736410,2026-05-25T19:13:30,2026-05-26 01:13:30,/accounts/{account_id},3.989831
1779736425,2026-05-25T19:13:45,2026-05-26 01:13:45,/accounts/{account_id},4.040678
1779736440,2026-05-25T19:14:00,2026-05-26 01:14:00,/accounts/{account_id},4.023729
1779736455,2026-05-25T19:14:15,2026-05-26 01:14:15,/accounts/{account_id},4.122034
1779736470,2026-05-25T19:14:30,2026-05-26 01:14:30,/accounts/{account_id},4.254237
1779736485,2026-05-25T19:14:45,2026-05-26 01:14:45,/accounts/{account_id},4.420339
1779736500,2026-05-25T19:15:00,2026-05-26 01:15:00,/accounts/{account_id},4.311864
1779736515,2026-05-25T19:15:15,2026-05-26 01:15:15,/accounts/{account_id},4.461017
1779736530,2026-05-25T19:15:30,2026-05-26 01:15:30,/accounts/{account_id},4.440678
1779736545,2026-05-25T19:15:45,2026-05-26 01:15:45,/accounts/{account_id},4.515254
1779736560,2026-05-25T19:16:00,2026-05-26 01:16:00,/accounts/{account_id},4.60339
1779736575,2026-05-25T19:16:15,2026-05-26 01:16:15,/accounts/{account_id},4.677966
1779736590,2026-05-25T19:16:30,2026-05-26 01:16:30,/accounts/{account_id},4.688136
1779736605,2026-05-25T19:16:45,2026-05-26 01:16:45,/accounts/{account_id},4.715254
1779736620,2026-05-25T19:17:00,2026-05-26 01:17:00,/accounts/{account_id},4.684746
1779736635,2026-05-25T19:17:15,2026-05-26 01:17:15,/accounts/{account_id},4.715254
1779736650,2026-05-25T19:17:30,2026-05-26 01:17:30,/accounts/{account_id},4.786441
1779736665,2026-05-25T19:17:45,2026-05-26 01:17:45,/accounts/{account_id},4.850847
1779736680,2026-05-25T19:18:00,2026-05-26 01:18:00,/accounts/{account_id},4.783051
1779736695,2026-05-25T19:18:15,2026-05-26 01:18:15,/accounts/{account_id},4.705085
1779736710,2026-05-25T19:18:30,2026-05-26 01:18:30,/accounts/{account_id},4.694915
1779736725,2026-05-25T19:18:45,2026-05-26 01:18:45,/accounts/{account_id},4.674576
1779736740,2026-05-25T19:19:00,2026-05-26 01:19:00,/accounts/{account_id},4.6
1779736755,2026-05-25T19:19:15,2026-05-26 01:19:15,/accounts/{account_id},4.515254
1779736770,2026-05-25T19:19:30,2026-05-26 01:19:30,/accounts/{account_id},4.420339
1779736785,2026-05-25T19:19:45,2026-05-26 01:19:45,/accounts/{account_id},4.359322
1779736800,2026-05-25T19:20:00,2026-05-26 01:20:00,/accounts/{account_id},4.386441
1779736815,2026-05-25T19:20:15,2026-05-26 01:20:15,/accounts/{account_id},4.335593
1779736830,2026-05-25T19:20:30,2026-05-26 01:20:30,/accounts/{account_id},4.447458
1779736845,2026-05-25T19:20:45,2026-05-26 01:20:45,/accounts/{account_id},4.444068
1779736860,2026-05-25T19:21:00,2026-05-26 01:21:00,/accounts/{account_id},4.311864
1779736875,2026-05-25T19:21:15,2026-05-26 01:21:15,/accounts/{account_id},4.352542
1779736890,2026-05-25T19:21:30,2026-05-26 01:21:30,/accounts/{account_id},4.39322
1779736905,2026-05-25T19:21:45,2026-05-26 01:21:45,/accounts/{account_id},4.410169
1779736920,2026-05-25T19:22:00,2026-05-26 01:22:00,/accounts/{account_id},4.39322
1779736935,2026-05-25T19:22:15,2026-05-26 01:22:15,/accounts/{account_id},4.366102
1779736950,2026-05-25T19:22:30,2026-05-26 01:22:30,/accounts/{account_id},4.20678
1779736965,2026-05-25T19:22:45,2026-05-26 01:22:45,/accounts/{account_id},4.179661
1779736980,2026-05-25T19:23:00,2026-05-26 01:23:00,/accounts/{account_id},4.2
1779736995,2026-05-25T19:23:15,2026-05-26 01:23:15,/accounts/{account_id},4.227119
1779737010,2026-05-25T19:23:30,2026-05-26 01:23:30,/accounts/{account_id},4.271186
1779737025,2026-05-25T19:23:45,2026-05-26 01:23:45,/accounts/{account_id},4.338983
1779737040,2026-05-25T19:24:00,2026-05-26 01:24:00,/accounts/{account_id},4.40678
1779737055,2026-05-25T19:24:15,2026-05-26 01:24:15,/accounts/{account_id},4.430508
1779737070,2026-05-25T19:24:30,2026-05-26 01:24:30,/accounts/{account_id},4.386441
1779737085,2026-05-25T19:24:45,2026-05-26 01:24:45,/accounts/{account_id},4.338983
1779737100,2026-05-25T19:25:00,2026-05-26 01:25:00,/accounts/{account_id},4.328814
1779737115,2026-05-25T19:25:15,2026-05-26 01:25:15,/accounts/{account_id},4.284746
1779737130,2026-05-25T19:25:30,2026-05-26 01:25:30,/accounts/{account_id},4.298305
1779737145,2026-05-25T19:25:45,2026-05-26 01:25:45,/accounts/{account_id},4.257627
1779737160,2026-05-25T19:26:00,2026-05-26 01:26:00,/accounts/{account_id},4.261017
1779737175,2026-05-25T19:26:15,2026-05-26 01:26:15,/accounts/{account_id},4.325424
1779737190,2026-05-25T19:26:30,2026-05-26 01:26:30,/accounts/{account_id},4.294915
1779737205,2026-05-25T19:26:45,2026-05-26 01:26:45,/accounts/{account_id},4.352542
1779737220,2026-05-25T19:27:00,2026-05-26 01:27:00,/accounts/{account_id},4.372881
1779737235,2026-05-25T19:27:15,2026-05-26 01:27:15,/accounts/{account_id},4.322034
1779737250,2026-05-25T19:27:30,2026-05-26 01:27:30,/accounts/{account_id},4.332203
1779737265,2026-05-25T19:27:45,2026-05-26 01:27:45,/accounts/{account_id},4.301695
1779737280,2026-05-25T19:28:00,2026-05-26 01:28:00,/accounts/{account_id},4.298305
1779737295,2026-05-25T19:28:15,2026-05-26 01:28:15,/accounts/{account_id},4.281356
1779737310,2026-05-25T19:28:30,2026-05-26 01:28:30,/accounts/{account_id},4.19322
1779737325,2026-05-25T19:28:45,2026-05-26 01:28:45,/accounts/{account_id},4.088136
1779737340,2026-05-25T19:29:00,2026-05-26 01:29:00,/accounts/{account_id},4.088136
1779737355,2026-05-25T19:29:15,2026-05-26 01:29:15,/accounts/{account_id},4.094915
1779737370,2026-05-25T19:29:30,2026-05-26 01:29:30,/accounts/{account_id},4.179661
1779737385,2026-05-25T19:29:45,2026-05-26 01:29:45,/accounts/{account_id},4.176271
1779737400,2026-05-25T19:30:00,2026-05-26 01:30:00,/accounts/{account_id},4.125424
1779737415,2026-05-25T19:30:15,2026-05-26 01:30:15,/accounts/{account_id},3.986441
1779737430,2026-05-25T19:30:30,2026-05-26 01:30:30,/accounts/{account_id},3.986441
1779737445,2026-05-25T19:30:45,2026-05-26 01:30:45,/accounts/{account_id},4.037288
1779737460,2026-05-25T19:31:00,2026-05-26 01:31:00,/accounts/{account_id},3.983051
1779737475,2026-05-25T19:31:15,2026-05-26 01:31:15,/accounts/{account_id},3.861017
1779737490,2026-05-25T19:31:30,2026-05-26 01:31:30,/accounts/{account_id},3.901695
1779737505,2026-05-25T19:31:45,2026-05-26 01:31:45,/accounts/{account_id},3.789831
1779737520,2026-05-25T19:32:00,2026-05-26 01:32:00,/accounts/{account_id},3.820339
1779737535,2026-05-25T19:32:15,2026-05-26 01:32:15,/accounts/{account_id},3.867797
1779737550,2026-05-25T19:32:30,2026-05-26 01:32:30,/accounts/{account_id},3.905085
1779737565,2026-05-25T19:32:45,2026-05-26 01:32:45,/accounts/{account_id},3.918644
1779737580,2026-05-25T19:33:00,2026-05-26 01:33:00,/accounts/{account_id},3.823729
1779737595,2026-05-25T19:33:15,2026-05-26 01:33:15,/accounts/{account_id},3.813559
1779737610,2026-05-25T19:33:30,2026-05-26 01:33:30,/accounts/{account_id},3.837288
1779737625,2026-05-25T19:33:45,2026-05-26 01:33:45,/accounts/{account_id},3.861017
1779737640,2026-05-25T19:34:00,2026-05-26 01:34:00,/accounts/{account_id},3.918644
1779737655,2026-05-25T19:34:15,2026-05-26 01:34:15,/accounts/{account_id},3.867797
1779737670,2026-05-25T19:34:30,2026-05-26 01:34:30,/accounts/{account_id},3.823729
1779737685,2026-05-25T19:34:45,2026-05-26 01:34:45,/accounts/{account_id},3.823729
1779737700,2026-05-25T19:35:00,2026-05-26 01:35:00,/accounts/{account_id},3.884746
1779737715,2026-05-25T19:35:15,2026-05-26 01:35:15,/accounts/{account_id},3.952542
1779737730,2026-05-25T19:35:30,2026-05-26 01:35:30,/accounts/{account_id},3.905085
1779737745,2026-05-25T19:35:45,2026-05-26 01:35:45,/accounts/{account_id},3.823729
1779737760,2026-05-25T19:36:00,2026-05-26 01:36:00,/accounts/{account_id},3.901695
1779737775,2026-05-25T19:36:15,2026-05-26 01:36:15,/accounts/{account_id},3.905085
1779737790,2026-05-25T19:36:30,2026-05-26 01:36:30,/accounts/{account_id},3.884746
1779737805,2026-05-25T19:36:45,2026-05-26 01:36:45,/accounts/{account_id},3.915254
1779737820,2026-05-25T19:37:00,2026-05-26 01:37:00,/accounts/{account_id},3.911864
1779737835,2026-05-25T19:37:15,2026-05-26 01:37:15,/accounts/{account_id},3.867797
1779737850,2026-05-25T19:37:30,2026-05-26 01:37:30,/accounts/{account_id},3.945763
1779737865,2026-05-25T19:37:45,2026-05-26 01:37:45,/accounts/{account_id},3.949153
1779737880,2026-05-25T19:38:00,2026-05-26 01:38:00,/accounts/{account_id},3.935593
1779737895,2026-05-25T19:38:15,2026-05-26 01:38:15,/accounts/{account_id},3.932203
1779737910,2026-05-25T19:38:30,2026-05-26 01:38:30,/accounts/{account_id},3.928814
1779737925,2026-05-25T19:38:45,2026-05-26 01:38:45,/accounts/{account_id},3.928814
1779737940,2026-05-25T19:39:00,2026-05-26 01:39:00,/accounts/{account_id},3.891525
1779737955,2026-05-25T19:39:15,2026-05-26 01:39:15,/accounts/{account_id},3.769492
1779737970,2026-05-25T19:39:30,2026-05-26 01:39:30,/accounts/{account_id},3.772881
1779737985,2026-05-25T19:39:45,2026-05-26 01:39:45,/accounts/{account_id},3.776271
1779738000,2026-05-25T19:40:00,2026-05-26 01:40:00,/accounts/{account_id},3.79661
1779738015,2026-05-25T19:40:15,2026-05-26 01:40:15,/accounts/{account_id},3.79322
1779738030,2026-05-25T19:40:30,2026-05-26 01:40:30,/accounts/{account_id},3.80339
1779738045,2026-05-25T19:40:45,2026-05-26 01:40:45,/accounts/{account_id},3.823729
1779738060,2026-05-25T19:41:00,2026-05-26 01:41:00,/accounts/{account_id},3.80678
1779738075,2026-05-25T19:41:15,2026-05-26 01:41:15,/accounts/{account_id},3.8
1779738090,2026-05-25T19:41:30,2026-05-26 01:41:30,/accounts/{account_id},3.742373
1779738105,2026-05-25T19:41:45,2026-05-26 01:41:45,/accounts/{account_id},3.823729
1779738120,2026-05-25T19:42:00,2026-05-26 01:42:00,/accounts/{account_id},3.867797
1779738135,2026-05-25T19:42:15,2026-05-26 01:42:15,/accounts/{account_id},3.888136
1779738150,2026-05-25T19:42:30,2026-05-26 01:42:30,/accounts/{account_id},3.888136
1779738165,2026-05-25T19:42:45,2026-05-26 01:42:45,/accounts/{account_id},4.064407
1779738180,2026-05-25T19:43:00,2026-05-26 01:43:00,/accounts/{account_id},4.172881
1779738195,2026-05-25T19:43:15,2026-05-26 01:43:15,/accounts/{account_id},4.277966
1779738210,2026-05-25T19:43:30,2026-05-26 01:43:30,/accounts/{account_id},4.349153
1779738225,2026-05-25T19:43:45,2026-05-26 01:43:45,/accounts/{account_id},4.518644
1779738240,2026-05-25T19:44:00,2026-05-26 01:44:00,/accounts/{account_id},4.549153
1779738255,2026-05-25T19:44:15,2026-05-26 01:44:15,/accounts/{account_id},4.552542
1779738270,2026-05-25T19:44:30,2026-05-26 01:44:30,/accounts/{account_id},4.627119
1779738285,2026-05-25T19:44:45,2026-05-26 01:44:45,/accounts/{account_id},4.572881
1779738300,2026-05-25T19:45:00,2026-05-26 01:45:00,/accounts/{account_id},4.566102
1779738315,2026-05-25T19:45:15,2026-05-26 01:45:15,/accounts/{account_id},4.549153
1779738330,2026-05-25T19:45:30,2026-05-26 01:45:30,/accounts/{account_id},4.583051
1779738345,2026-05-25T19:45:45,2026-05-26 01:45:45,/accounts/{account_id},4.661017
1779738360,2026-05-25T19:46:00,2026-05-26 01:46:00,/accounts/{account_id},4.701695
1779738375,2026-05-25T19:46:15,2026-05-26 01:46:15,/accounts/{account_id},4.701695
1779738390,2026-05-25T19:46:30,2026-05-26 01:46:30,/accounts/{account_id},4.759322
1779738405,2026-05-25T19:46:45,2026-05-26 01:46:45,/accounts/{account_id},4.738983
1779738420,2026-05-25T19:47:00,2026-05-26 01:47:00,/accounts/{account_id},4.735593
1779738435,2026-05-25T19:47:15,2026-05-26 01:47:15,/accounts/{account_id},4.667797
1779738450,2026-05-25T19:47:30,2026-05-26 01:47:30,/accounts/{account_id},4.59322
1779738465,2026-05-25T19:47:45,2026-05-26 01:47:45,/accounts/{account_id},4.416949
1779738480,2026-05-25T19:48:00,2026-05-26 01:48:00,/accounts/{account_id},4.420339
1779738495,2026-05-25T19:48:15,2026-05-26 01:48:15,/accounts/{account_id},4.223729
1779738510,2026-05-25T19:48:30,2026-05-26 01:48:30,/accounts/{account_id},4.19661
1779738525,2026-05-25T19:48:45,2026-05-26 01:48:45,/accounts/{account_id},4.094915
1779738540,2026-05-25T19:49:00,2026-05-26 01:49:00,/accounts/{account_id},4.122034
1779738555,2026-05-25T19:49:15,2026-05-26 01:49:15,/accounts/{account_id},4.152542
1779738570,2026-05-25T19:49:30,2026-05-26 01:49:30,/accounts/{account_id},4.172881
1779738585,2026-05-25T19:49:45,2026-05-26 01:49:45,/accounts/{account_id},4.179661
1779738600,2026-05-25T19:50:00,2026-05-26 01:50:00,/accounts/{account_id},4.244068
1779738615,2026-05-25T19:50:15,2026-05-26 01:50:15,/accounts/{account_id},4.284746
1779738630,2026-05-25T19:50:30,2026-05-26 01:50:30,/accounts/{account_id},4.301695
1779738645,2026-05-25T19:50:45,2026-05-26 01:50:45,/accounts/{account_id},4.244068
1779738660,2026-05-25T19:51:00,2026-05-26 01:51:00,/accounts/{account_id},4.277966
1779738675,2026-05-25T19:51:15,2026-05-26 01:51:15,/accounts/{account_id},4.237288
1779738690,2026-05-25T19:51:30,2026-05-26 01:51:30,/accounts/{account_id},4.305085
1779738705,2026-05-25T19:51:45,2026-05-26 01:51:45,/accounts/{account_id},4.376271
1779738720,2026-05-25T19:52:00,2026-05-26 01:52:00,/accounts/{account_id},4.40678
1779738735,2026-05-25T19:52:15,2026-05-26 01:52:15,/accounts/{account_id},4.498305
1779738750,2026-05-25T19:52:30,2026-05-26 01:52:30,/accounts/{account_id},4.467797
1779738765,2026-05-25T19:52:45,2026-05-26 01:52:45,/accounts/{account_id},4.471186
1779738780,2026-05-25T19:53:00,2026-05-26 01:53:00,/accounts/{account_id},4.440678
1779738795,2026-05-25T19:53:15,2026-05-26 01:53:15,/accounts/{account_id},4.532203
1779738810,2026-05-25T19:53:30,2026-05-26 01:53:30,/accounts/{account_id},4.505085
1779738825,2026-05-25T19:53:45,2026-05-26 01:53:45,/accounts/{account_id},4.464407
1779738840,2026-05-25T19:54:00,2026-05-26 01:54:00,/accounts/{account_id},4.461017
1779738855,2026-05-25T19:54:15,2026-05-26 01:54:15,/accounts/{account_id},4.566102
1779738870,2026-05-25T19:54:30,2026-05-26 01:54:30,/accounts/{account_id},4.555932
1779738885,2026-05-25T19:54:45,2026-05-26 01:54:45,/accounts/{account_id},4.610169
1779738900,2026-05-25T19:55:00,2026-05-26 01:55:00,/accounts/{account_id},4.552542
1779738915,2026-05-25T19:55:15,2026-05-26 01:55:15,/accounts/{account_id},4.535593
1779738930,2026-05-25T19:55:30,2026-05-26 01:55:30,/accounts/{account_id},4.586441
1779738945,2026-05-25T19:55:45,2026-05-26 01:55:45,/accounts/{account_id},4.644068
1779738960,2026-05-25T19:56:00,2026-05-26 01:56:00,/accounts/{account_id},4.671186
1779738975,2026-05-25T19:56:15,2026-05-26 01:56:15,/accounts/{account_id},4.630508
1779738990,2026-05-25T19:56:30,2026-05-26 01:56:30,/accounts/{account_id},4.711864
1779739005,2026-05-25T19:56:45,2026-05-26 01:56:45,/accounts/{account_id},4.735593
1779739020,2026-05-25T19:57:00,2026-05-26 01:57:00,/accounts/{account_id},4.705085
1779739035,2026-05-25T19:57:15,2026-05-26 01:57:15,/accounts/{account_id},4.691525
1779739050,2026-05-25T19:57:30,2026-05-26 01:57:30,/accounts/{account_id},4.813559
1779739065,2026-05-25T19:57:45,2026-05-26 01:57:45,/accounts/{account_id},4.833898
1779739080,2026-05-25T19:58:00,2026-05-26 01:58:00,/accounts/{account_id},4.850847
1779739095,2026-05-25T19:58:15,2026-05-26 01:58:15,/accounts/{account_id},4.837288
1779739110,2026-05-25T19:58:30,2026-05-26 01:58:30,/accounts/{account_id},4.898305
1779739125,2026-05-25T19:58:45,2026-05-26 01:58:45,/accounts/{account_id},4.922034
1779739140,2026-05-25T19:59:00,2026-05-26 01:59:00,/accounts/{account_id},4.942373
1779739155,2026-05-25T19:59:15,2026-05-26 01:59:15,/accounts/{account_id},4.884746
1779739170,2026-05-25T19:59:30,2026-05-26 01:59:30,/accounts/{account_id},4.820339
1779739185,2026-05-25T19:59:45,2026-05-26 01:59:45,/accounts/{account_id},4.708475
1779739200,2026-05-25T20:00:00,2026-05-26 02:00:00,/accounts/{account_id},4.664407
1779739215,2026-05-25T20:00:15,2026-05-26 02:00:15,/accounts/{account_id},4.644068
1779739230,2026-05-25T20:00:30,2026-05-26 02:00:30,/accounts/{account_id},4.576271
1779739245,2026-05-25T20:00:45,2026-05-26 02:00:45,/accounts/{account_id},4.525424
1779739260,2026-05-25T20:01:00,2026-05-26 02:01:00,/accounts/{account_id},4.450847
1779739275,2026-05-25T20:01:15,2026-05-26 02:01:15,/accounts/{account_id},4.433898
1779739290,2026-05-25T20:01:30,2026-05-26 02:01:30,/accounts/{account_id},4.277966
1779739305,2026-05-25T20:01:45,2026-05-26 02:01:45,/accounts/{account_id},4.230508
1779739320,2026-05-25T20:02:00,2026-05-26 02:02:00,/accounts/{account_id},4.274576
1779739335,2026-05-25T20:02:15,2026-05-26 02:02:15,/accounts/{account_id},4.223729
1779739350,2026-05-25T20:02:30,2026-05-26 02:02:30,/accounts/{account_id},4.172881
1779739365,2026-05-25T20:02:45,2026-05-26 02:02:45,/accounts/{account_id},4.135593
1779739380,2026-05-25T20:03:00,2026-05-26 02:03:00,/accounts/{account_id},4.057627
1779739395,2026-05-25T20:03:15,2026-05-26 02:03:15,/accounts/{account_id},4.111864
1779739410,2026-05-25T20:03:30,2026-05-26 02:03:30,/accounts/{account_id},4.108475
1779739425,2026-05-25T20:03:45,2026-05-26 02:03:45,/accounts/{account_id},4.054237
1779739440,2026-05-25T20:04:00,2026-05-26 02:04:00,/accounts/{account_id},4.016949
1779739455,2026-05-25T20:04:15,2026-05-26 02:04:15,/accounts/{account_id},3.945763
1779739470,2026-05-25T20:04:30,2026-05-26 02:04:30,/accounts/{account_id},3.986441
1779739485,2026-05-25T20:04:45,2026-05-26 02:04:45,/accounts/{account_id},4.023729
1779739500,2026-05-25T20:05:00,2026-05-26 02:05:00,/accounts/{account_id},4.023729
1779739515,2026-05-25T20:05:15,2026-05-26 02:05:15,/accounts/{account_id},4.016949
1779739530,2026-05-25T20:05:30,2026-05-26 02:05:30,/accounts/{account_id},3.932203
1779739545,2026-05-25T20:05:45,2026-05-26 02:05:45,/accounts/{account_id},3.949153
1779739560,2026-05-25T20:06:00,2026-05-26 02:06:00,/accounts/{account_id},4.00339
1779739575,2026-05-25T20:06:15,2026-05-26 02:06:15,/accounts/{account_id},4.047458
1779739590,2026-05-25T20:06:30,2026-05-26 02:06:30,/accounts/{account_id},4.00339
1779739605,2026-05-25T20:06:45,2026-05-26 02:06:45,/accounts/{account_id},3.966102
1779739620,2026-05-25T20:07:00,2026-05-26 02:07:00,/accounts/{account_id},4.027119
1779739635,2026-05-25T20:07:15,2026-05-26 02:07:15,/accounts/{account_id},3.983051
1779739650,2026-05-25T20:07:30,2026-05-26 02:07:30,/accounts/{account_id},3.945763
1779739665,2026-05-25T20:07:45,2026-05-26 02:07:45,/accounts/{account_id},3.928814
1779739680,2026-05-25T20:08:00,2026-05-26 02:08:00,/accounts/{account_id},3.918644
1779739695,2026-05-25T20:08:15,2026-05-26 02:08:15,/accounts/{account_id},3.830508
1779739710,2026-05-25T20:08:30,2026-05-26 02:08:30,/accounts/{account_id},3.79661
1779739725,2026-05-25T20:08:45,2026-05-26 02:08:45,/accounts/{account_id},3.80678
1779739740,2026-05-25T20:09:00,2026-05-26 02:09:00,/accounts/{account_id},3.847458
1779739755,2026-05-25T20:09:15,2026-05-26 02:09:15,/accounts/{account_id},3.884746
1779739770,2026-05-25T20:09:30,2026-05-26 02:09:30,/accounts/{account_id},3.877966
1779739785,2026-05-25T20:09:45,2026-05-26 02:09:45,/accounts/{account_id},3.908475
1779739800,2026-05-25T20:10:00,2026-05-26 02:10:00,/accounts/{account_id},3.938983
1779739815,2026-05-25T20:10:15,2026-05-26 02:10:15,/accounts/{account_id},4.00678
1779739830,2026-05-25T20:10:30,2026-05-26 02:10:30,/accounts/{account_id},3.979661
1779739845,2026-05-25T20:10:45,2026-05-26 02:10:45,/accounts/{account_id},3.99661
1779739860,2026-05-25T20:11:00,2026-05-26 02:11:00,/accounts/{account_id},3.925424
1779739875,2026-05-25T20:11:15,2026-05-26 02:11:15,/accounts/{account_id},3.911864
1779739890,2026-05-25T20:11:30,2026-05-26 02:11:30,/accounts/{account_id},3.925424
1779739905,2026-05-25T20:11:45,2026-05-26 02:11:45,/accounts/{account_id},3.850847
1779739920,2026-05-25T20:12:00,2026-05-26 02:12:00,/accounts/{account_id},3.762712
1779739935,2026-05-25T20:12:15,2026-05-26 02:12:15,/accounts/{account_id},3.79322
1779739950,2026-05-25T20:12:30,2026-05-26 02:12:30,/accounts/{account_id},3.830508
1779739965,2026-05-25T20:12:45,2026-05-26 02:12:45,/accounts/{account_id},3.888136
1779739980,2026-05-25T20:13:00,2026-05-26 02:13:00,/accounts/{account_id},3.864407
1779739995,2026-05-25T20:13:15,2026-05-26 02:13:15,/accounts/{account_id},3.969492
1779740010,2026-05-25T20:13:30,2026-05-26 02:13:30,/accounts/{account_id},3.986441
1779740025,2026-05-25T20:13:45,2026-05-26 02:13:45,/accounts/{account_id},3.949153
1779740040,2026-05-25T20:14:00,2026-05-26 02:14:00,/accounts/{account_id},3.911864
1779740055,2026-05-25T20:14:15,2026-05-26 02:14:15,/accounts/{account_id},3.881356
1779740070,2026-05-25T20:14:30,2026-05-26 02:14:30,/accounts/{account_id},3.877966
1779740085,2026-05-25T20:14:45,2026-05-26 02:14:45,/accounts/{account_id},3.847458
1779740100,2026-05-25T20:15:00,2026-05-26 02:15:00,/accounts/{account_id},3.891525
1779740115,2026-05-25T20:15:15,2026-05-26 02:15:15,/accounts/{account_id},3.840678
1779740130,2026-05-25T20:15:30,2026-05-26 02:15:30,/accounts/{account_id},3.844068
1779740145,2026-05-25T20:15:45,2026-05-26 02:15:45,/accounts/{account_id},3.871186
1779740160,2026-05-25T20:16:00,2026-05-26 02:16:00,/accounts/{account_id},3.884746
1779740175,2026-05-25T20:16:15,2026-05-26 02:16:15,/accounts/{account_id},3.905085
1779740190,2026-05-25T20:16:30,2026-05-26 02:16:30,/accounts/{account_id},3.850847
1779740205,2026-05-25T20:16:45,2026-05-26 02:16:45,/accounts/{account_id},3.959322
1779740220,2026-05-25T20:17:00,2026-05-26 02:17:00,/accounts/{account_id},4.023729
1779740235,2026-05-25T20:17:15,2026-05-26 02:17:15,/accounts/{account_id},4.050847
1779740250,2026-05-25T20:17:30,2026-05-26 02:17:30,/accounts/{account_id},4.030508
1779740265,2026-05-25T20:17:45,2026-05-26 02:17:45,/accounts/{account_id},4.013559
1779740280,2026-05-25T20:18:00,2026-05-26 02:18:00,/accounts/{account_id},3.99661
1779740295,2026-05-25T20:18:15,2026-05-26 02:18:15,/accounts/{account_id},3.928814
1779740310,2026-05-25T20:18:30,2026-05-26 02:18:30,/accounts/{account_id},3.942373
1779740325,2026-05-25T20:18:45,2026-05-26 02:18:45,/accounts/{account_id},3.983051
1779740340,2026-05-25T20:19:00,2026-05-26 02:19:00,/accounts/{account_id},3.945763
1779740355,2026-05-25T20:19:15,2026-05-26 02:19:15,/accounts/{account_id},3.938983
1779740370,2026-05-25T20:19:30,2026-05-26 02:19:30,/accounts/{account_id},3.959322
1779740385,2026-05-25T20:19:45,2026-05-26 02:19:45,/accounts/{account_id},4.047458
1779740400,2026-05-25T20:20:00,2026-05-26 02:20:00,/accounts/{account_id},4.071186
1779740415,2026-05-25T20:20:15,2026-05-26 02:20:15,/accounts/{account_id},4.064407
1779740430,2026-05-25T20:20:30,2026-05-26 02:20:30,/accounts/{account_id},4.064407
1779740445,2026-05-25T20:20:45,2026-05-26 02:20:45,/accounts/{account_id},4.071186
1779740460,2026-05-25T20:21:00,2026-05-26 02:21:00,/accounts/{account_id},4.084746
1779740475,2026-05-25T20:21:15,2026-05-26 02:21:15,/accounts/{account_id},4.044068
1779740490,2026-05-25T20:21:30,2026-05-26 02:21:30,/accounts/{account_id},4.138983
1779740505,2026-05-25T20:21:45,2026-05-26 02:21:45,/accounts/{account_id},4.128814
1779740520,2026-05-25T20:22:00,2026-05-26 02:22:00,/accounts/{account_id},4.145763
1779740535,2026-05-25T20:22:15,2026-05-26 02:22:15,/accounts/{account_id},4.189831
1779740550,2026-05-25T20:22:30,2026-05-26 02:22:30,/accounts/{account_id},4.186441
1779740565,2026-05-25T20:22:45,2026-05-26 02:22:45,/accounts/{account_id},4.169492
1779740580,2026-05-25T20:23:00,2026-05-26 02:23:00,/accounts/{account_id},4.176271
1779740595,2026-05-25T20:23:15,2026-05-26 02:23:15,/accounts/{account_id},4.152542
1779740610,2026-05-25T20:23:30,2026-05-26 02:23:30,/accounts/{account_id},4.233898
1779740625,2026-05-25T20:23:45,2026-05-26 02:23:45,/accounts/{account_id},4.223729
1779740640,2026-05-25T20:24:00,2026-05-26 02:24:00,/accounts/{account_id},4.301695
1779740655,2026-05-25T20:24:15,2026-05-26 02:24:15,/accounts/{account_id},4.284746
1779740670,2026-05-25T20:24:30,2026-05-26 02:24:30,/accounts/{account_id},4.267797
1779740685,2026-05-25T20:24:45,2026-05-26 02:24:45,/accounts/{account_id},4.159322
1779740700,2026-05-25T20:25:00,2026-05-26 02:25:00,/accounts/{account_id},4.084746
1779740715,2026-05-25T20:25:15,2026-05-26 02:25:15,/accounts/{account_id},4.169492
1779740730,2026-05-25T20:25:30,2026-05-26 02:25:30,/accounts/{account_id},4.186441
1779740745,2026-05-25T20:25:45,2026-05-26 02:25:45,/accounts/{account_id},4.183051
1779740760,2026-05-25T20:26:00,2026-05-26 02:26:00,/accounts/{account_id},4.223729
1779740775,2026-05-25T20:26:15,2026-05-26 02:26:15,/accounts/{account_id},4.20339
1779740790,2026-05-25T20:26:30,2026-05-26 02:26:30,/accounts/{account_id},4.176271
1779740805,2026-05-25T20:26:45,2026-05-26 02:26:45,/accounts/{account_id},4.145763
1779740820,2026-05-25T20:27:00,2026-05-26 02:27:00,/accounts/{account_id},4.115254
1779740835,2026-05-25T20:27:15,2026-05-26 02:27:15,/accounts/{account_id},4.2
1779740850,2026-05-25T20:27:30,2026-05-26 02:27:30,/accounts/{account_id},4.294915
1779740865,2026-05-25T20:27:45,2026-05-26 02:27:45,/accounts/{account_id},4.40339
1779740880,2026-05-25T20:28:00,2026-05-26 02:28:00,/accounts/{account_id},4.461017
1779740895,2026-05-25T20:28:15,2026-05-26 02:28:15,/accounts/{account_id},4.474576
1779740910,2026-05-25T20:28:30,2026-05-26 02:28:30,/accounts/{account_id},4.484746
1779740925,2026-05-25T20:28:45,2026-05-26 02:28:45,/accounts/{account_id},4.461017
1779740940,2026-05-25T20:29:00,2026-05-26 02:29:00,/accounts/{account_id},4.444068
1779740955,2026-05-25T20:29:15,2026-05-26 02:29:15,/accounts/{account_id},4.416949
1779740970,2026-05-25T20:29:30,2026-05-26 02:29:30,/accounts/{account_id},4.450847
1779740985,2026-05-25T20:29:45,2026-05-26 02:29:45,/accounts/{account_id},4.389831
1779741000,2026-05-25T20:30:00,2026-05-26 02:30:00,/accounts/{account_id},4.410169
1779741015,2026-05-25T20:30:15,2026-05-26 02:30:15,/accounts/{account_id},4.450847
1779741030,2026-05-25T20:30:30,2026-05-26 02:30:30,/accounts/{account_id},4.477966
1779741045,2026-05-25T20:30:45,2026-05-26 02:30:45,/accounts/{account_id},4.477966
1779741060,2026-05-25T20:31:00,2026-05-26 02:31:00,/accounts/{account_id},4.39661
1779741075,2026-05-25T20:31:15,2026-05-26 02:31:15,/accounts/{account_id},4.4
1779741090,2026-05-25T20:31:30,2026-05-26 02:31:30,/accounts/{account_id},4.328814
1779741105,2026-05-25T20:31:45,2026-05-26 02:31:45,/accounts/{account_id},4.369492
1779741120,2026-05-25T20:32:00,2026-05-26 02:32:00,/accounts/{account_id},4.359322
1779741135,2026-05-25T20:32:15,2026-05-26 02:32:15,/accounts/{account_id},4.223729
1779741150,2026-05-25T20:32:30,2026-05-26 02:32:30,/accounts/{account_id},4.179661
1779741165,2026-05-25T20:32:45,2026-05-26 02:32:45,/accounts/{account_id},4.135593
1779741180,2026-05-25T20:33:00,2026-05-26 02:33:00,/accounts/{account_id},4.047458
1779741195,2026-05-25T20:33:15,2026-05-26 02:33:15,/accounts/{account_id},3.945763
1779741210,2026-05-25T20:33:30,2026-05-26 02:33:30,/accounts/{account_id},3.864407
1779741225,2026-05-25T20:33:45,2026-05-26 02:33:45,/accounts/{account_id},3.925424
1779741240,2026-05-25T20:34:00,2026-05-26 02:34:00,/accounts/{account_id},3.972881
1779741255,2026-05-25T20:34:15,2026-05-26 02:34:15,/accounts/{account_id},3.915254
1779741270,2026-05-25T20:34:30,2026-05-26 02:34:30,/accounts/{account_id},3.908475
1779741285,2026-05-25T20:34:45,2026-05-26 02:34:45,/accounts/{account_id},3.905085
1779741300,2026-05-25T20:35:00,2026-05-26 02:35:00,/accounts/{account_id},4.013559
1779741315,2026-05-25T20:35:15,2026-05-26 02:35:15,/accounts/{account_id},3.905085
1779741330,2026-05-25T20:35:30,2026-05-26 02:35:30,/accounts/{account_id},3.864407
1779741345,2026-05-25T20:35:45,2026-05-26 02:35:45,/accounts/{account_id},3.755932
1779741360,2026-05-25T20:36:00,2026-05-26 02:36:00,/accounts/{account_id},3.898305
1779741375,2026-05-25T20:36:15,2026-05-26 02:36:15,/accounts/{account_id},3.979661
1779741390,2026-05-25T20:36:30,2026-05-26 02:36:30,/accounts/{account_id},4.013559
1779741405,2026-05-25T20:36:45,2026-05-26 02:36:45,/accounts/{account_id},4.064407
1779741420,2026-05-25T20:37:00,2026-05-26 02:37:00,/accounts/{account_id},4.108475
1779741435,2026-05-25T20:37:15,2026-05-26 02:37:15,/accounts/{account_id},4.145763
1779741450,2026-05-25T20:37:30,2026-05-26 02:37:30,/accounts/{account_id},4.088136
1779741465,2026-05-25T20:37:45,2026-05-26 02:37:45,/accounts/{account_id},3.979661
1779741480,2026-05-25T20:38:00,2026-05-26 02:38:00,/accounts/{account_id},4.030508
1779741495,2026-05-25T20:38:15,2026-05-26 02:38:15,/accounts/{account_id},4.033898
1779741510,2026-05-25T20:38:30,2026-05-26 02:38:30,/accounts/{account_id},4.057627
1779741525,2026-05-25T20:38:45,2026-05-26 02:38:45,/accounts/{account_id},4.044068
1779741540,2026-05-25T20:39:00,2026-05-26 02:39:00,/accounts/{account_id},4.067797
1779741555,2026-05-25T20:39:15,2026-05-26 02:39:15,/accounts/{account_id},4.037288
1779741570,2026-05-25T20:39:30,2026-05-26 02:39:30,/accounts/{account_id},4.111864
1779741585,2026-05-25T20:39:45,2026-05-26 02:39:45,/accounts/{account_id},4.101695
1779741600,2026-05-25T20:40:00,2026-05-26 02:40:00,/accounts/{account_id},4.074576
1779741615,2026-05-25T20:40:15,2026-05-26 02:40:15,/accounts/{account_id},4.149153
1779741630,2026-05-25T20:40:30,2026-05-26 02:40:30,/accounts/{account_id},4.305085
1779741645,2026-05-25T20:40:45,2026-05-26 02:40:45,/accounts/{account_id},4.335593
1779741660,2026-05-25T20:41:00,2026-05-26 02:41:00,/accounts/{account_id},4.328814
1779741675,2026-05-25T20:41:15,2026-05-26 02:41:15,/accounts/{account_id},4.322034
1779741690,2026-05-25T20:41:30,2026-05-26 02:41:30,/accounts/{account_id},4.250847
1779741705,2026-05-25T20:41:45,2026-05-26 02:41:45,/accounts/{account_id},4.220339
1779741720,2026-05-25T20:42:00,2026-05-26 02:42:00,/accounts/{account_id},4.223729
1779741735,2026-05-25T20:42:15,2026-05-26 02:42:15,/accounts/{account_id},4.186441
1779741750,2026-05-25T20:42:30,2026-05-26 02:42:30,/accounts/{account_id},4.20339
1779741765,2026-05-25T20:42:45,2026-05-26 02:42:45,/accounts/{account_id},4.257627
1779741780,2026-05-25T20:43:00,2026-05-26 02:43:00,/accounts/{account_id},4.294915
1779741795,2026-05-25T20:43:15,2026-05-26 02:43:15,/accounts/{account_id},4.261017
1779741810,2026-05-25T20:43:30,2026-05-26 02:43:30,/accounts/{account_id},4.267797
1779741825,2026-05-25T20:43:45,2026-05-26 02:43:45,/accounts/{account_id},4.227119
1779741840,2026-05-25T20:44:00,2026-05-26 02:44:00,/accounts/{account_id},4.240678
1779741855,2026-05-25T20:44:15,2026-05-26 02:44:15,/accounts/{account_id},4.274576
1779741870,2026-05-25T20:44:30,2026-05-26 02:44:30,/accounts/{account_id},4.281356
1779741885,2026-05-25T20:44:45,2026-05-26 02:44:45,/accounts/{account_id},4.223729
1779741900,2026-05-25T20:45:00,2026-05-26 02:45:00,/accounts/{account_id},4.271186
1779741915,2026-05-25T20:45:15,2026-05-26 02:45:15,/accounts/{account_id},4.169492
1779741930,2026-05-25T20:45:30,2026-05-26 02:45:30,/accounts/{account_id},4.061017
1779741945,2026-05-25T20:45:45,2026-05-26 02:45:45,/accounts/{account_id},3.99322
1779741960,2026-05-25T20:46:00,2026-05-26 02:46:00,/accounts/{account_id},3.969492
1779741975,2026-05-25T20:46:15,2026-05-26 02:46:15,/accounts/{account_id},3.969492
1779741990,2026-05-25T20:46:30,2026-05-26 02:46:30,/accounts/{account_id},3.908475
1779742005,2026-05-25T20:46:45,2026-05-26 02:46:45,/accounts/{account_id},3.952542
1779742020,2026-05-25T20:47:00,2026-05-26 02:47:00,/accounts/{account_id},3.945763
1779742035,2026-05-25T20:47:15,2026-05-26 02:47:15,/accounts/{account_id},3.972881
1779742050,2026-05-25T20:47:30,2026-05-26 02:47:30,/accounts/{account_id},3.969492
1779742065,2026-05-25T20:47:45,2026-05-26 02:47:45,/accounts/{account_id},3.983051
1779742080,2026-05-25T20:48:00,2026-05-26 02:48:00,/accounts/{account_id},4.044068
1779742095,2026-05-25T20:48:15,2026-05-26 02:48:15,/accounts/{account_id},4.098305
1779742110,2026-05-25T20:48:30,2026-05-26 02:48:30,/accounts/{account_id},4.115254
1779742125,2026-05-25T20:48:45,2026-05-26 02:48:45,/accounts/{account_id},4.054237
1779742140,2026-05-25T20:49:00,2026-05-26 02:49:00,/accounts/{account_id},4.023729
1779742155,2026-05-25T20:49:15,2026-05-26 02:49:15,/accounts/{account_id},4.054237
1779742170,2026-05-25T20:49:30,2026-05-26 02:49:30,/accounts/{account_id},4.044068
1779742185,2026-05-25T20:49:45,2026-05-26 02:49:45,/accounts/{account_id},3.986441
1779742200,2026-05-25T20:50:00,2026-05-26 02:50:00,/accounts/{account_id},3.99322
1779742215,2026-05-25T20:50:15,2026-05-26 02:50:15,/accounts/{account_id},4.00339
1779742230,2026-05-25T20:50:30,2026-05-26 02:50:30,/accounts/{account_id},4.064407
1779742245,2026-05-25T20:50:45,2026-05-26 02:50:45,/accounts/{account_id},4.128814
1779742260,2026-05-25T20:51:00,2026-05-26 02:51:00,/accounts/{account_id},4.149153
1779742275,2026-05-25T20:51:15,2026-05-26 02:51:15,/accounts/{account_id},4.155932
1779742290,2026-05-25T20:51:30,2026-05-26 02:51:30,/accounts/{account_id},4.2
1779742305,2026-05-25T20:51:45,2026-05-26 02:51:45,/accounts/{account_id},4.274576
1779742320,2026-05-25T20:52:00,2026-05-26 02:52:00,/accounts/{account_id},4.179661
1779742335,2026-05-25T20:52:15,2026-05-26 02:52:15,/accounts/{account_id},4.179661
1779742350,2026-05-25T20:52:30,2026-05-26 02:52:30,/accounts/{account_id},4.233898
1779742365,2026-05-25T20:52:45,2026-05-26 02:52:45,/accounts/{account_id},4.152542
1779742380,2026-05-25T20:53:00,2026-05-26 02:53:00,/accounts/{account_id},4.010169
1779742395,2026-05-25T20:53:15,2026-05-26 02:53:15,/accounts/{account_id},3.989831
1779742410,2026-05-25T20:53:30,2026-05-26 02:53:30,/accounts/{account_id},4.067797
1779742425,2026-05-25T20:53:45,2026-05-26 02:53:45,/accounts/{account_id},4.074576
1779742440,2026-05-25T20:54:00,2026-05-26 02:54:00,/accounts/{account_id},4.088136
1779742455,2026-05-25T20:54:15,2026-05-26 02:54:15,/accounts/{account_id},4.077966
1779742470,2026-05-25T20:54:30,2026-05-26 02:54:30,/accounts/{account_id},4.091525
1779742485,2026-05-25T20:54:45,2026-05-26 02:54:45,/accounts/{account_id},4.098305
1779742500,2026-05-25T20:55:00,2026-05-26 02:55:00,/accounts/{account_id},4.155932
1779742515,2026-05-25T20:55:15,2026-05-26 02:55:15,/accounts/{account_id},4.115254
1779742530,2026-05-25T20:55:30,2026-05-26 02:55:30,/accounts/{account_id},4.064407
1779742545,2026-05-25T20:55:45,2026-05-26 02:55:45,/accounts/{account_id},4.074576
1779742560,2026-05-25T20:56:00,2026-05-26 02:56:00,/accounts/{account_id},4.050847
1779742575,2026-05-25T20:56:15,2026-05-26 02:56:15,/accounts/{account_id},4.00339
1779742590,2026-05-25T20:56:30,2026-05-26 02:56:30,/accounts/{account_id},3.877966
1779742605,2026-05-25T20:56:45,2026-05-26 02:56:45,/accounts/{account_id},3.932203
1779742620,2026-05-25T20:57:00,2026-05-26 02:57:00,/accounts/{account_id},4.020339
1779742635,2026-05-25T20:57:15,2026-05-26 02:57:15,/accounts/{account_id},4.057627
1779742650,2026-05-25T20:57:30,2026-05-26 02:57:30,/accounts/{account_id},4.027119
1779742665,2026-05-25T20:57:45,2026-05-26 02:57:45,/accounts/{account_id},4.122034
1779742680,2026-05-25T20:58:00,2026-05-26 02:58:00,/accounts/{account_id},4.152542
1779742695,2026-05-25T20:58:15,2026-05-26 02:58:15,/accounts/{account_id},4.186441
1779742710,2026-05-25T20:58:30,2026-05-26 02:58:30,/accounts/{account_id},4.135593
1779742725,2026-05-25T20:58:45,2026-05-26 02:58:45,/accounts/{account_id},4.111864
1779742740,2026-05-25T20:59:00,2026-05-26 02:59:00,/accounts/{account_id},4.145763
1779742755,2026-05-25T20:59:15,2026-05-26 02:59:15,/accounts/{account_id},4.152542
1779742770,2026-05-25T20:59:30,2026-05-26 02:59:30,/accounts/{account_id},4.227119
1779742785,2026-05-25T20:59:45,2026-05-26 02:59:45,/accounts/{account_id},4.233898
1779742800,2026-05-25T21:00:00,2026-05-26 03:00:00,/accounts/{account_id},4.183051
1779742815,2026-05-25T21:00:15,2026-05-26 03:00:15,/accounts/{account_id},4.220339
1779742830,2026-05-25T21:00:30,2026-05-26 03:00:30,/accounts/{account_id},4.216949
1779742845,2026-05-25T21:00:45,2026-05-26 03:00:45,/accounts/{account_id},4.176271
1779742860,2026-05-25T21:01:00,2026-05-26 03:01:00,/accounts/{account_id},4.166102
1779742875,2026-05-25T21:01:15,2026-05-26 03:01:15,/accounts/{account_id},4.094915
1779742890,2026-05-25T21:01:30,2026-05-26 03:01:30,/accounts/{account_id},4.098305
1779742905,2026-05-25T21:01:45,2026-05-26 03:01:45,/accounts/{account_id},4.061017
1779742920,2026-05-25T21:02:00,2026-05-26 03:02:00,/accounts/{account_id},4.057627
1779742935,2026-05-25T21:02:15,2026-05-26 03:02:15,/accounts/{account_id},4.030508
1779742950,2026-05-25T21:02:30,2026-05-26 03:02:30,/accounts/{account_id},4.013559
1779742965,2026-05-25T21:02:45,2026-05-26 03:02:45,/accounts/{account_id},4.016949
1779742980,2026-05-25T21:03:00,2026-05-26 03:03:00,/accounts/{account_id},4.061017
1779742995,2026-05-25T21:03:15,2026-05-26 03:03:15,/accounts/{account_id},4.00678
1779743010,2026-05-25T21:03:30,2026-05-26 03:03:30,/accounts/{account_id},3.983051
1779743025,2026-05-25T21:03:45,2026-05-26 03:03:45,/accounts/{account_id},3.955932
1779743040,2026-05-25T21:04:00,2026-05-26 03:04:00,/accounts/{account_id},3.945763
1779743055,2026-05-25T21:04:15,2026-05-26 03:04:15,/accounts/{account_id},3.911864
1779743070,2026-05-25T21:04:30,2026-05-26 03:04:30,/accounts/{account_id},3.884746
1779743085,2026-05-25T21:04:45,2026-05-26 03:04:45,/accounts/{account_id},3.938983
1779743100,2026-05-25T21:05:00,2026-05-26 03:05:00,/accounts/{account_id},3.976271
1779743115,2026-05-25T21:05:15,2026-05-26 03:05:15,/accounts/{account_id},3.935593
1779743130,2026-05-25T21:05:30,2026-05-26 03:05:30,/accounts/{account_id},3.986441
1779743145,2026-05-25T21:05:45,2026-05-26 03:05:45,/accounts/{account_id},3.932203
1779743160,2026-05-25T21:06:00,2026-05-26 03:06:00,/accounts/{account_id},4.016949
1779743175,2026-05-25T21:06:15,2026-05-26 03:06:15,/accounts/{account_id},4.044068
1779743190,2026-05-25T21:06:30,2026-05-26 03:06:30,/accounts/{account_id},4.105085
1779743205,2026-05-25T21:06:45,2026-05-26 03:06:45,/accounts/{account_id},4.040678
1779743220,2026-05-25T21:07:00,2026-05-26 03:07:00,/accounts/{account_id},4.094915
1779743235,2026-05-25T21:07:15,2026-05-26 03:07:15,/accounts/{account_id},4.098305
1779743250,2026-05-25T21:07:30,2026-05-26 03:07:30,/accounts/{account_id},4.013559
1779743265,2026-05-25T21:07:45,2026-05-26 03:07:45,/accounts/{account_id},3.966102
1779743280,2026-05-25T21:08:00,2026-05-26 03:08:00,/accounts/{account_id},3.989831
1779743295,2026-05-25T21:08:15,2026-05-26 03:08:15,/accounts/{account_id},4.023729
1779743310,2026-05-25T21:08:30,2026-05-26 03:08:30,/accounts/{account_id},4.091525
1779743325,2026-05-25T21:08:45,2026-05-26 03:08:45,/accounts/{account_id},4.061017
1779743340,2026-05-25T21:09:00,2026-05-26 03:09:00,/accounts/{account_id},4.084746
1779743355,2026-05-25T21:09:15,2026-05-26 03:09:15,/accounts/{account_id},4.118644
1779743370,2026-05-25T21:09:30,2026-05-26 03:09:30,/accounts/{account_id},3.972881
1779743385,2026-05-25T21:09:45,2026-05-26 03:09:45,/accounts/{account_id},3.935593
1779743400,2026-05-25T21:10:00,2026-05-26 03:10:00,/accounts/{account_id},4.044068
1779743415,2026-05-25T21:10:15,2026-05-26 03:10:15,/accounts/{account_id},4.023729
1779743430,2026-05-25T21:10:30,2026-05-26 03:10:30,/accounts/{account_id},4.00678
1779743445,2026-05-25T21:10:45,2026-05-26 03:10:45,/accounts/{account_id},4.020339
1779743460,2026-05-25T21:11:00,2026-05-26 03:11:00,/accounts/{account_id},4.054237
1779743475,2026-05-25T21:11:15,2026-05-26 03:11:15,/accounts/{account_id},4.033898
1779743490,2026-05-25T21:11:30,2026-05-26 03:11:30,/accounts/{account_id},4.020339
1779743505,2026-05-25T21:11:45,2026-05-26 03:11:45,/accounts/{account_id},3.983051
1779743520,2026-05-25T21:12:00,2026-05-26 03:12:00,/accounts/{account_id},3.938983
1779743535,2026-05-25T21:12:15,2026-05-26 03:12:15,/accounts/{account_id},3.891525
1779743550,2026-05-25T21:12:30,2026-05-26 03:12:30,/accounts/{account_id},3.861017
1779743565,2026-05-25T21:12:45,2026-05-26 03:12:45,/accounts/{account_id},3.810169
1779743580,2026-05-25T21:13:00,2026-05-26 03:13:00,/accounts/{account_id},3.80678
1779743595,2026-05-25T21:13:15,2026-05-26 03:13:15,/accounts/{account_id},3.813559
1779743610,2026-05-25T21:13:30,2026-05-26 03:13:30,/accounts/{account_id},3.779661
1779743625,2026-05-25T21:13:45,2026-05-26 03:13:45,/accounts/{account_id},3.80678
1779743640,2026-05-25T21:14:00,2026-05-26 03:14:00,/accounts/{account_id},3.884746
1779743655,2026-05-25T21:14:15,2026-05-26 03:14:15,/accounts/{account_id},3.908475
1779743670,2026-05-25T21:14:30,2026-05-26 03:14:30,/accounts/{account_id},3.928814
1779743685,2026-05-25T21:14:45,2026-05-26 03:14:45,/accounts/{account_id},3.955932
1779743700,2026-05-25T21:15:00,2026-05-26 03:15:00,/accounts/{account_id},3.816949
1779743715,2026-05-25T21:15:15,2026-05-26 03:15:15,/accounts/{account_id},3.850847
1779743730,2026-05-25T21:15:30,2026-05-26 03:15:30,/accounts/{account_id},3.810169
1779743745,2026-05-25T21:15:45,2026-05-26 03:15:45,/accounts/{account_id},3.79661
1779743760,2026-05-25T21:16:00,2026-05-26 03:16:00,/accounts/{account_id},3.749153
1779743775,2026-05-25T21:16:15,2026-05-26 03:16:15,/accounts/{account_id},3.776271
1779743790,2026-05-25T21:16:30,2026-05-26 03:16:30,/accounts/{account_id},3.80678
1779743805,2026-05-25T21:16:45,2026-05-26 03:16:45,/accounts/{account_id},3.820339
1779743820,2026-05-25T21:17:00,2026-05-26 03:17:00,/accounts/{account_id},3.827119
1779743835,2026-05-25T21:17:15,2026-05-26 03:17:15,/accounts/{account_id},3.962712
1779743850,2026-05-25T21:17:30,2026-05-26 03:17:30,/accounts/{account_id},4.033898
1779743865,2026-05-25T21:17:45,2026-05-26 03:17:45,/accounts/{account_id},4.091525
1779743880,2026-05-25T21:18:00,2026-05-26 03:18:00,/accounts/{account_id},4.149153
1779743895,2026-05-25T21:18:15,2026-05-26 03:18:15,/accounts/{account_id},4.155932
1779743910,2026-05-25T21:18:30,2026-05-26 03:18:30,/accounts/{account_id},4.216949
1779743925,2026-05-25T21:18:45,2026-05-26 03:18:45,/accounts/{account_id},4.149153
1779743940,2026-05-25T21:19:00,2026-05-26 03:19:00,/accounts/{account_id},4.071186
1779743955,2026-05-25T21:19:15,2026-05-26 03:19:15,/accounts/{account_id},4.064407
1779743970,2026-05-25T21:19:30,2026-05-26 03:19:30,/accounts/{account_id},4.091525
1779743985,2026-05-25T21:19:45,2026-05-26 03:19:45,/accounts/{account_id},4.040678
1779744000,2026-05-25T21:20:00,2026-05-26 03:20:00,/accounts/{account_id},4.108475
1779744015,2026-05-25T21:20:15,2026-05-26 03:20:15,/accounts/{account_id},4.067797
1779744030,2026-05-25T21:20:30,2026-05-26 03:20:30,/accounts/{account_id},3.99322
1779744045,2026-05-25T21:20:45,2026-05-26 03:20:45,/accounts/{account_id},3.99661
1779744060,2026-05-25T21:21:00,2026-05-26 03:21:00,/accounts/{account_id},3.976271
1779744075,2026-05-25T21:21:15,2026-05-26 03:21:15,/accounts/{account_id},4.033898
1779744090,2026-05-25T21:21:30,2026-05-26 03:21:30,/accounts/{account_id},4.0
1779744105,2026-05-25T21:21:45,2026-05-26 03:21:45,/accounts/{account_id},4.027119
1779744120,2026-05-25T21:22:00,2026-05-26 03:22:00,/accounts/{account_id},4.050847
1779744135,2026-05-25T21:22:15,2026-05-26 03:22:15,/accounts/{account_id},3.942373
1779744150,2026-05-25T21:22:30,2026-05-26 03:22:30,/accounts/{account_id},3.962712
1779744165,2026-05-25T21:22:45,2026-05-26 03:22:45,/accounts/{account_id},3.850847
1779744180,2026-05-25T21:23:00,2026-05-26 03:23:00,/accounts/{account_id},3.833898
1779744195,2026-05-25T21:23:15,2026-05-26 03:23:15,/accounts/{account_id},3.823729
1779744210,2026-05-25T21:23:30,2026-05-26 03:23:30,/accounts/{account_id},3.80339
1779744225,2026-05-25T21:23:45,2026-05-26 03:23:45,/accounts/{account_id},3.823729
1779744240,2026-05-25T21:24:00,2026-05-26 03:24:00,/accounts/{account_id},3.816949
1779744255,2026-05-25T21:24:15,2026-05-26 03:24:15,/accounts/{account_id},3.935593
1779744270,2026-05-25T21:24:30,2026-05-26 03:24:30,/accounts/{account_id},3.942373
1779744285,2026-05-25T21:24:45,2026-05-26 03:24:45,/accounts/{account_id},3.986441
1779744300,2026-05-25T21:25:00,2026-05-26 03:25:00,/accounts/{account_id},3.945763
1779744315,2026-05-25T21:25:15,2026-05-26 03:25:15,/accounts/{account_id},3.979661
1779744330,2026-05-25T21:25:30,2026-05-26 03:25:30,/accounts/{account_id},4.00678
1779744345,2026-05-25T21:25:45,2026-05-26 03:25:45,/accounts/{account_id},3.935593
1779744360,2026-05-25T21:26:00,2026-05-26 03:26:00,/accounts/{account_id},4.033898
1779744375,2026-05-25T21:26:15,2026-05-26 03:26:15,/accounts/{account_id},4.057627
1779744390,2026-05-25T21:26:30,2026-05-26 03:26:30,/accounts/{account_id},4.00678
1779744405,2026-05-25T21:26:45,2026-05-26 03:26:45,/accounts/{account_id},4.013559
1779744420,2026-05-25T21:27:00,2026-05-26 03:27:00,/accounts/{account_id},3.962712
1779744435,2026-05-25T21:27:15,2026-05-26 03:27:15,/accounts/{account_id},4.00339
1779744450,2026-05-25T21:27:30,2026-05-26 03:27:30,/accounts/{account_id},4.00678
1779744465,2026-05-25T21:27:45,2026-05-26 03:27:45,/accounts/{account_id},3.962712
1779744480,2026-05-25T21:28:00,2026-05-26 03:28:00,/accounts/{account_id},3.949153
1779744495,2026-05-25T21:28:15,2026-05-26 03:28:15,/accounts/{account_id},3.938983
1779744510,2026-05-25T21:28:30,2026-05-26 03:28:30,/accounts/{account_id},3.972881
1779744525,2026-05-25T21:28:45,2026-05-26 03:28:45,/accounts/{account_id},3.935593
1779744540,2026-05-25T21:29:00,2026-05-26 03:29:00,/accounts/{account_id},3.918644
1779744555,2026-05-25T21:29:15,2026-05-26 03:29:15,/accounts/{account_id},3.844068
1779744570,2026-05-25T21:29:30,2026-05-26 03:29:30,/accounts/{account_id},3.840678
1779744585,2026-05-25T21:29:45,2026-05-26 03:29:45,/accounts/{account_id},3.789831
1779744600,2026-05-25T21:30:00,2026-05-26 03:30:00,/accounts/{account_id},3.823729
1779744615,2026-05-25T21:30:15,2026-05-26 03:30:15,/accounts/{account_id},3.813559
1779744630,2026-05-25T21:30:30,2026-05-26 03:30:30,/accounts/{account_id},3.847458
1779744645,2026-05-25T21:30:45,2026-05-26 03:30:45,/accounts/{account_id},3.881356
1779744660,2026-05-25T21:31:00,2026-05-26 03:31:00,/accounts/{account_id},3.877966
1779744675,2026-05-25T21:31:15,2026-05-26 03:31:15,/accounts/{account_id},3.888136
1779744690,2026-05-25T21:31:30,2026-05-26 03:31:30,/accounts/{account_id},3.898305
1779744705,2026-05-25T21:31:45,2026-05-26 03:31:45,/accounts/{account_id},3.901695
1779744720,2026-05-25T21:32:00,2026-05-26 03:32:00,/accounts/{account_id},3.969492
1779744735,2026-05-25T21:32:15,2026-05-26 03:32:15,/accounts/{account_id},3.935593
1779744750,2026-05-25T21:32:30,2026-05-26 03:32:30,/accounts/{account_id},3.898305
1779744765,2026-05-25T21:32:45,2026-05-26 03:32:45,/accounts/{account_id},3.901695
1779744780,2026-05-25T21:33:00,2026-05-26 03:33:00,/accounts/{account_id},3.949153
1779744795,2026-05-25T21:33:15,2026-05-26 03:33:15,/accounts/{account_id},3.945763
1779744810,2026-05-25T21:33:30,2026-05-26 03:33:30,/accounts/{account_id},3.938983
1779744825,2026-05-25T21:33:45,2026-05-26 03:33:45,/accounts/{account_id},3.932203
1779744840,2026-05-25T21:34:00,2026-05-26 03:34:00,/accounts/{account_id},4.040678
1779744855,2026-05-25T21:34:15,2026-05-26 03:34:15,/accounts/{account_id},4.101695
1779744870,2026-05-25T21:34:30,2026-05-26 03:34:30,/accounts/{account_id},4.230508
1779744885,2026-05-25T21:34:45,2026-05-26 03:34:45,/accounts/{account_id},4.240678
1779744900,2026-05-25T21:35:00,2026-05-26 03:35:00,/accounts/{account_id},4.352542
1779744915,2026-05-25T21:35:15,2026-05-26 03:35:15,/accounts/{account_id},4.294915
1779744930,2026-05-25T21:35:30,2026-05-26 03:35:30,/accounts/{account_id},4.311864
1779744945,2026-05-25T21:35:45,2026-05-26 03:35:45,/accounts/{account_id},4.315254
1779744960,2026-05-25T21:36:00,2026-05-26 03:36:00,/accounts/{account_id},4.291525
1779744975,2026-05-25T21:36:15,2026-05-26 03:36:15,/accounts/{account_id},4.332203
1779744990,2026-05-25T21:36:30,2026-05-26 03:36:30,/accounts/{account_id},4.39661
1779745005,2026-05-25T21:36:45,2026-05-26 03:36:45,/accounts/{account_id},4.420339
1779745020,2026-05-25T21:37:00,2026-05-26 03:37:00,/accounts/{account_id},4.423729
1779745035,2026-05-25T21:37:15,2026-05-26 03:37:15,/accounts/{account_id},4.505085
1779745050,2026-05-25T21:37:30,2026-05-26 03:37:30,/accounts/{account_id},4.559322
1779745065,2026-05-25T21:37:45,2026-05-26 03:37:45,/accounts/{account_id},4.711864
1779745080,2026-05-25T21:38:00,2026-05-26 03:38:00,/accounts/{account_id},4.752542
1779745095,2026-05-25T21:38:15,2026-05-26 03:38:15,/accounts/{account_id},4.759322
1779745110,2026-05-25T21:38:30,2026-05-26 03:38:30,/accounts/{account_id},4.925424
1779745125,2026-05-25T21:38:45,2026-05-26 03:38:45,/accounts/{account_id},4.949153
1779745140,2026-05-25T21:39:00,2026-05-26 03:39:00,/accounts/{account_id},4.986441
1779745155,2026-05-25T21:39:15,2026-05-26 03:39:15,/accounts/{account_id},4.952542
1779745170,2026-05-25T21:39:30,2026-05-26 03:39:30,/accounts/{account_id},4.945763
1779745185,2026-05-25T21:39:45,2026-05-26 03:39:45,/accounts/{account_id},5.047458
1779745200,2026-05-25T21:40:00,2026-05-26 03:40:00,/accounts/{account_id},5.071186
1779745215,2026-05-25T21:40:15,2026-05-26 03:40:15,/accounts/{account_id},5.122034
1779745230,2026-05-25T21:40:30,2026-05-26 03:40:30,/accounts/{account_id},5.189831
1779745245,2026-05-25T21:40:45,2026-05-26 03:40:45,/accounts/{account_id},5.230508
1779745260,2026-05-25T21:41:00,2026-05-26 03:41:00,/accounts/{account_id},5.322034
1779745275,2026-05-25T21:41:15,2026-05-26 03:41:15,/accounts/{account_id},5.383051
1779745290,2026-05-25T21:41:30,2026-05-26 03:41:30,/accounts/{account_id},5.471186
1779745305,2026-05-25T21:41:45,2026-05-26 03:41:45,/accounts/{account_id},5.437288
1779745320,2026-05-25T21:42:00,2026-05-26 03:42:00,/accounts/{account_id},5.494915
1779745335,2026-05-25T21:42:15,2026-05-26 03:42:15,/accounts/{account_id},5.444068
1779745350,2026-05-25T21:42:30,2026-05-26 03:42:30,/accounts/{account_id},5.366102
1779745365,2026-05-25T21:42:45,2026-05-26 03:42:45,/accounts/{account_id},5.305085
1779745380,2026-05-25T21:43:00,2026-05-26 03:43:00,/accounts/{account_id},5.301695
1779745395,2026-05-25T21:43:15,2026-05-26 03:43:15,/accounts/{account_id},5.274576
1779745410,2026-05-25T21:43:30,2026-05-26 03:43:30,/accounts/{account_id},5.20339
1779745425,2026-05-25T21:43:45,2026-05-26 03:43:45,/accounts/{account_id},5.305085
1779745440,2026-05-25T21:44:00,2026-05-26 03:44:00,/accounts/{account_id},5.308475
1779745455,2026-05-25T21:44:15,2026-05-26 03:44:15,/accounts/{account_id},5.366102
1779745470,2026-05-25T21:44:30,2026-05-26 03:44:30,/accounts/{account_id},5.369492
1779745485,2026-05-25T21:44:45,2026-05-26 03:44:45,/accounts/{account_id},5.315254
1779745500,2026-05-25T21:45:00,2026-05-26 03:45:00,/accounts/{account_id},5.318644
1779745515,2026-05-25T21:45:15,2026-05-26 03:45:15,/accounts/{account_id},5.318644
1779745530,2026-05-25T21:45:30,2026-05-26 03:45:30,/accounts/{account_id},5.311864
1779745545,2026-05-25T21:45:45,2026-05-26 03:45:45,/accounts/{account_id},5.322034
1779745560,2026-05-25T21:46:00,2026-05-26 03:46:00,/accounts/{account_id},5.230508
1779745575,2026-05-25T21:46:15,2026-05-26 03:46:15,/accounts/{account_id},5.19322
1779745590,2026-05-25T21:46:30,2026-05-26 03:46:30,/accounts/{account_id},5.162712
1779745605,2026-05-25T21:46:45,2026-05-26 03:46:45,/accounts/{account_id},5.074576
1779745620,2026-05-25T21:47:00,2026-05-26 03:47:00,/accounts/{account_id},5.105085
1779745635,2026-05-25T21:47:15,2026-05-26 03:47:15,/accounts/{account_id},5.128814
1779745650,2026-05-25T21:47:30,2026-05-26 03:47:30,/accounts/{account_id},5.145763
1779745665,2026-05-25T21:47:45,2026-05-26 03:47:45,/accounts/{account_id},5.166102
1779745680,2026-05-25T21:48:00,2026-05-26 03:48:00,/accounts/{account_id},5.186441
1779745695,2026-05-25T21:48:15,2026-05-26 03:48:15,/accounts/{account_id},5.257627
1779745710,2026-05-25T21:48:30,2026-05-26 03:48:30,/accounts/{account_id},5.155932
1779745725,2026-05-25T21:48:45,2026-05-26 03:48:45,/accounts/{account_id},5.064407
1779745740,2026-05-25T21:49:00,2026-05-26 03:49:00,/accounts/{account_id},4.962712
1779745755,2026-05-25T21:49:15,2026-05-26 03:49:15,/accounts/{account_id},4.935593
1779745770,2026-05-25T21:49:30,2026-05-26 03:49:30,/accounts/{account_id},4.915254
1779745785,2026-05-25T21:49:45,2026-05-26 03:49:45,/accounts/{account_id},4.884746
1779745800,2026-05-25T21:50:00,2026-05-26 03:50:00,/accounts/{account_id},4.891525
1779745815,2026-05-25T21:50:15,2026-05-26 03:50:15,/accounts/{account_id},4.861017
1779745830,2026-05-25T21:50:30,2026-05-26 03:50:30,/accounts/{account_id},4.847458
1779745845,2026-05-25T21:50:45,2026-05-26 03:50:45,/accounts/{account_id},4.945763
1779745860,2026-05-25T21:51:00,2026-05-26 03:51:00,/accounts/{account_id},4.983051
1779745875,2026-05-25T21:51:15,2026-05-26 03:51:15,/accounts/{account_id},4.983051
1779745890,2026-05-25T21:51:30,2026-05-26 03:51:30,/accounts/{account_id},4.966102
1779745905,2026-05-25T21:51:45,2026-05-26 03:51:45,/accounts/{account_id},5.013559
1779745920,2026-05-25T21:52:00,2026-05-26 03:52:00,/accounts/{account_id},4.99661
1779745935,2026-05-25T21:52:15,2026-05-26 03:52:15,/accounts/{account_id},4.972881
1779745950,2026-05-25T21:52:30,2026-05-26 03:52:30,/accounts/{account_id},4.979661
1779745965,2026-05-25T21:52:45,2026-05-26 03:52:45,/accounts/{account_id},4.962712
1779745980,2026-05-25T21:53:00,2026-05-26 03:53:00,/accounts/{account_id},4.925424
1779745995,2026-05-25T21:53:15,2026-05-26 03:53:15,/accounts/{account_id},4.827119
1779746010,2026-05-25T21:53:30,2026-05-26 03:53:30,/accounts/{account_id},4.857627
1779746025,2026-05-25T21:53:45,2026-05-26 03:53:45,/accounts/{account_id},4.925424
1779746040,2026-05-25T21:54:00,2026-05-26 03:54:00,/accounts/{account_id},4.932203
1779746055,2026-05-25T21:54:15,2026-05-26 03:54:15,/accounts/{account_id},4.952542
1779746070,2026-05-25T21:54:30,2026-05-26 03:54:30,/accounts/{account_id},5.071186
1779746085,2026-05-25T21:54:45,2026-05-26 03:54:45,/accounts/{account_id},5.010169
1779746100,2026-05-25T21:55:00,2026-05-26 03:55:00,/accounts/{account_id},5.057627
1779746115,2026-05-25T21:55:15,2026-05-26 03:55:15,/accounts/{account_id},5.111864
1779746130,2026-05-25T21:55:30,2026-05-26 03:55:30,/accounts/{account_id},5.027119
1779746145,2026-05-25T21:55:45,2026-05-26 03:55:45,/accounts/{account_id},4.972881
1779746160,2026-05-25T21:56:00,2026-05-26 03:56:00,/accounts/{account_id},4.905085
1779746175,2026-05-25T21:56:15,2026-05-26 03:56:15,/accounts/{account_id},4.877966
1779746190,2026-05-25T21:56:30,2026-05-26 03:56:30,/accounts/{account_id},4.857627
1779746205,2026-05-25T21:56:45,2026-05-26 03:56:45,/accounts/{account_id},4.871186
1779746220,2026-05-25T21:57:00,2026-05-26 03:57:00,/accounts/{account_id},4.915254
1779746235,2026-05-25T21:57:15,2026-05-26 03:57:15,/accounts/{account_id},4.972881
1779746250,2026-05-25T21:57:30,2026-05-26 03:57:30,/accounts/{account_id},4.959322
1779746265,2026-05-25T21:57:45,2026-05-26 03:57:45,/accounts/{account_id},4.942373
1779746280,2026-05-25T21:58:00,2026-05-26 03:58:00,/accounts/{account_id},4.99661
1779746295,2026-05-25T21:58:15,2026-05-26 03:58:15,/accounts/{account_id},5.064407
1779746310,2026-05-25T21:58:30,2026-05-26 03:58:30,/accounts/{account_id},5.125424
1779746325,2026-05-25T21:58:45,2026-05-26 03:58:45,/accounts/{account_id},5.105085
1779746340,2026-05-25T21:59:00,2026-05-26 03:59:00,/accounts/{account_id},5.00678
1779746355,2026-05-25T21:59:15,2026-05-26 03:59:15,/accounts/{account_id},4.867797
1779746370,2026-05-25T21:59:30,2026-05-26 03:59:30,/accounts/{account_id},4.711864
1779746385,2026-05-25T21:59:45,2026-05-26 03:59:45,/accounts/{account_id},4.735593
1779746400,2026-05-25T22:00:00,2026-05-26 04:00:00,/accounts/{account_id},4.694915
1779746415,2026-05-25T22:00:15,2026-05-26 04:00:15,/accounts/{account_id},4.705085
1779746430,2026-05-25T22:00:30,2026-05-26 04:00:30,/accounts/{account_id},4.654237
1779746445,2026-05-25T22:00:45,2026-05-26 04:00:45,/accounts/{account_id},4.633898
1779746460,2026-05-25T22:01:00,2026-05-26 04:01:00,/accounts/{account_id},4.566102
1779746475,2026-05-25T22:01:15,2026-05-26 04:01:15,/accounts/{account_id},4.579661
1779746490,2026-05-25T22:01:30,2026-05-26 04:01:30,/accounts/{account_id},4.559322
1779746505,2026-05-25T22:01:45,2026-05-26 04:01:45,/accounts/{account_id},4.508475
1779746520,2026-05-25T22:02:00,2026-05-26 04:02:00,/accounts/{account_id},4.433898
1779746535,2026-05-25T22:02:15,2026-05-26 04:02:15,/accounts/{account_id},4.366102
1779746550,2026-05-25T22:02:30,2026-05-26 04:02:30,/accounts/{account_id},4.322034
1779746565,2026-05-25T22:02:45,2026-05-26 04:02:45,/accounts/{account_id},4.311864
1779746580,2026-05-25T22:03:00,2026-05-26 04:03:00,/accounts/{account_id},4.267797
1779746595,2026-05-25T22:03:15,2026-05-26 04:03:15,/accounts/{account_id},4.142373
1779746610,2026-05-25T22:03:30,2026-05-26 04:03:30,/accounts/{account_id},4.047458
1779746625,2026-05-25T22:03:45,2026-05-26 04:03:45,/accounts/{account_id},4.00678
1779746640,2026-05-25T22:04:00,2026-05-26 04:04:00,/accounts/{account_id},3.949153
1779746655,2026-05-25T22:04:15,2026-05-26 04:04:15,/accounts/{account_id},4.047458
1779746670,2026-05-25T22:04:30,2026-05-26 04:04:30,/accounts/{account_id},4.064407
1779746685,2026-05-25T22:04:45,2026-05-26 04:04:45,/accounts/{account_id},3.99322
1779746700,2026-05-25T22:05:00,2026-05-26 04:05:00,/accounts/{account_id},4.027119
1779746715,2026-05-25T22:05:15,2026-05-26 04:05:15,/accounts/{account_id},4.030508
1779746730,2026-05-25T22:05:30,2026-05-26 04:05:30,/accounts/{account_id},4.071186
1779746745,2026-05-25T22:05:45,2026-05-26 04:05:45,/accounts/{account_id},4.0
1779746760,2026-05-25T22:06:00,2026-05-26 04:06:00,/accounts/{account_id},3.976271
1779746775,2026-05-25T22:06:15,2026-05-26 04:06:15,/accounts/{account_id},3.918644
1779746790,2026-05-25T22:06:30,2026-05-26 04:06:30,/accounts/{account_id},3.959322
1779746805,2026-05-25T22:06:45,2026-05-26 04:06:45,/accounts/{account_id},3.918644
1779746820,2026-05-25T22:07:00,2026-05-26 04:07:00,/accounts/{account_id},3.922034
1779746835,2026-05-25T22:07:15,2026-05-26 04:07:15,/accounts/{account_id},4.030508
1779746850,2026-05-25T22:07:30,2026-05-26 04:07:30,/accounts/{account_id},4.132203
1779746865,2026-05-25T22:07:45,2026-05-26 04:07:45,/accounts/{account_id},4.135593
1779746880,2026-05-25T22:08:00,2026-05-26 04:08:00,/accounts/{account_id},4.128814
1779746895,2026-05-25T22:08:15,2026-05-26 04:08:15,/accounts/{account_id},4.159322
1779746910,2026-05-25T22:08:30,2026-05-26 04:08:30,/accounts/{account_id},4.233898
1779746925,2026-05-25T22:08:45,2026-05-26 04:08:45,/accounts/{account_id},4.369492
1779746940,2026-05-25T22:09:00,2026-05-26 04:09:00,/accounts/{account_id},4.498305
1779746955,2026-05-25T22:09:15,2026-05-26 04:09:15,/accounts/{account_id},4.433898
1779746970,2026-05-25T22:09:30,2026-05-26 04:09:30,/accounts/{account_id},4.420339
1779746985,2026-05-25T22:09:45,2026-05-26 04:09:45,/accounts/{account_id},4.386441
1779747000,2026-05-25T22:10:00,2026-05-26 04:10:00,/accounts/{account_id},4.308475
1779747015,2026-05-25T22:10:15,2026-05-26 04:10:15,/accounts/{account_id},4.254237
1779747030,2026-05-25T22:10:30,2026-05-26 04:10:30,/accounts/{account_id},4.216949
1779747045,2026-05-25T22:10:45,2026-05-26 04:10:45,/accounts/{account_id},4.189831
1779747060,2026-05-25T22:11:00,2026-05-26 04:11:00,/accounts/{account_id},4.247458
1779747075,2026-05-25T22:11:15,2026-05-26 04:11:15,/accounts/{account_id},4.261017
1779747090,2026-05-25T22:11:30,2026-05-26 04:11:30,/accounts/{account_id},4.298305
1779747105,2026-05-25T22:11:45,2026-05-26 04:11:45,/accounts/{account_id},4.257627
1779747120,2026-05-25T22:12:00,2026-05-26 04:12:00,/accounts/{account_id},4.138983
1779747135,2026-05-25T22:12:15,2026-05-26 04:12:15,/accounts/{account_id},4.044068
1779747150,2026-05-25T22:12:30,2026-05-26 04:12:30,/accounts/{account_id},3.962712
1779747165,2026-05-25T22:12:45,2026-05-26 04:12:45,/accounts/{account_id},4.027119
1779747180,2026-05-25T22:13:00,2026-05-26 04:13:00,/accounts/{account_id},4.047458
1779747195,2026-05-25T22:13:15,2026-05-26 04:13:15,/accounts/{account_id},4.071186
1779747210,2026-05-25T22:13:30,2026-05-26 04:13:30,/accounts/{account_id},3.942373
1779747225,2026-05-25T22:13:45,2026-05-26 04:13:45,/accounts/{account_id},3.840678
1779747240,2026-05-25T22:14:00,2026-05-26 04:14:00,/accounts/{account_id},3.752542
1779747255,2026-05-25T22:14:15,2026-05-26 04:14:15,/accounts/{account_id},3.759322
1779747270,2026-05-25T22:14:30,2026-05-26 04:14:30,/accounts/{account_id},3.772881
1779747285,2026-05-25T22:14:45,2026-05-26 04:14:45,/accounts/{account_id},3.816949
1779747300,2026-05-25T22:15:00,2026-05-26 04:15:00,/accounts/{account_id},3.857627
1779747315,2026-05-25T22:15:15,2026-05-26 04:15:15,/accounts/{account_id},3.969492
1779747330,2026-05-25T22:15:30,2026-05-26 04:15:30,/accounts/{account_id},4.067797
1779747345,2026-05-25T22:15:45,2026-05-26 04:15:45,/accounts/{account_id},4.125424
1779747360,2026-05-25T22:16:00,2026-05-26 04:16:00,/accounts/{account_id},4.284746
1779747375,2026-05-25T22:16:15,2026-05-26 04:16:15,/accounts/{account_id},4.318644
1779747390,2026-05-25T22:16:30,2026-05-26 04:16:30,/accounts/{account_id},4.308475
1779747405,2026-05-25T22:16:45,2026-05-26 04:16:45,/accounts/{account_id},4.423729
1779747420,2026-05-25T22:17:00,2026-05-26 04:17:00,/accounts/{account_id},4.60339
1779747435,2026-05-25T22:17:15,2026-05-26 04:17:15,/accounts/{account_id},4.725424
1779747450,2026-05-25T22:17:30,2026-05-26 04:17:30,/accounts/{account_id},4.830508
1779747465,2026-05-25T22:17:45,2026-05-26 04:17:45,/accounts/{account_id},4.816949
1779747480,2026-05-25T22:18:00,2026-05-26 04:18:00,/accounts/{account_id},4.962712
1779747495,2026-05-25T22:18:15,2026-05-26 04:18:15,/accounts/{account_id},5.020339
1779747510,2026-05-25T22:18:30,2026-05-26 04:18:30,/accounts/{account_id},5.071186
1779747525,2026-05-25T22:18:45,2026-05-26 04:18:45,/accounts/{account_id},5.189831
1779747540,2026-05-25T22:19:00,2026-05-26 04:19:00,/accounts/{account_id},5.264407
1779747555,2026-05-25T22:19:15,2026-05-26 04:19:15,/accounts/{account_id},5.342373
1779747570,2026-05-25T22:19:30,2026-05-26 04:19:30,/accounts/{account_id},5.447458
1779747585,2026-05-25T22:19:45,2026-05-26 04:19:45,/accounts/{account_id},5.542373
1779747600,2026-05-25T22:20:00,2026-05-26 04:20:00,/accounts/{account_id},5.633898
1779747615,2026-05-25T22:20:15,2026-05-26 04:20:15,/accounts/{account_id},5.576271
1779747630,2026-05-25T22:20:30,2026-05-26 04:20:30,/accounts/{account_id},5.572881
1779747645,2026-05-25T22:20:45,2026-05-26 04:20:45,/accounts/{account_id},5.515254
1779747660,2026-05-25T22:21:00,2026-05-26 04:21:00,/accounts/{account_id},5.447458
1779747675,2026-05-25T22:21:15,2026-05-26 04:21:15,/accounts/{account_id},5.335593
1779747690,2026-05-25T22:21:30,2026-05-26 04:21:30,/accounts/{account_id},5.288136
1779747705,2026-05-25T22:21:45,2026-05-26 04:21:45,/accounts/{account_id},5.250847
1779747720,2026-05-25T22:22:00,2026-05-26 04:22:00,/accounts/{account_id},5.108475
1779747735,2026-05-25T22:22:15,2026-05-26 04:22:15,/accounts/{account_id},5.023729
1779747750,2026-05-25T22:22:30,2026-05-26 04:22:30,/accounts/{account_id},4.894915
1779747765,2026-05-25T22:22:45,2026-05-26 04:22:45,/accounts/{account_id},4.813559
1779747780,2026-05-25T22:23:00,2026-05-26 04:23:00,/accounts/{account_id},4.732203
1779747795,2026-05-25T22:23:15,2026-05-26 04:23:15,/accounts/{account_id},4.664407
1779747810,2026-05-25T22:23:30,2026-05-26 04:23:30,/accounts/{account_id},4.552542
1779747825,2026-05-25T22:23:45,2026-05-26 04:23:45,/accounts/{account_id},4.477966
1779747840,2026-05-25T22:24:00,2026-05-26 04:24:00,/accounts/{account_id},4.389831
1779747855,2026-05-25T22:24:15,2026-05-26 04:24:15,/accounts/{account_id},4.301695
1779747870,2026-05-25T22:24:30,2026-05-26 04:24:30,/accounts/{account_id},4.128814
1779747885,2026-05-25T22:24:45,2026-05-26 04:24:45,/accounts/{account_id},4.0
1779747900,2026-05-25T22:25:00,2026-05-26 04:25:00,/accounts/{account_id},3.949153
1779747915,2026-05-25T22:25:15,2026-05-26 04:25:15,/accounts/{account_id},3.884746
1779747930,2026-05-25T22:25:30,2026-05-26 04:25:30,/accounts/{account_id},3.871186
1779747945,2026-05-25T22:25:45,2026-05-26 04:25:45,/accounts/{account_id},3.955932
1779747960,2026-05-25T22:26:00,2026-05-26 04:26:00,/accounts/{account_id},3.969492
1779747975,2026-05-25T22:26:15,2026-05-26 04:26:15,/accounts/{account_id},4.037288
1779747990,2026-05-25T22:26:30,2026-05-26 04:26:30,/accounts/{account_id},4.023729
1779748005,2026-05-25T22:26:45,2026-05-26 04:26:45,/accounts/{account_id},3.986441
1779748020,2026-05-25T22:27:00,2026-05-26 04:27:00,/accounts/{account_id},4.050847
1779748035,2026-05-25T22:27:15,2026-05-26 04:27:15,/accounts/{account_id},3.969492
1779748050,2026-05-25T22:27:30,2026-05-26 04:27:30,/accounts/{account_id},4.020339
1779748065,2026-05-25T22:27:45,2026-05-26 04:27:45,/accounts/{account_id},4.020339
1779748080,2026-05-25T22:28:00,2026-05-26 04:28:00,/accounts/{account_id},4.064407
1779748095,2026-05-25T22:28:15,2026-05-26 04:28:15,/accounts/{account_id},4.030508
1779748110,2026-05-25T22:28:30,2026-05-26 04:28:30,/accounts/{account_id},4.047458
1779748125,2026-05-25T22:28:45,2026-05-26 04:28:45,/accounts/{account_id},4.118644
1779748140,2026-05-25T22:29:00,2026-05-26 04:29:00,/accounts/{account_id},4.061017
1779748155,2026-05-25T22:29:15,2026-05-26 04:29:15,/accounts/{account_id},4.037288
1779748170,2026-05-25T22:29:30,2026-05-26 04:29:30,/accounts/{account_id},4.132203
1779748185,2026-05-25T22:29:45,2026-05-26 04:29:45,/accounts/{account_id},4.125424
1779748200,2026-05-25T22:30:00,2026-05-26 04:30:00,/accounts/{account_id},4.166102
1779748215,2026-05-25T22:30:15,2026-05-26 04:30:15,/accounts/{account_id},4.189831
1779748230,2026-05-25T22:30:30,2026-05-26 04:30:30,/accounts/{account_id},4.19322
1779748245,2026-05-25T22:30:45,2026-05-26 04:30:45,/accounts/{account_id},4.067797
1779748260,2026-05-25T22:31:00,2026-05-26 04:31:00,/accounts/{account_id},4.176271
1779748275,2026-05-25T22:31:15,2026-05-26 04:31:15,/accounts/{account_id},4.288136
1779748290,2026-05-25T22:31:30,2026-05-26 04:31:30,/accounts/{account_id},4.294915
1779748305,2026-05-25T22:31:45,2026-05-26 04:31:45,/accounts/{account_id},4.284746
1779748320,2026-05-25T22:32:00,2026-05-26 04:32:00,/accounts/{account_id},4.250847
1779748335,2026-05-25T22:32:15,2026-05-26 04:32:15,/accounts/{account_id},4.328814
1779748350,2026-05-25T22:32:30,2026-05-26 04:32:30,/accounts/{account_id},4.257627
1779748365,2026-05-25T22:32:45,2026-05-26 04:32:45,/accounts/{account_id},4.274576
1779748380,2026-05-25T22:33:00,2026-05-26 04:33:00,/accounts/{account_id},4.19322
1779748395,2026-05-25T22:33:15,2026-05-26 04:33:15,/accounts/{account_id},4.257627
1779748410,2026-05-25T22:33:30,2026-05-26 04:33:30,/accounts/{account_id},4.19322
1779748425,2026-05-25T22:33:45,2026-05-26 04:33:45,/accounts/{account_id},4.20678
1779748440,2026-05-25T22:34:00,2026-05-26 04:34:00,/accounts/{account_id},4.210169
1779748455,2026-05-25T22:34:15,2026-05-26 04:34:15,/accounts/{account_id},4.247458
1779748470,2026-05-25T22:34:30,2026-05-26 04:34:30,/accounts/{account_id},4.20339
1779748485,2026-05-25T22:34:45,2026-05-26 04:34:45,/accounts/{account_id},4.210169
1779748500,2026-05-25T22:35:00,2026-05-26 04:35:00,/accounts/{account_id},4.244068
1779748515,2026-05-25T22:35:15,2026-05-26 04:35:15,/accounts/{account_id},4.19661
1779748530,2026-05-25T22:35:30,2026-05-26 04:35:30,/accounts/{account_id},4.176271
1779748545,2026-05-25T22:35:45,2026-05-26 04:35:45,/accounts/{account_id},4.094915
1779748560,2026-05-25T22:36:00,2026-05-26 04:36:00,/accounts/{account_id},3.915254
1779748575,2026-05-25T22:36:15,2026-05-26 04:36:15,/accounts/{account_id},3.877966
1779748590,2026-05-25T22:36:30,2026-05-26 04:36:30,/accounts/{account_id},3.935593
1779748605,2026-05-25T22:36:45,2026-05-26 04:36:45,/accounts/{account_id},3.949153
1779748620,2026-05-25T22:37:00,2026-05-26 04:37:00,/accounts/{account_id},3.986441
1779748635,2026-05-25T22:37:15,2026-05-26 04:37:15,/accounts/{account_id},3.966102
1779748650,2026-05-25T22:37:30,2026-05-26 04:37:30,/accounts/{account_id},4.023729
1779748665,2026-05-25T22:37:45,2026-05-26 04:37:45,/accounts/{account_id},4.084746
1779748680,2026-05-25T22:38:00,2026-05-26 04:38:00,/accounts/{account_id},4.074576
1779748695,2026-05-25T22:38:15,2026-05-26 04:38:15,/accounts/{account_id},4.159322
1779748710,2026-05-25T22:38:30,2026-05-26 04:38:30,/accounts/{account_id},4.216949
1779748725,2026-05-25T22:38:45,2026-05-26 04:38:45,/accounts/{account_id},4.288136
1779748740,2026-05-25T22:39:00,2026-05-26 04:39:00,/accounts/{account_id},4.335593
1779748755,2026-05-25T22:39:15,2026-05-26 04:39:15,/accounts/{account_id},4.369492
1779748770,2026-05-25T22:39:30,2026-05-26 04:39:30,/accounts/{account_id},4.372881
1779748785,2026-05-25T22:39:45,2026-05-26 04:39:45,/accounts/{account_id},4.366102
1779748800,2026-05-25T22:40:00,2026-05-26 04:40:00,/accounts/{account_id},4.491525
1779748815,2026-05-25T22:40:15,2026-05-26 04:40:15,/accounts/{account_id},4.572881
1779748830,2026-05-25T22:40:30,2026-05-26 04:40:30,/accounts/{account_id},4.579661
1779748845,2026-05-25T22:40:45,2026-05-26 04:40:45,/accounts/{account_id},4.708475
1779748860,2026-05-25T22:41:00,2026-05-26 04:41:00,/accounts/{account_id},4.718644
1779748875,2026-05-25T22:41:15,2026-05-26 04:41:15,/accounts/{account_id},4.711864
1779748890,2026-05-25T22:41:30,2026-05-26 04:41:30,/accounts/{account_id},4.722034
1779748905,2026-05-25T22:41:45,2026-05-26 04:41:45,/accounts/{account_id},4.664407
1779748920,2026-05-25T22:42:00,2026-05-26 04:42:00,/accounts/{account_id},4.671186
1779748935,2026-05-25T22:42:15,2026-05-26 04:42:15,/accounts/{account_id},4.854237
1779748950,2026-05-25T22:42:30,2026-05-26 04:42:30,/accounts/{account_id},4.783051
1779748965,2026-05-25T22:42:45,2026-05-26 04:42:45,/accounts/{account_id},4.823729
1779748980,2026-05-25T22:43:00,2026-05-26 04:43:00,/accounts/{account_id},4.918644
1779748995,2026-05-25T22:43:15,2026-05-26 04:43:15,/accounts/{account_id},5.023729
1779749010,2026-05-25T22:43:30,2026-05-26 04:43:30,/accounts/{account_id},4.898305
1779749025,2026-05-25T22:43:45,2026-05-26 04:43:45,/accounts/{account_id},4.874576
1779749040,2026-05-25T22:44:00,2026-05-26 04:44:00,/accounts/{account_id},4.861017
1779749055,2026-05-25T22:44:15,2026-05-26 04:44:15,/accounts/{account_id},4.80339
1779749070,2026-05-25T22:44:30,2026-05-26 04:44:30,/accounts/{account_id},4.820339
1779749085,2026-05-25T22:44:45,2026-05-26 04:44:45,/accounts/{account_id},4.671186
1779749100,2026-05-25T22:45:00,2026-05-26 04:45:00,/accounts/{account_id},4.610169
1779749115,2026-05-25T22:45:15,2026-05-26 04:45:15,/accounts/{account_id},4.620339
1779749130,2026-05-25T22:45:30,2026-05-26 04:45:30,/accounts/{account_id},4.505085
1779749145,2026-05-25T22:45:45,2026-05-26 04:45:45,/accounts/{account_id},4.40678
1779749160,2026-05-25T22:46:00,2026-05-26 04:46:00,/accounts/{account_id},4.349153
1779749175,2026-05-25T22:46:15,2026-05-26 04:46:15,/accounts/{account_id},4.311864
1779749190,2026-05-25T22:46:30,2026-05-26 04:46:30,/accounts/{account_id},4.284746
1779749205,2026-05-25T22:46:45,2026-05-26 04:46:45,/accounts/{account_id},4.311864
1779749220,2026-05-25T22:47:00,2026-05-26 04:47:00,/accounts/{account_id},4.257627
1779749235,2026-05-25T22:47:15,2026-05-26 04:47:15,/accounts/{account_id},4.135593
1779749250,2026-05-25T22:47:30,2026-05-26 04:47:30,/accounts/{account_id},4.125424
1779749265,2026-05-25T22:47:45,2026-05-26 04:47:45,/accounts/{account_id},4.071186
1779749280,2026-05-25T22:48:00,2026-05-26 04:48:00,/accounts/{account_id},3.959322
1779749295,2026-05-25T22:48:15,2026-05-26 04:48:15,/accounts/{account_id},3.949153
1779749310,2026-05-25T22:48:30,2026-05-26 04:48:30,/accounts/{account_id},3.976271
1779749325,2026-05-25T22:48:45,2026-05-26 04:48:45,/accounts/{account_id},4.033898
1779749340,2026-05-25T22:49:00,2026-05-26 04:49:00,/accounts/{account_id},4.010169
1779749355,2026-05-25T22:49:15,2026-05-26 04:49:15,/accounts/{account_id},3.949153
1779749370,2026-05-25T22:49:30,2026-05-26 04:49:30,/accounts/{account_id},3.983051
1779749385,2026-05-25T22:49:45,2026-05-26 04:49:45,/accounts/{account_id},3.949153
1779749400,2026-05-25T22:50:00,2026-05-26 04:50:00,/accounts/{account_id},3.901695
1779749415,2026-05-25T22:50:15,2026-05-26 04:50:15,/accounts/{account_id},3.908475
1779749430,2026-05-25T22:50:30,2026-05-26 04:50:30,/accounts/{account_id},3.867797
1779749445,2026-05-25T22:50:45,2026-05-26 04:50:45,/accounts/{account_id},3.891525
1779749460,2026-05-25T22:51:00,2026-05-26 04:51:00,/accounts/{account_id},3.864407
1779749475,2026-05-25T22:51:15,2026-05-26 04:51:15,/accounts/{account_id},3.823729
1779749490,2026-05-25T22:51:30,2026-05-26 04:51:30,/accounts/{account_id},3.833898
1779749505,2026-05-25T22:51:45,2026-05-26 04:51:45,/accounts/{account_id},3.945763
1779749520,2026-05-25T22:52:00,2026-05-26 04:52:00,/accounts/{account_id},3.884746
1779749535,2026-05-25T22:52:15,2026-05-26 04:52:15,/accounts/{account_id},3.830508
1779749550,2026-05-25T22:52:30,2026-05-26 04:52:30,/accounts/{account_id},3.810169
1779749565,2026-05-25T22:52:45,2026-05-26 04:52:45,/accounts/{account_id},3.783051
1779749580,2026-05-25T22:53:00,2026-05-26 04:53:00,/accounts/{account_id},3.691525
1779749595,2026-05-25T22:53:15,2026-05-26 04:53:15,/accounts/{account_id},3.691525
1779749610,2026-05-25T22:53:30,2026-05-26 04:53:30,/accounts/{account_id},3.738983
1779749625,2026-05-25T22:53:45,2026-05-26 04:53:45,/accounts/{account_id},3.742373
1779749640,2026-05-25T22:54:00,2026-05-26 04:54:00,/accounts/{account_id},3.786441
1779749655,2026-05-25T22:54:15,2026-05-26 04:54:15,/accounts/{account_id},3.830508
1779749670,2026-05-25T22:54:30,2026-05-26 04:54:30,/accounts/{account_id},3.854237
1779749685,2026-05-25T22:54:45,2026-05-26 04:54:45,/accounts/{account_id},3.945763
1779749700,2026-05-25T22:55:00,2026-05-26 04:55:00,/accounts/{account_id},4.125424
1779749715,2026-05-25T22:55:15,2026-05-26 04:55:15,/accounts/{account_id},4.166102
1779749730,2026-05-25T22:55:30,2026-05-26 04:55:30,/accounts/{account_id},4.267797
1779749745,2026-05-25T22:55:45,2026-05-26 04:55:45,/accounts/{account_id},4.332203
1779749760,2026-05-25T22:56:00,2026-05-26 04:56:00,/accounts/{account_id},4.410169
1779749775,2026-05-25T22:56:15,2026-05-26 04:56:15,/accounts/{account_id},4.511864
1779749790,2026-05-25T22:56:30,2026-05-26 04:56:30,/accounts/{account_id},4.345763
1779749805,2026-05-25T22:56:45,2026-05-26 04:56:45,/accounts/{account_id},4.372881
1779749820,2026-05-25T22:57:00,2026-05-26 04:57:00,/accounts/{account_id},4.349153
1779749835,2026-05-25T22:57:15,2026-05-26 04:57:15,/accounts/{account_id},4.542373
1779749850,2026-05-25T22:57:30,2026-05-26 04:57:30,/accounts/{account_id},4.650847
1779749865,2026-05-25T22:57:45,2026-05-26 04:57:45,/accounts/{account_id},4.637288
1779749880,2026-05-25T22:58:00,2026-05-26 04:58:00,/accounts/{account_id},4.722034
1779749895,2026-05-25T22:58:15,2026-05-26 04:58:15,/accounts/{account_id},4.654237
1779749910,2026-05-25T22:58:30,2026-05-26 04:58:30,/accounts/{account_id},4.59322
1779749925,2026-05-25T22:58:45,2026-05-26 04:58:45,/accounts/{account_id},4.637288
1779749940,2026-05-25T22:59:00,2026-05-26 04:59:00,/accounts/{account_id},4.586441
1779749955,2026-05-25T22:59:15,2026-05-26 04:59:15,/accounts/{account_id},4.525424
1779749970,2026-05-25T22:59:30,2026-05-26 04:59:30,/accounts/{account_id},4.511864
1779749985,2026-05-25T22:59:45,2026-05-26 04:59:45,/accounts/{account_id},4.39322
1779750000,2026-05-25T23:00:00,2026-05-26 05:00:00,/accounts/{account_id},4.308475
1779750015,2026-05-25T23:00:15,2026-05-26 05:00:15,/accounts/{account_id},4.189831
1779750030,2026-05-25T23:00:30,2026-05-26 05:00:30,/accounts/{account_id},4.067797
1779750045,2026-05-25T23:00:45,2026-05-26 05:00:45,/accounts/{account_id},4.033898
1779750060,2026-05-25T23:01:00,2026-05-26 05:01:00,/accounts/{account_id},4.050847
1779750075,2026-05-25T23:01:15,2026-05-26 05:01:15,/accounts/{account_id},4.00678
1779750090,2026-05-25T23:01:30,2026-05-26 05:01:30,/accounts/{account_id},4.125424
1779750105,2026-05-25T23:01:45,2026-05-26 05:01:45,/accounts/{account_id},4.077966
1779750120,2026-05-25T23:02:00,2026-05-26 05:02:00,/accounts/{account_id},4.054237
1779750135,2026-05-25T23:02:15,2026-05-26 05:02:15,/accounts/{account_id},3.962712
1779750150,2026-05-25T23:02:30,2026-05-26 05:02:30,/accounts/{account_id},3.905085
1779750165,2026-05-25T23:02:45,2026-05-26 05:02:45,/accounts/{account_id},3.888136
1779750180,2026-05-25T23:03:00,2026-05-26 05:03:00,/accounts/{account_id},3.874576
1779750195,2026-05-25T23:03:15,2026-05-26 05:03:15,/accounts/{account_id},3.864407
1779750210,2026-05-25T23:03:30,2026-05-26 05:03:30,/accounts/{account_id},3.847458
1779750225,2026-05-25T23:03:45,2026-05-26 05:03:45,/accounts/{account_id},3.816949
1779750240,2026-05-25T23:04:00,2026-05-26 05:04:00,/accounts/{account_id},3.833898
1779750255,2026-05-25T23:04:15,2026-05-26 05:04:15,/accounts/{account_id},3.762712
1779750270,2026-05-25T23:04:30,2026-05-26 05:04:30,/accounts/{account_id},3.711864
1779750285,2026-05-25T23:04:45,2026-05-26 05:04:45,/accounts/{account_id},3.722034
1779750300,2026-05-25T23:05:00,2026-05-26 05:05:00,/accounts/{account_id},3.728814
1779750315,2026-05-25T23:05:15,2026-05-26 05:05:15,/accounts/{account_id},3.850847
1779750330,2026-05-25T23:05:30,2026-05-26 05:05:30,/accounts/{account_id},3.864407
1779750345,2026-05-25T23:05:45,2026-05-26 05:05:45,/accounts/{account_id},3.874576
1779750360,2026-05-25T23:06:00,2026-05-26 05:06:00,/accounts/{account_id},3.901695
1779750375,2026-05-25T23:06:15,2026-05-26 05:06:15,/accounts/{account_id},3.837288
1779750390,2026-05-25T23:06:30,2026-05-26 05:06:30,/accounts/{account_id},3.898305
1779750405,2026-05-25T23:06:45,2026-05-26 05:06:45,/accounts/{account_id},4.0
1779750420,2026-05-25T23:07:00,2026-05-26 05:07:00,/accounts/{account_id},4.074576
1779750435,2026-05-25T23:07:15,2026-05-26 05:07:15,/accounts/{account_id},4.172881
1779750450,2026-05-25T23:07:30,2026-05-26 05:07:30,/accounts/{account_id},4.230508
1779750465,2026-05-25T23:07:45,2026-05-26 05:07:45,/accounts/{account_id},4.359322
1779750480,2026-05-25T23:08:00,2026-05-26 05:08:00,/accounts/{account_id},4.389831
1779750495,2026-05-25T23:08:15,2026-05-26 05:08:15,/accounts/{account_id},4.410169
1779750510,2026-05-25T23:08:30,2026-05-26 05:08:30,/accounts/{account_id},4.488136
1779750525,2026-05-25T23:08:45,2026-05-26 05:08:45,/accounts/{account_id},4.60678
1779750540,2026-05-25T23:09:00,2026-05-26 05:09:00,/accounts/{account_id},4.725424
1779750555,2026-05-25T23:09:15,2026-05-26 05:09:15,/accounts/{account_id},4.827119
1779750570,2026-05-25T23:09:30,2026-05-26 05:09:30,/accounts/{account_id},4.938983
1779750585,2026-05-25T23:09:45,2026-05-26 05:09:45,/accounts/{account_id},5.020339
1779750600,2026-05-25T23:10:00,2026-05-26 05:10:00,/accounts/{account_id},5.118644
1779750615,2026-05-25T23:10:15,2026-05-26 05:10:15,/accounts/{account_id},5.183051
1779750630,2026-05-25T23:10:30,2026-05-26 05:10:30,/accounts/{account_id},5.322034
1779750645,2026-05-25T23:10:45,2026-05-26 05:10:45,/accounts/{account_id},5.362712
1779750660,2026-05-25T23:11:00,2026-05-26 05:11:00,/accounts/{account_id},5.471186
1779750675,2026-05-25T23:11:15,2026-05-26 05:11:15,/accounts/{account_id},5.579661
1779750690,2026-05-25T23:11:30,2026-05-26 05:11:30,/accounts/{account_id},5.661017
1779750705,2026-05-25T23:11:45,2026-05-26 05:11:45,/accounts/{account_id},5.728814
1779750720,2026-05-25T23:12:00,2026-05-26 05:12:00,/accounts/{account_id},5.725424
1779750735,2026-05-25T23:12:15,2026-05-26 05:12:15,/accounts/{account_id},5.674576
1779750750,2026-05-25T23:12:30,2026-05-26 05:12:30,/accounts/{account_id},5.701695
1779750765,2026-05-25T23:12:45,2026-05-26 05:12:45,/accounts/{account_id},5.759322
1779750780,2026-05-25T23:13:00,2026-05-26 05:13:00,/accounts/{account_id},5.759322
1779750795,2026-05-25T23:13:15,2026-05-26 05:13:15,/accounts/{account_id},5.891525
1779750810,2026-05-25T23:13:30,2026-05-26 05:13:30,/accounts/{account_id},5.871186
1779750825,2026-05-25T23:13:45,2026-05-26 05:13:45,/accounts/{account_id},5.918644
1779750840,2026-05-25T23:14:00,2026-05-26 05:14:00,/accounts/{account_id},5.928814
1779750855,2026-05-25T23:14:15,2026-05-26 05:14:15,/accounts/{account_id},5.966102
1779750870,2026-05-25T23:14:30,2026-05-26 05:14:30,/accounts/{account_id},6.016949
1779750885,2026-05-25T23:14:45,2026-05-26 05:14:45,/accounts/{account_id},6.108475
1779750900,2026-05-25T23:15:00,2026-05-26 05:15:00,/accounts/{account_id},6.057627
1779750915,2026-05-25T23:15:15,2026-05-26 05:15:15,/accounts/{account_id},6.016949
1779750930,2026-05-25T23:15:30,2026-05-26 05:15:30,/accounts/{account_id},6.00678
1779750945,2026-05-25T23:15:45,2026-05-26 05:15:45,/accounts/{account_id},6.030508
1779750960,2026-05-25T23:16:00,2026-05-26 05:16:00,/accounts/{account_id},5.986441
1779750975,2026-05-25T23:16:15,2026-05-26 05:16:15,/accounts/{account_id},5.952542
1779750990,2026-05-25T23:16:30,2026-05-26 05:16:30,/accounts/{account_id},5.955932
1779751005,2026-05-25T23:16:45,2026-05-26 05:16:45,/accounts/{account_id},5.881356
1779751020,2026-05-25T23:17:00,2026-05-26 05:17:00,/accounts/{account_id},5.962712
1779751035,2026-05-25T23:17:15,2026-05-26 05:17:15,/accounts/{account_id},5.925424
1779751050,2026-05-25T23:17:30,2026-05-26 05:17:30,/accounts/{account_id},5.901695
1779751065,2026-05-25T23:17:45,2026-05-26 05:17:45,/accounts/{account_id},5.871186
1779751080,2026-05-25T23:18:00,2026-05-26 05:18:00,/accounts/{account_id},5.871186
1779751095,2026-05-25T23:18:15,2026-05-26 05:18:15,/accounts/{account_id},5.847458
1779751110,2026-05-25T23:18:30,2026-05-26 05:18:30,/accounts/{account_id},5.888136
1779751125,2026-05-25T23:18:45,2026-05-26 05:18:45,/accounts/{account_id},5.983051
1779751140,2026-05-25T23:19:00,2026-05-26 05:19:00,/accounts/{account_id},6.064407
1779751155,2026-05-25T23:19:15,2026-05-26 05:19:15,/accounts/{account_id},6.054237
1779751170,2026-05-25T23:19:30,2026-05-26 05:19:30,/accounts/{account_id},6.0
1779751185,2026-05-25T23:19:45,2026-05-26 05:19:45,/accounts/{account_id},5.905085
1779751200,2026-05-25T23:20:00,2026-05-26 05:20:00,/accounts/{account_id},5.966102
1779751215,2026-05-25T23:20:15,2026-05-26 05:20:15,/accounts/{account_id},6.010169
1779751230,2026-05-25T23:20:30,2026-05-26 05:20:30,/accounts/{account_id},5.969492
1779751245,2026-05-25T23:20:45,2026-05-26 05:20:45,/accounts/{account_id},5.857627
1779751260,2026-05-25T23:21:00,2026-05-26 05:21:00,/accounts/{account_id},5.762712
1779751275,2026-05-25T23:21:15,2026-05-26 05:21:15,/accounts/{account_id},5.786441
1779751290,2026-05-25T23:21:30,2026-05-26 05:21:30,/accounts/{account_id},5.813559
1779751305,2026-05-25T23:21:45,2026-05-26 05:21:45,/accounts/{account_id},5.915254
1779751320,2026-05-25T23:22:00,2026-05-26 05:22:00,/accounts/{account_id},5.894915
1779751335,2026-05-25T23:22:15,2026-05-26 05:22:15,/accounts/{account_id},5.966102
1779751350,2026-05-25T23:22:30,2026-05-26 05:22:30,/accounts/{account_id},5.945763
1779751365,2026-05-25T23:22:45,2026-05-26 05:22:45,/accounts/{account_id},6.030508
1779751380,2026-05-25T23:23:00,2026-05-26 05:23:00,/accounts/{account_id},5.986441
1779751395,2026-05-25T23:23:15,2026-05-26 05:23:15,/accounts/{account_id},5.969492
1779751410,2026-05-25T23:23:30,2026-05-26 05:23:30,/accounts/{account_id},5.854237
1779751425,2026-05-25T23:23:45,2026-05-26 05:23:45,/accounts/{account_id},5.738983
1779751440,2026-05-25T23:24:00,2026-05-26 05:24:00,/accounts/{account_id},5.694915
1779751455,2026-05-25T23:24:15,2026-05-26 05:24:15,/accounts/{account_id},5.698305
1779751470,2026-05-25T23:24:30,2026-05-26 05:24:30,/accounts/{account_id},5.813559
1779751485,2026-05-25T23:24:45,2026-05-26 05:24:45,/accounts/{account_id},5.827119
1779751500,2026-05-25T23:25:00,2026-05-26 05:25:00,/accounts/{account_id},5.847458
1779751515,2026-05-25T23:25:15,2026-05-26 05:25:15,/accounts/{account_id},5.820339
1779751530,2026-05-25T23:25:30,2026-05-26 05:25:30,/accounts/{account_id},5.827119
1779751545,2026-05-25T23:25:45,2026-05-26 05:25:45,/accounts/{account_id},6.00339
1779751560,2026-05-25T23:26:00,2026-05-26 05:26:00,/accounts/{account_id},6.176271
1779751575,2026-05-25T23:26:15,2026-05-26 05:26:15,/accounts/{account_id},6.098305
1779751590,2026-05-25T23:26:30,2026-05-26 05:26:30,/accounts/{account_id},6.145763
1779751605,2026-05-25T23:26:45,2026-05-26 05:26:45,/accounts/{account_id},6.142373
1779751620,2026-05-25T23:27:00,2026-05-26 05:27:00,/accounts/{account_id},6.2
1779751635,2026-05-25T23:27:15,2026-05-26 05:27:15,/accounts/{account_id},6.220339
1779751650,2026-05-25T23:27:30,2026-05-26 05:27:30,/accounts/{account_id},6.176271
1779751665,2026-05-25T23:27:45,2026-05-26 05:27:45,/accounts/{account_id},6.20339
1779751680,2026-05-25T23:28:00,2026-05-26 05:28:00,/accounts/{account_id},6.291525
1779751695,2026-05-25T23:28:15,2026-05-26 05:28:15,/accounts/{account_id},6.467797
1779751710,2026-05-25T23:28:30,2026-05-26 05:28:30,/accounts/{account_id},6.477966
1779751725,2026-05-25T23:28:45,2026-05-26 05:28:45,/accounts/{account_id},6.535593
1779751740,2026-05-25T23:29:00,2026-05-26 05:29:00,/accounts/{account_id},6.447458
1779751755,2026-05-25T23:29:15,2026-05-26 05:29:15,/accounts/{account_id},6.515254
1779751770,2026-05-25T23:29:30,2026-05-26 05:29:30,/accounts/{account_id},6.505085
1779751785,2026-05-25T23:29:45,2026-05-26 05:29:45,/accounts/{account_id},6.562712
1779751800,2026-05-25T23:30:00,2026-05-26 05:30:00,/accounts/{account_id},6.559322
1779751815,2026-05-25T23:30:15,2026-05-26 05:30:15,/accounts/{account_id},6.59661
1779751830,2026-05-25T23:30:30,2026-05-26 05:30:30,/accounts/{account_id},6.535593
1779751845,2026-05-25T23:30:45,2026-05-26 05:30:45,/accounts/{account_id},6.359322
1779751860,2026-05-25T23:31:00,2026-05-26 05:31:00,/accounts/{account_id},6.345763
1779751875,2026-05-25T23:31:15,2026-05-26 05:31:15,/accounts/{account_id},6.332203
1779751890,2026-05-25T23:31:30,2026-05-26 05:31:30,/accounts/{account_id},6.288136
1779751905,2026-05-25T23:31:45,2026-05-26 05:31:45,/accounts/{account_id},6.227119
1779751920,2026-05-25T23:32:00,2026-05-26 05:32:00,/accounts/{account_id},6.20339
1779751935,2026-05-25T23:32:15,2026-05-26 05:32:15,/accounts/{account_id},6.149153
1779751950,2026-05-25T23:32:30,2026-05-26 05:32:30,/accounts/{account_id},6.179661
1779751965,2026-05-25T23:32:45,2026-05-26 05:32:45,/accounts/{account_id},6.115254
1779751980,2026-05-25T23:33:00,2026-05-26 05:33:00,/accounts/{account_id},6.088136
1779751995,2026-05-25T23:33:15,2026-05-26 05:33:15,/accounts/{account_id},5.922034
1779752010,2026-05-25T23:33:30,2026-05-26 05:33:30,/accounts/{account_id},5.847458
1779752025,2026-05-25T23:33:45,2026-05-26 05:33:45,/accounts/{account_id},5.827119
1779752040,2026-05-25T23:34:00,2026-05-26 05:34:00,/accounts/{account_id},5.823729
1779752055,2026-05-25T23:34:15,2026-05-26 05:34:15,/accounts/{account_id},5.776271
1779752070,2026-05-25T23:34:30,2026-05-26 05:34:30,/accounts/{account_id},5.742373
1779752085,2026-05-25T23:34:45,2026-05-26 05:34:45,/accounts/{account_id},5.701695
1779752100,2026-05-25T23:35:00,2026-05-26 05:35:00,/accounts/{account_id},5.613559
1779752115,2026-05-25T23:35:15,2026-05-26 05:35:15,/accounts/{account_id},5.664407
1779752130,2026-05-25T23:35:30,2026-05-26 05:35:30,/accounts/{account_id},5.701695
1779752145,2026-05-25T23:35:45,2026-05-26 05:35:45,/accounts/{account_id},5.681356
1779752160,2026-05-25T23:36:00,2026-05-26 05:36:00,/accounts/{account_id},5.681356
1779752175,2026-05-25T23:36:15,2026-05-26 05:36:15,/accounts/{account_id},5.647458
1779752190,2026-05-25T23:36:30,2026-05-26 05:36:30,/accounts/{account_id},5.688136
1779752205,2026-05-25T23:36:45,2026-05-26 05:36:45,/accounts/{account_id},5.738983
1779752220,2026-05-25T23:37:00,2026-05-26 05:37:00,/accounts/{account_id},5.705085
1779752235,2026-05-25T23:37:15,2026-05-26 05:37:15,/accounts/{account_id},5.732203
1779752250,2026-05-25T23:37:30,2026-05-26 05:37:30,/accounts/{account_id},5.742373
1779752265,2026-05-25T23:37:45,2026-05-26 05:37:45,/accounts/{account_id},5.861017
1779752280,2026-05-25T23:38:00,2026-05-26 05:38:00,/accounts/{account_id},5.962712
1779752295,2026-05-25T23:38:15,2026-05-26 05:38:15,/accounts/{account_id},6.237288
1779752310,2026-05-25T23:38:30,2026-05-26 05:38:30,/accounts/{account_id},6.433898
1779752325,2026-05-25T23:38:45,2026-05-26 05:38:45,/accounts/{account_id},6.522034
1779752340,2026-05-25T23:39:00,2026-05-26 05:39:00,/accounts/{account_id},6.766102
1779752355,2026-05-25T23:39:15,2026-05-26 05:39:15,/accounts/{account_id},6.983051
1779752370,2026-05-25T23:39:30,2026-05-26 05:39:30,/accounts/{account_id},7.294915
1779752385,2026-05-25T23:39:45,2026-05-26 05:39:45,/accounts/{account_id},7.60339
1779752400,2026-05-25T23:40:00,2026-05-26 05:40:00,/accounts/{account_id},8.044068
1779752415,2026-05-25T23:40:15,2026-05-26 05:40:15,/accounts/{account_id},8.450847
1779752430,2026-05-25T23:40:30,2026-05-26 05:40:30,/accounts/{account_id},8.864407
1779752445,2026-05-25T23:40:45,2026-05-26 05:40:45,/accounts/{account_id},9.342373
1779752460,2026-05-25T23:41:00,2026-05-26 05:41:00,/accounts/{account_id},9.80678
1779752475,2026-05-25T23:41:15,2026-05-26 05:41:15,/accounts/{account_id},10.322034
1779752490,2026-05-25T23:41:30,2026-05-26 05:41:30,/accounts/{account_id},10.989831
1779752505,2026-05-25T23:41:45,2026-05-26 05:41:45,/accounts/{account_id},11.576271
1779752520,2026-05-25T23:42:00,2026-05-26 05:42:00,/accounts/{account_id},12.169492
1779752535,2026-05-25T23:42:15,2026-05-26 05:42:15,/accounts/{account_id},12.820339
1779752550,2026-05-25T23:42:30,2026-05-26 05:42:30,/accounts/{account_id},13.183051
1779752565,2026-05-25T23:42:45,2026-05-26 05:42:45,/accounts/{account_id},13.745763
1779752580,2026-05-25T23:43:00,2026-05-26 05:43:00,/accounts/{account_id},14.213559
1779752595,2026-05-25T23:43:15,2026-05-26 05:43:15,/accounts/{account_id},14.589831
1779752610,2026-05-25T23:43:30,2026-05-26 05:43:30,/accounts/{account_id},15.084746
1779752625,2026-05-25T23:43:45,2026-05-26 05:43:45,/accounts/{account_id},15.457627
1779752640,2026-05-25T23:44:00,2026-05-26 05:44:00,/accounts/{account_id},15.881356
1779752655,2026-05-25T23:44:15,2026-05-26 05:44:15,/accounts/{account_id},16.40339
1779752670,2026-05-25T23:44:30,2026-05-26 05:44:30,/accounts/{account_id},16.881356
1779752685,2026-05-25T23:44:45,2026-05-26 05:44:45,/accounts/{account_id},17.261017
1779752700,2026-05-25T23:45:00,2026-05-26 05:45:00,/accounts/{account_id},17.505085
1779752715,2026-05-25T23:45:15,2026-05-26 05:45:15,/accounts/{account_id},17.627119
1779752730,2026-05-25T23:45:30,2026-05-26 05:45:30,/accounts/{account_id},17.911864
1779752745,2026-05-25T23:45:45,2026-05-26 05:45:45,/accounts/{account_id},17.99661
1779752760,2026-05-25T23:46:00,2026-05-26 05:46:00,/accounts/{account_id},18.237288
1779752775,2026-05-25T23:46:15,2026-05-26 05:46:15,/accounts/{account_id},18.115254
1779752790,2026-05-25T23:46:30,2026-05-26 05:46:30,/accounts/{account_id},18.355932
1779752805,2026-05-25T23:46:45,2026-05-26 05:46:45,/accounts/{account_id},18.610169
1779752820,2026-05-25T23:47:00,2026-05-26 05:47:00,/accounts/{account_id},18.613559
1779752835,2026-05-25T23:47:15,2026-05-26 05:47:15,/accounts/{account_id},18.810169
1779752850,2026-05-25T23:47:30,2026-05-26 05:47:30,/accounts/{account_id},18.894915
1779752865,2026-05-25T23:47:45,2026-05-26 05:47:45,/accounts/{account_id},18.915254
1779752880,2026-05-25T23:48:00,2026-05-26 05:48:00,/accounts/{account_id},19.084746
1779752895,2026-05-25T23:48:15,2026-05-26 05:48:15,/accounts/{account_id},19.433898
1779752910,2026-05-25T23:48:30,2026-05-26 05:48:30,/accounts/{account_id},19.40678
1779752925,2026-05-25T23:48:45,2026-05-26 05:48:45,/accounts/{account_id},19.552542
1779752940,2026-05-25T23:49:00,2026-05-26 05:49:00,/accounts/{account_id},19.59661
1779752955,2026-05-25T23:49:15,2026-05-26 05:49:15,/accounts/{account_id},19.715254
1779752970,2026-05-25T23:49:30,2026-05-26 05:49:30,/accounts/{account_id},19.528814
1779752985,2026-05-25T23:49:45,2026-05-26 05:49:45,/accounts/{account_id},19.552542
1779753000,2026-05-25T23:50:00,2026-05-26 05:50:00,/accounts/{account_id},19.518644
1779753015,2026-05-25T23:50:15,2026-05-26 05:50:15,/accounts/{account_id},19.566102
1779753030,2026-05-25T23:50:30,2026-05-26 05:50:30,/accounts/{account_id},19.616949
1779753045,2026-05-25T23:50:45,2026-05-26 05:50:45,/accounts/{account_id},19.623729
1779753060,2026-05-25T23:51:00,2026-05-26 05:51:00,/accounts/{account_id},19.705085
1779753075,2026-05-25T23:51:15,2026-05-26 05:51:15,/accounts/{account_id},19.732203
1779753090,2026-05-25T23:51:30,2026-05-26 05:51:30,/accounts/{account_id},19.471186
1779753105,2026-05-25T23:51:45,2026-05-26 05:51:45,/accounts/{account_id},19.498305
1779753120,2026-05-25T23:52:00,2026-05-26 05:52:00,/accounts/{account_id},19.369492
1779753135,2026-05-25T23:52:15,2026-05-26 05:52:15,/accounts/{account_id},19.227119
1779753150,2026-05-25T23:52:30,2026-05-26 05:52:30,/accounts/{account_id},19.179661
1779753165,2026-05-25T23:52:45,2026-05-26 05:52:45,/accounts/{account_id},19.128814
1779753180,2026-05-25T23:53:00,2026-05-26 05:53:00,/accounts/{account_id},18.99661
1779753195,2026-05-25T23:53:15,2026-05-26 05:53:15,/accounts/{account_id},19.061017
1779753210,2026-05-25T23:53:30,2026-05-26 05:53:30,/accounts/{account_id},18.881356
1779753225,2026-05-25T23:53:45,2026-05-26 05:53:45,/accounts/{account_id},18.657627
1779753240,2026-05-25T23:54:00,2026-05-26 05:54:00,/accounts/{account_id},18.779661
1779753255,2026-05-25T23:54:15,2026-05-26 05:54:15,/accounts/{account_id},18.99322
1779753270,2026-05-25T23:54:30,2026-05-26 05:54:30,/accounts/{account_id},19.013559
1779753285,2026-05-25T23:54:45,2026-05-26 05:54:45,/accounts/{account_id},19.318644
1779753300,2026-05-25T23:55:00,2026-05-26 05:55:00,/accounts/{account_id},19.481356
1779753315,2026-05-25T23:55:15,2026-05-26 05:55:15,/accounts/{account_id},19.711864
1779753330,2026-05-25T23:55:30,2026-05-26 05:55:30,/accounts/{account_id},19.955932
1779753345,2026-05-25T23:55:45,2026-05-26 05:55:45,/accounts/{account_id},19.725424
1779753360,2026-05-25T23:56:00,2026-05-26 05:56:00,/accounts/{account_id},19.745763
1779753375,2026-05-25T23:56:15,2026-05-26 05:56:15,/accounts/{account_id},19.60678
1779753390,2026-05-25T23:56:30,2026-05-26 05:56:30,/accounts/{account_id},19.762712
1779753405,2026-05-25T23:56:45,2026-05-26 05:56:45,/accounts/{account_id},19.99322
1779753420,2026-05-25T23:57:00,2026-05-26 05:57:00,/accounts/{account_id},20.149153
1779753435,2026-05-25T23:57:15,2026-05-26 05:57:15,/accounts/{account_id},20.379661
1779753450,2026-05-25T23:57:30,2026-05-26 05:57:30,/accounts/{account_id},20.477966
1779753465,2026-05-25T23:57:45,2026-05-26 05:57:45,/accounts/{account_id},20.447458
1779753480,2026-05-25T23:58:00,2026-05-26 05:58:00,/accounts/{account_id},20.464407
1779753495,2026-05-25T23:58:15,2026-05-26 05:58:15,/accounts/{account_id},20.484746
1779753510,2026-05-25T23:58:30,2026-05-26 05:58:30,/accounts/{account_id},20.732203
1779753525,2026-05-25T23:58:45,2026-05-26 05:58:45,/accounts/{account_id},20.735593
1779753540,2026-05-25T23:59:00,2026-05-26 05:59:00,/accounts/{account_id},20.722034
1779753555,2026-05-25T23:59:15,2026-05-26 05:59:15,/accounts/{account_id},20.477966
1779753570,2026-05-25T23:59:30,2026-05-26 05:59:30,/accounts/{account_id},20.379661
1779753585,2026-05-25T23:59:45,2026-05-26 05:59:45,/accounts/{account_id},20.061017
1779753600,2026-05-26T00:00:00,2026-05-26 06:00:00,/accounts/{account_id},19.779527
1779753615,2026-05-26T00:00:15,2026-05-26 06:00:15,/accounts/{account_id},19.572881
1779753630,2026-05-26T00:00:30,2026-05-26 06:00:30,/accounts/{account_id},19.742373
1779753645,2026-05-26T00:00:45,2026-05-26 06:00:45,/accounts/{account_id},19.952542
1779753660,2026-05-26T00:01:00,2026-05-26 06:01:00,/accounts/{account_id},19.898305
1779753675,2026-05-26T00:01:15,2026-05-26 06:01:15,/accounts/{account_id},19.844068
1779753690,2026-05-26T00:01:30,2026-05-26 06:01:30,/accounts/{account_id},19.969492
1779753705,2026-05-26T00:01:45,2026-05-26 06:01:45,/accounts/{account_id},19.789831
1779753720,2026-05-26T00:02:00,2026-05-26 06:02:00,/accounts/{account_id},19.79661
1779753735,2026-05-26T00:02:15,2026-05-26 06:02:15,/accounts/{account_id},19.715254
1779753750,2026-05-26T00:02:30,2026-05-26 06:02:30,/accounts/{account_id},19.420339
1779753765,2026-05-26T00:02:45,2026-05-26 06:02:45,/accounts/{account_id},19.718644
1779753780,2026-05-26T00:03:00,2026-05-26 06:03:00,/accounts/{account_id},19.725424
1779753795,2026-05-26T00:03:15,2026-05-26 06:03:15,/accounts/{account_id},19.715254
1779753810,2026-05-26T00:03:30,2026-05-26 06:03:30,/accounts/{account_id},19.637288
1779753825,2026-05-26T00:03:45,2026-05-26 06:03:45,/accounts/{account_id},19.461017
1779753840,2026-05-26T00:04:00,2026-05-26 06:04:00,/accounts/{account_id},19.583051
1779753855,2026-05-26T00:04:15,2026-05-26 06:04:15,/accounts/{account_id},19.722034
1779753870,2026-05-26T00:04:30,2026-05-26 06:04:30,/accounts/{account_id},19.637288
1779753885,2026-05-26T00:04:45,2026-05-26 06:04:45,/accounts/{account_id},19.562712
1779753900,2026-05-26T00:05:00,2026-05-26 06:05:00,/accounts/{account_id},19.433898
1779753915,2026-05-26T00:05:15,2026-05-26 06:05:15,/accounts/{account_id},19.349153
1779753930,2026-05-26T00:05:30,2026-05-26 06:05:30,/accounts/{account_id},19.328814
1779753945,2026-05-26T00:05:45,2026-05-26 06:05:45,/accounts/{account_id},19.383051
1779753960,2026-05-26T00:06:00,2026-05-26 06:06:00,/accounts/{account_id},19.508475
1779753975,2026-05-26T00:06:15,2026-05-26 06:06:15,/accounts/{account_id},19.349153
1779753990,2026-05-26T00:06:30,2026-05-26 06:06:30,/accounts/{account_id},19.39322
1779754005,2026-05-26T00:06:45,2026-05-26 06:06:45,/accounts/{account_id},19.298305
1779754020,2026-05-26T00:07:00,2026-05-26 06:07:00,/accounts/{account_id},19.427119
1779754035,2026-05-26T00:07:15,2026-05-26 06:07:15,/accounts/{account_id},19.461017
1779754050,2026-05-26T00:07:30,2026-05-26 06:07:30,/accounts/{account_id},19.488136
1779754065,2026-05-26T00:07:45,2026-05-26 06:07:45,/accounts/{account_id},19.271186
1779754080,2026-05-26T00:08:00,2026-05-26 06:08:00,/accounts/{account_id},19.288136
1779754095,2026-05-26T00:08:15,2026-05-26 06:08:15,/accounts/{account_id},19.389831
1779754110,2026-05-26T00:08:30,2026-05-26 06:08:30,/accounts/{account_id},19.250847
1779754125,2026-05-26T00:08:45,2026-05-26 06:08:45,/accounts/{account_id},19.389831
1779754140,2026-05-26T00:09:00,2026-05-26 06:09:00,/accounts/{account_id},18.959322
1779754155,2026-05-26T00:09:15,2026-05-26 06:09:15,/accounts/{account_id},19.166102
1779754170,2026-05-26T00:09:30,2026-05-26 06:09:30,/accounts/{account_id},19.298305
1779754185,2026-05-26T00:09:45,2026-05-26 06:09:45,/accounts/{account_id},19.549153
1779754200,2026-05-26T00:10:00,2026-05-26 06:10:00,/accounts/{account_id},19.823729
1779754215,2026-05-26T00:10:15,2026-05-26 06:10:15,/accounts/{account_id},20.338983
1779754230,2026-05-26T00:10:30,2026-05-26 06:10:30,/accounts/{account_id},20.450847
1779754245,2026-05-26T00:10:45,2026-05-26 06:10:45,/accounts/{account_id},20.454237
1779754260,2026-05-26T00:11:00,2026-05-26 06:11:00,/accounts/{account_id},20.383051
1779754275,2026-05-26T00:11:15,2026-05-26 06:11:15,/accounts/{account_id},20.579661
1779754290,2026-05-26T00:11:30,2026-05-26 06:11:30,/accounts/{account_id},20.783051
1779754305,2026-05-26T00:11:45,2026-05-26 06:11:45,/accounts/{account_id},20.671186
1779754320,2026-05-26T00:12:00,2026-05-26 06:12:00,/accounts/{account_id},20.854237
1779754335,2026-05-26T00:12:15,2026-05-26 06:12:15,/accounts/{account_id},20.742373
1779754350,2026-05-26T00:12:30,2026-05-26 06:12:30,/accounts/{account_id},20.813559
1779754365,2026-05-26T00:12:45,2026-05-26 06:12:45,/accounts/{account_id},20.59661
1779754380,2026-05-26T00:13:00,2026-05-26 06:13:00,/accounts/{account_id},20.525424
1779754395,2026-05-26T00:13:15,2026-05-26 06:13:15,/accounts/{account_id},20.657627
1779754410,2026-05-26T00:13:30,2026-05-26 06:13:30,/accounts/{account_id},20.979661
1779754425,2026-05-26T00:13:45,2026-05-26 06:13:45,/accounts/{account_id},20.959322
1779754440,2026-05-26T00:14:00,2026-05-26 06:14:00,/accounts/{account_id},20.827119
1779754455,2026-05-26T00:14:15,2026-05-26 06:14:15,/accounts/{account_id},21.016949
1779754470,2026-05-26T00:14:30,2026-05-26 06:14:30,/accounts/{account_id},21.620339
1779754485,2026-05-26T00:14:45,2026-05-26 06:14:45,/accounts/{account_id},21.732203
1779754500,2026-05-26T00:15:00,2026-05-26 06:15:00,/accounts/{account_id},21.39661
1779754515,2026-05-26T00:15:15,2026-05-26 06:15:15,/accounts/{account_id},21.057627
1779754530,2026-05-26T00:15:30,2026-05-26 06:15:30,/accounts/{account_id},21.125424
1779754545,2026-05-26T00:15:45,2026-05-26 06:15:45,/accounts/{account_id},21.023729
1779754560,2026-05-26T00:16:00,2026-05-26 06:16:00,/accounts/{account_id},21.244068
1779754575,2026-05-26T00:16:15,2026-05-26 06:16:15,/accounts/{account_id},20.969492
1779754590,2026-05-26T00:16:30,2026-05-26 06:16:30,/accounts/{account_id},20.925424
1779754605,2026-05-26T00:16:45,2026-05-26 06:16:45,/accounts/{account_id},20.488136
1779754620,2026-05-26T00:17:00,2026-05-26 06:17:00,/accounts/{account_id},20.542373
1779754635,2026-05-26T00:17:15,2026-05-26 06:17:15,/accounts/{account_id},20.464407
1779754650,2026-05-26T00:17:30,2026-05-26 06:17:30,/accounts/{account_id},20.277966
1779754665,2026-05-26T00:17:45,2026-05-26 06:17:45,/accounts/{account_id},20.501695
1779754680,2026-05-26T00:18:00,2026-05-26 06:18:00,/accounts/{account_id},20.705085
1779754695,2026-05-26T00:18:15,2026-05-26 06:18:15,/accounts/{account_id},20.677966
1779754710,2026-05-26T00:18:30,2026-05-26 06:18:30,/accounts/{account_id},20.60339
1779754725,2026-05-26T00:18:45,2026-05-26 06:18:45,/accounts/{account_id},20.647458
1779754740,2026-05-26T00:19:00,2026-05-26 06:19:00,/accounts/{account_id},20.694915
1779754755,2026-05-26T00:19:15,2026-05-26 06:19:15,/accounts/{account_id},20.345763
1779754770,2026-05-26T00:19:30,2026-05-26 06:19:30,/accounts/{account_id},20.057627
1779754785,2026-05-26T00:19:45,2026-05-26 06:19:45,/accounts/{account_id},19.905085
1779754800,2026-05-26T00:20:00,2026-05-26 06:20:00,/accounts/{account_id},20.122034
1779754815,2026-05-26T00:20:15,2026-05-26 06:20:15,/accounts/{account_id},19.969492
1779754830,2026-05-26T00:20:30,2026-05-26 06:20:30,/accounts/{account_id},19.813559
1779754845,2026-05-26T00:20:45,2026-05-26 06:20:45,/accounts/{account_id},19.633898
1779754860,2026-05-26T00:21:00,2026-05-26 06:21:00,/accounts/{account_id},19.623729
1779754875,2026-05-26T00:21:15,2026-05-26 06:21:15,/accounts/{account_id},19.613559
1779754890,2026-05-26T00:21:30,2026-05-26 06:21:30,/accounts/{account_id},19.566102
1779754905,2026-05-26T00:21:45,2026-05-26 06:21:45,/accounts/{account_id},19.823729
1779754920,2026-05-26T00:22:00,2026-05-26 06:22:00,/accounts/{account_id},20.047458
1779754935,2026-05-26T00:22:15,2026-05-26 06:22:15,/accounts/{account_id},20.352542
1779754950,2026-05-26T00:22:30,2026-05-26 06:22:30,/accounts/{account_id},20.477966
1779754965,2026-05-26T00:22:45,2026-05-26 06:22:45,/accounts/{account_id},20.037288
1779754980,2026-05-26T00:23:00,2026-05-26 06:23:00,/accounts/{account_id},20.166102
1779754995,2026-05-26T00:23:15,2026-05-26 06:23:15,/accounts/{account_id},19.989831
1779755010,2026-05-26T00:23:30,2026-05-26 06:23:30,/accounts/{account_id},20.257627
1779755025,2026-05-26T00:23:45,2026-05-26 06:23:45,/accounts/{account_id},20.067797
1779755040,2026-05-26T00:24:00,2026-05-26 06:24:00,/accounts/{account_id},20.233898
1779755055,2026-05-26T00:24:15,2026-05-26 06:24:15,/accounts/{account_id},20.071186
1779755070,2026-05-26T00:24:30,2026-05-26 06:24:30,/accounts/{account_id},20.020339
1779755085,2026-05-26T00:24:45,2026-05-26 06:24:45,/accounts/{account_id},20.115254
1779755100,2026-05-26T00:25:00,2026-05-26 06:25:00,/accounts/{account_id},19.742373
1779755115,2026-05-26T00:25:15,2026-05-26 06:25:15,/accounts/{account_id},19.755932
1779755130,2026-05-26T00:25:30,2026-05-26 06:25:30,/accounts/{account_id},19.837288
1779755145,2026-05-26T00:25:45,2026-05-26 06:25:45,/accounts/{account_id},19.711864
1779755160,2026-05-26T00:26:00,2026-05-26 06:26:00,/accounts/{account_id},19.955932
1779755175,2026-05-26T00:26:15,2026-05-26 06:26:15,/accounts/{account_id},20.091525
1779755190,2026-05-26T00:26:30,2026-05-26 06:26:30,/accounts/{account_id},19.959322
1779755205,2026-05-26T00:26:45,2026-05-26 06:26:45,/accounts/{account_id},19.650847
1779755220,2026-05-26T00:27:00,2026-05-26 06:27:00,/accounts/{account_id},19.637288
1779755235,2026-05-26T00:27:15,2026-05-26 06:27:15,/accounts/{account_id},19.525424
1779755250,2026-05-26T00:27:30,2026-05-26 06:27:30,/accounts/{account_id},19.518644
1779755265,2026-05-26T00:27:45,2026-05-26 06:27:45,/accounts/{account_id},19.379661
1779755280,2026-05-26T00:28:00,2026-05-26 06:28:00,/accounts/{account_id},19.576271
1779755295,2026-05-26T00:28:15,2026-05-26 06:28:15,/accounts/{account_id},19.281356
1779755310,2026-05-26T00:28:30,2026-05-26 06:28:30,/accounts/{account_id},19.213559
1779755325,2026-05-26T00:28:45,2026-05-26 06:28:45,/accounts/{account_id},19.006973
1779755340,2026-05-26T00:29:00,2026-05-26 06:29:00,/accounts/{account_id},19.0
1779755355,2026-05-26T00:29:15,2026-05-26 06:29:15,/accounts/{account_id},18.99322
1779755370,2026-05-26T00:29:30,2026-05-26 06:29:30,/accounts/{account_id},18.918644
1779755385,2026-05-26T00:29:45,2026-05-26 06:29:45,/accounts/{account_id},19.047458
1779755400,2026-05-26T00:30:00,2026-05-26 06:30:00,/accounts/{account_id},19.271186
1779755415,2026-05-26T00:30:15,2026-05-26 06:30:15,/accounts/{account_id},19.416949
1779755430,2026-05-26T00:30:30,2026-05-26 06:30:30,/accounts/{account_id},19.627119
1779755445,2026-05-26T00:30:45,2026-05-26 06:30:45,/accounts/{account_id},19.810169
1779755460,2026-05-26T00:31:00,2026-05-26 06:31:00,/accounts/{account_id},19.891525
1779755475,2026-05-26T00:31:15,2026-05-26 06:31:15,/accounts/{account_id},19.867797
1779755490,2026-05-26T00:31:30,2026-05-26 06:31:30,/accounts/{account_id},19.820339
1779755505,2026-05-26T00:31:45,2026-05-26 06:31:45,/accounts/{account_id},19.871186
1779755520,2026-05-26T00:32:00,2026-05-26 06:32:00,/accounts/{account_id},19.891525
1779755535,2026-05-26T00:32:15,2026-05-26 06:32:15,/accounts/{account_id},19.661017
1779755550,2026-05-26T00:32:30,2026-05-26 06:32:30,/accounts/{account_id},19.786441
1779755565,2026-05-26T00:32:45,2026-05-26 06:32:45,/accounts/{account_id},19.518644
1779755580,2026-05-26T00:33:00,2026-05-26 06:33:00,/accounts/{account_id},19.4
1779755595,2026-05-26T00:33:15,2026-05-26 06:33:15,/accounts/{account_id},19.322034
1779755610,2026-05-26T00:33:30,2026-05-26 06:33:30,/accounts/{account_id},19.501695
1779755625,2026-05-26T00:33:45,2026-05-26 06:33:45,/accounts/{account_id},19.491525
1779755640,2026-05-26T00:34:00,2026-05-26 06:34:00,/accounts/{account_id},19.484746
1779755655,2026-05-26T00:34:15,2026-05-26 06:34:15,/accounts/{account_id},19.610169
1779755670,2026-05-26T00:34:30,2026-05-26 06:34:30,/accounts/{account_id},19.386441
1779755685,2026-05-26T00:34:45,2026-05-26 06:34:45,/accounts/{account_id},19.457627
1779755700,2026-05-26T00:35:00,2026-05-26 06:35:00,/accounts/{account_id},19.308475
1779755715,2026-05-26T00:35:15,2026-05-26 06:35:15,/accounts/{account_id},19.315254
1779755730,2026-05-26T00:35:30,2026-05-26 06:35:30,/accounts/{account_id},19.057627
1779755745,2026-05-26T00:35:45,2026-05-26 06:35:45,/accounts/{account_id},19.240678
1779755760,2026-05-26T00:36:00,2026-05-26 06:36:00,/accounts/{account_id},19.030508
1779755775,2026-05-26T00:36:15,2026-05-26 06:36:15,/accounts/{account_id},19.040678
1779755790,2026-05-26T00:36:30,2026-05-26 06:36:30,/accounts/{account_id},19.074576
1779755805,2026-05-26T00:36:45,2026-05-26 06:36:45,/accounts/{account_id},18.830508
1779755820,2026-05-26T00:37:00,2026-05-26 06:37:00,/accounts/{account_id},18.79322
1779755835,2026-05-26T00:37:15,2026-05-26 06:37:15,/accounts/{account_id},18.925424
1779755850,2026-05-26T00:37:30,2026-05-26 06:37:30,/accounts/{account_id},19.0
1779755865,2026-05-26T00:37:45,2026-05-26 06:37:45,/accounts/{account_id},19.345763
1779755880,2026-05-26T00:38:00,2026-05-26 06:38:00,/accounts/{account_id},19.335593
1779755895,2026-05-26T00:38:15,2026-05-26 06:38:15,/accounts/{account_id},19.19322
1779755910,2026-05-26T00:38:30,2026-05-26 06:38:30,/accounts/{account_id},19.105085
1779755925,2026-05-26T00:38:45,2026-05-26 06:38:45,/accounts/{account_id},19.413559
1779755940,2026-05-26T00:39:00,2026-05-26 06:39:00,/accounts/{account_id},19.583051
1779755955,2026-05-26T00:39:15,2026-05-26 06:39:15,/accounts/{account_id},19.586441
1779755970,2026-05-26T00:39:30,2026-05-26 06:39:30,/accounts/{account_id},19.850847
1779755985,2026-05-26T00:39:45,2026-05-26 06:39:45,/accounts/{account_id},19.725424
1779756000,2026-05-26T00:40:00,2026-05-26 06:40:00,/accounts/{account_id},19.579661
1779756015,2026-05-26T00:40:15,2026-05-26 06:40:15,/accounts/{account_id},19.586441
1779756030,2026-05-26T00:40:30,2026-05-26 06:40:30,/accounts/{account_id},19.959322
1779756045,2026-05-26T00:40:45,2026-05-26 06:40:45,/accounts/{account_id},19.901695
1779756060,2026-05-26T00:41:00,2026-05-26 06:41:00,/accounts/{account_id},19.857627
1779756075,2026-05-26T00:41:15,2026-05-26 06:41:15,/accounts/{account_id},19.938983
1779756090,2026-05-26T00:41:30,2026-05-26 06:41:30,/accounts/{account_id},20.088136
1779756105,2026-05-26T00:41:45,2026-05-26 06:41:45,/accounts/{account_id},19.976271
1779756120,2026-05-26T00:42:00,2026-05-26 06:42:00,/accounts/{account_id},20.067797
1779756135,2026-05-26T00:42:15,2026-05-26 06:42:15,/accounts/{account_id},20.00678
1779756150,2026-05-26T00:42:30,2026-05-26 06:42:30,/accounts/{account_id},19.976271
1779756165,2026-05-26T00:42:45,2026-05-26 06:42:45,/accounts/{account_id},20.220339
1779756180,2026-05-26T00:43:00,2026-05-26 06:43:00,/accounts/{account_id},20.576271
1779756195,2026-05-26T00:43:15,2026-05-26 06:43:15,/accounts/{account_id},20.640678
1779756210,2026-05-26T00:43:30,2026-05-26 06:43:30,/accounts/{account_id},20.698305
1779756225,2026-05-26T00:43:45,2026-05-26 06:43:45,/accounts/{account_id},20.461017
1779756240,2026-05-26T00:44:00,2026-05-26 06:44:00,/accounts/{account_id},20.505085
1779756255,2026-05-26T00:44:15,2026-05-26 06:44:15,/accounts/{account_id},20.650847
1779756270,2026-05-26T00:44:30,2026-05-26 06:44:30,/accounts/{account_id},20.267797
1779756285,2026-05-26T00:44:45,2026-05-26 06:44:45,/accounts/{account_id},20.40339
1779756300,2026-05-26T00:45:00,2026-05-26 06:45:00,/accounts/{account_id},20.467797
1779756315,2026-05-26T00:45:15,2026-05-26 06:45:15,/accounts/{account_id},20.257627
1779756330,2026-05-26T00:45:30,2026-05-26 06:45:30,/accounts/{account_id},20.033898
1779756345,2026-05-26T00:45:45,2026-05-26 06:45:45,/accounts/{account_id},19.894915
1779756360,2026-05-26T00:46:00,2026-05-26 06:46:00,/accounts/{account_id},20.067797
1779756375,2026-05-26T00:46:15,2026-05-26 06:46:15,/accounts/{account_id},19.949153
1779756390,2026-05-26T00:46:30,2026-05-26 06:46:30,/accounts/{account_id},19.949153
1779756405,2026-05-26T00:46:45,2026-05-26 06:46:45,/accounts/{account_id},20.132203
1779756420,2026-05-26T00:47:00,2026-05-26 06:47:00,/accounts/{account_id},19.99322
1779756435,2026-05-26T00:47:15,2026-05-26 06:47:15,/accounts/{account_id},19.915254
1779756450,2026-05-26T00:47:30,2026-05-26 06:47:30,/accounts/{account_id},19.759322
1779756465,2026-05-26T00:47:45,2026-05-26 06:47:45,/accounts/{account_id},19.661017
1779756480,2026-05-26T00:48:00,2026-05-26 06:48:00,/accounts/{account_id},19.40339
1779756495,2026-05-26T00:48:15,2026-05-26 06:48:15,/accounts/{account_id},19.528814
1779756510,2026-05-26T00:48:30,2026-05-26 06:48:30,/accounts/{account_id},19.681356
1779756525,2026-05-26T00:48:45,2026-05-26 06:48:45,/accounts/{account_id},19.40678
1779756540,2026-05-26T00:49:00,2026-05-26 06:49:00,/accounts/{account_id},19.471186
1779756555,2026-05-26T00:49:15,2026-05-26 06:49:15,/accounts/{account_id},19.379661
1779756570,2026-05-26T00:49:30,2026-05-26 06:49:30,/accounts/{account_id},19.457627
1779756585,2026-05-26T00:49:45,2026-05-26 06:49:45,/accounts/{account_id},19.572881
1779756600,2026-05-26T00:50:00,2026-05-26 06:50:00,/accounts/{account_id},19.359322
1779756615,2026-05-26T00:50:15,2026-05-26 06:50:15,/accounts/{account_id},19.698305
1779756630,2026-05-26T00:50:30,2026-05-26 06:50:30,/accounts/{account_id},19.630508
1779756645,2026-05-26T00:50:45,2026-05-26 06:50:45,/accounts/{account_id},20.00339
1779756660,2026-05-26T00:51:00,2026-05-26 06:51:00,/accounts/{account_id},19.698305
1779756675,2026-05-26T00:51:15,2026-05-26 06:51:15,/accounts/{account_id},19.80678
1779756690,2026-05-26T00:51:30,2026-05-26 06:51:30,/accounts/{account_id},19.874576
1779756705,2026-05-26T00:51:45,2026-05-26 06:51:45,/accounts/{account_id},19.938983
1779756720,2026-05-26T00:52:00,2026-05-26 06:52:00,/accounts/{account_id},19.728814
1779756735,2026-05-26T00:52:15,2026-05-26 06:52:15,/accounts/{account_id},19.718644
1779756750,2026-05-26T00:52:30,2026-05-26 06:52:30,/accounts/{account_id},20.155932
1779756765,2026-05-26T00:52:45,2026-05-26 06:52:45,/accounts/{account_id},20.145763
1779756780,2026-05-26T00:53:00,2026-05-26 06:53:00,/accounts/{account_id},20.101695
1779756795,2026-05-26T00:53:15,2026-05-26 06:53:15,/accounts/{account_id},19.969492
1779756810,2026-05-26T00:53:30,2026-05-26 06:53:30,/accounts/{account_id},20.094915
1779756825,2026-05-26T00:53:45,2026-05-26 06:53:45,/accounts/{account_id},20.172881
1779756840,2026-05-26T00:54:00,2026-05-26 06:54:00,/accounts/{account_id},20.335593
1779756855,2026-05-26T00:54:15,2026-05-26 06:54:15,/accounts/{account_id},20.522034
1779756870,2026-05-26T00:54:30,2026-05-26 06:54:30,/accounts/{account_id},20.315254
1779756885,2026-05-26T00:54:45,2026-05-26 06:54:45,/accounts/{account_id},20.630508
1779756900,2026-05-26T00:55:00,2026-05-26 06:55:00,/accounts/{account_id},20.318644
1779756915,2026-05-26T00:55:15,2026-05-26 06:55:15,/accounts/{account_id},20.210169
1779756930,2026-05-26T00:55:30,2026-05-26 06:55:30,/accounts/{account_id},20.291525
1779756945,2026-05-26T00:55:45,2026-05-26 06:55:45,/accounts/{account_id},20.152542
1779756960,2026-05-26T00:56:00,2026-05-26 06:56:00,/accounts/{account_id},20.60339
1779756975,2026-05-26T00:56:15,2026-05-26 06:56:15,/accounts/{account_id},20.6
1779756990,2026-05-26T00:56:30,2026-05-26 06:56:30,/accounts/{account_id},20.522034
1779757005,2026-05-26T00:56:45,2026-05-26 06:56:45,/accounts/{account_id},20.484746
1779757020,2026-05-26T00:57:00,2026-05-26 06:57:00,/accounts/{account_id},20.718644
1779757035,2026-05-26T00:57:15,2026-05-26 06:57:15,/accounts/{account_id},20.379661
1779757050,2026-05-26T00:57:30,2026-05-26 06:57:30,/accounts/{account_id},20.305085
1779757065,2026-05-26T00:57:45,2026-05-26 06:57:45,/accounts/{account_id},20.345625
1779757080,2026-05-26T00:58:00,2026-05-26 06:58:00,/accounts/{account_id},20.359322
1779757095,2026-05-26T00:58:15,2026-05-26 06:58:15,/accounts/{account_id},20.444068
1779757110,2026-05-26T00:58:30,2026-05-26 06:58:30,/accounts/{account_id},20.186441
1779757125,2026-05-26T00:58:45,2026-05-26 06:58:45,/accounts/{account_id},20.213559
1779757140,2026-05-26T00:59:00,2026-05-26 06:59:00,/accounts/{account_id},20.176271
1779757155,2026-05-26T00:59:15,2026-05-26 06:59:15,/accounts/{account_id},19.80339
1779757170,2026-05-26T00:59:30,2026-05-26 06:59:30,/accounts/{account_id},20.040678
1779757185,2026-05-26T00:59:45,2026-05-26 06:59:45,/accounts/{account_id},19.99322
1779757200,2026-05-26T01:00:00,2026-05-26 07:00:00,/accounts/{account_id},19.938983
1779757215,2026-05-26T01:00:15,2026-05-26 07:00:15,/accounts/{account_id},20.111864
1779757230,2026-05-26T01:00:30,2026-05-26 07:00:30,/accounts/{account_id},19.837288
1779757245,2026-05-26T01:00:45,2026-05-26 07:00:45,/accounts/{account_id},19.833898
1779757260,2026-05-26T01:01:00,2026-05-26 07:01:00,/accounts/{account_id},19.776271
1779757275,2026-05-26T01:01:15,2026-05-26 07:01:15,/accounts/{account_id},19.589831
1779757290,2026-05-26T01:01:30,2026-05-26 07:01:30,/accounts/{account_id},19.505085
1779757305,2026-05-26T01:01:45,2026-05-26 07:01:45,/accounts/{account_id},19.467797
1779757320,2026-05-26T01:02:00,2026-05-26 07:02:00,/accounts/{account_id},19.325424
1779757335,2026-05-26T01:02:15,2026-05-26 07:02:15,/accounts/{account_id},19.322034
1779757350,2026-05-26T01:02:30,2026-05-26 07:02:30,/accounts/{account_id},19.494915
1779757365,2026-05-26T01:02:45,2026-05-26 07:02:45,/accounts/{account_id},19.379661
1779757380,2026-05-26T01:03:00,2026-05-26 07:03:00,/accounts/{account_id},19.172881
1779757395,2026-05-26T01:03:15,2026-05-26 07:03:15,/accounts/{account_id},19.142373
1779757410,2026-05-26T01:03:30,2026-05-26 07:03:30,/accounts/{account_id},19.322034
1779757425,2026-05-26T01:03:45,2026-05-26 07:03:45,/accounts/{account_id},19.389831
1779757440,2026-05-26T01:04:00,2026-05-26 07:04:00,/accounts/{account_id},19.274576
1779757455,2026-05-26T01:04:15,2026-05-26 07:04:15,/accounts/{account_id},19.427119
1779757470,2026-05-26T01:04:30,2026-05-26 07:04:30,/accounts/{account_id},19.461017
1779757485,2026-05-26T01:04:45,2026-05-26 07:04:45,/accounts/{account_id},19.244068
1779757500,2026-05-26T01:05:00,2026-05-26 07:05:00,/accounts/{account_id},19.142373
1779757515,2026-05-26T01:05:15,2026-05-26 07:05:15,/accounts/{account_id},18.925424
1779757530,2026-05-26T01:05:30,2026-05-26 07:05:30,/accounts/{account_id},19.071186
1779757545,2026-05-26T01:05:45,2026-05-26 07:05:45,/accounts/{account_id},18.905085
1779757560,2026-05-26T01:06:00,2026-05-26 07:06:00,/accounts/{account_id},18.915254
1779757575,2026-05-26T01:06:15,2026-05-26 07:06:15,/accounts/{account_id},19.332203
1779757590,2026-05-26T01:06:30,2026-05-26 07:06:30,/accounts/{account_id},19.427119
1779757605,2026-05-26T01:06:45,2026-05-26 07:06:45,/accounts/{account_id},19.610169
1779757620,2026-05-26T01:07:00,2026-05-26 07:07:00,/accounts/{account_id},19.725424
1779757635,2026-05-26T01:07:15,2026-05-26 07:07:15,/accounts/{account_id},19.650847
1779757650,2026-05-26T01:07:30,2026-05-26 07:07:30,/accounts/{account_id},19.498305
1779757665,2026-05-26T01:07:45,2026-05-26 07:07:45,/accounts/{account_id},19.562712
1779757680,2026-05-26T01:08:00,2026-05-26 07:08:00,/accounts/{account_id},19.715254
1779757695,2026-05-26T01:08:15,2026-05-26 07:08:15,/accounts/{account_id},19.827119
1779757710,2026-05-26T01:08:30,2026-05-26 07:08:30,/accounts/{account_id},20.315254
1779757725,2026-05-26T01:08:45,2026-05-26 07:08:45,/accounts/{account_id},20.342373
1779757740,2026-05-26T01:09:00,2026-05-26 07:09:00,/accounts/{account_id},20.488136
1779757755,2026-05-26T01:09:15,2026-05-26 07:09:15,/accounts/{account_id},20.60678
1779757770,2026-05-26T01:09:30,2026-05-26 07:09:30,/accounts/{account_id},21.071186
1779757785,2026-05-26T01:09:45,2026-05-26 07:09:45,/accounts/{account_id},21.525424
1779757800,2026-05-26T01:10:00,2026-05-26 07:10:00,/accounts/{account_id},21.80339
1779757815,2026-05-26T01:10:15,2026-05-26 07:10:15,/accounts/{account_id},21.857627
1779757830,2026-05-26T01:10:30,2026-05-26 07:10:30,/accounts/{account_id},22.20339
1779757845,2026-05-26T01:10:45,2026-05-26 07:10:45,/accounts/{account_id},22.145763
1779757860,2026-05-26T01:11:00,2026-05-26 07:11:00,/accounts/{account_id},22.111864
1779757875,2026-05-26T01:11:15,2026-05-26 07:11:15,/accounts/{account_id},22.216949
1779757890,2026-05-26T01:11:30,2026-05-26 07:11:30,/accounts/{account_id},22.461017
1779757905,2026-05-26T01:11:45,2026-05-26 07:11:45,/accounts/{account_id},22.39661
1779757920,2026-05-26T01:12:00,2026-05-26 07:12:00,/accounts/{account_id},22.128814
1779757935,2026-05-26T01:12:15,2026-05-26 07:12:15,/accounts/{account_id},22.19661
1779757950,2026-05-26T01:12:30,2026-05-26 07:12:30,/accounts/{account_id},22.318644
1779757965,2026-05-26T01:12:45,2026-05-26 07:12:45,/accounts/{account_id},22.20678
1779757980,2026-05-26T01:13:00,2026-05-26 07:13:00,/accounts/{account_id},22.20339
1779757995,2026-05-26T01:13:15,2026-05-26 07:13:15,/accounts/{account_id},21.959322
1779758010,2026-05-26T01:13:30,2026-05-26 07:13:30,/accounts/{account_id},21.271186
1779758025,2026-05-26T01:13:45,2026-05-26 07:13:45,/accounts/{account_id},21.281356
1779758040,2026-05-26T01:14:00,2026-05-26 07:14:00,/accounts/{account_id},21.166102
1779758055,2026-05-26T01:14:15,2026-05-26 07:14:15,/accounts/{account_id},20.959322
1779758070,2026-05-26T01:14:30,2026-05-26 07:14:30,/accounts/{account_id},20.759322
1779758085,2026-05-26T01:14:45,2026-05-26 07:14:45,/accounts/{account_id},20.383051
1779758100,2026-05-26T01:15:00,2026-05-26 07:15:00,/accounts/{account_id},20.145763
1779758115,2026-05-26T01:15:15,2026-05-26 07:15:15,/accounts/{account_id},19.979661
1779758130,2026-05-26T01:15:30,2026-05-26 07:15:30,/accounts/{account_id},19.99661
1779758145,2026-05-26T01:15:45,2026-05-26 07:15:45,/accounts/{account_id},19.925424
1779758160,2026-05-26T01:16:00,2026-05-26 07:16:00,/accounts/{account_id},19.738983
1779758175,2026-05-26T01:16:15,2026-05-26 07:16:15,/accounts/{account_id},19.711864
1779758190,2026-05-26T01:16:30,2026-05-26 07:16:30,/accounts/{account_id},19.762712
1779758205,2026-05-26T01:16:45,2026-05-26 07:16:45,/accounts/{account_id},19.522034
1779758220,2026-05-26T01:17:00,2026-05-26 07:17:00,/accounts/{account_id},19.881356
1779758235,2026-05-26T01:17:15,2026-05-26 07:17:15,/accounts/{account_id},20.135593
1779758250,2026-05-26T01:17:30,2026-05-26 07:17:30,/accounts/{account_id},19.935593
1779758265,2026-05-26T01:17:45,2026-05-26 07:17:45,/accounts/{account_id},19.742373
1779758280,2026-05-26T01:18:00,2026-05-26 07:18:00,/accounts/{account_id},19.657627
1779758295,2026-05-26T01:18:15,2026-05-26 07:18:15,/accounts/{account_id},19.772881
1779758310,2026-05-26T01:18:30,2026-05-26 07:18:30,/accounts/{account_id},19.810169
1779758325,2026-05-26T01:18:45,2026-05-26 07:18:45,/accounts/{account_id},19.715254
1779758340,2026-05-26T01:19:00,2026-05-26 07:19:00,/accounts/{account_id},19.657627
1779758355,2026-05-26T01:19:15,2026-05-26 07:19:15,/accounts/{account_id},19.59661
1779758370,2026-05-26T01:19:30,2026-05-26 07:19:30,/accounts/{account_id},19.535593
1779758385,2026-05-26T01:19:45,2026-05-26 07:19:45,/accounts/{account_id},19.637288
1779758400,2026-05-26T01:20:00,2026-05-26 07:20:00,/accounts/{account_id},19.633898
1779758415,2026-05-26T01:20:15,2026-05-26 07:20:15,/accounts/{account_id},19.772881
1779758430,2026-05-26T01:20:30,2026-05-26 07:20:30,/accounts/{account_id},19.955932
1779758445,2026-05-26T01:20:45,2026-05-26 07:20:45,/accounts/{account_id},19.901695
1779758460,2026-05-26T01:21:00,2026-05-26 07:21:00,/accounts/{account_id},20.176271
1779758475,2026-05-26T01:21:15,2026-05-26 07:21:15,/accounts/{account_id},20.701695
1779758490,2026-05-26T01:21:30,2026-05-26 07:21:30,/accounts/{account_id},21.671186
1779758505,2026-05-26T01:21:45,2026-05-26 07:21:45,/accounts/{account_id},22.094915
1779758520,2026-05-26T01:22:00,2026-05-26 07:22:00,/accounts/{account_id},22.328814
1779758535,2026-05-26T01:22:15,2026-05-26 07:22:15,/accounts/{account_id},22.966102
1779758550,2026-05-26T01:22:30,2026-05-26 07:22:30,/accounts/{account_id},23.528814
1779758565,2026-05-26T01:22:45,2026-05-26 07:22:45,/accounts/{account_id},24.450847
1779758580,2026-05-26T01:23:00,2026-05-26 07:23:00,/accounts/{account_id},25.213559
1779758595,2026-05-26T01:23:15,2026-05-26 07:23:15,/accounts/{account_id},26.179661
1779758610,2026-05-26T01:23:30,2026-05-26 07:23:30,/accounts/{account_id},26.888136
1779758625,2026-05-26T01:23:45,2026-05-26 07:23:45,/accounts/{account_id},27.640678
1779758640,2026-05-26T01:24:00,2026-05-26 07:24:00,/accounts/{account_id},28.749153
1779758655,2026-05-26T01:24:15,2026-05-26 07:24:15,/accounts/{account_id},29.877966
1779758670,2026-05-26T01:24:30,2026-05-26 07:24:30,/accounts/{account_id},31.084746
1779758685,2026-05-26T01:24:45,2026-05-26 07:24:45,/accounts/{account_id},32.264407
1779758700,2026-05-26T01:25:00,2026-05-26 07:25:00,/accounts/{account_id},33.413559
1779758715,2026-05-26T01:25:15,2026-05-26 07:25:15,/accounts/{account_id},34.627119
1779758730,2026-05-26T01:25:30,2026-05-26 07:25:30,/accounts/{account_id},35.694915
1779758745,2026-05-26T01:25:45,2026-05-26 07:25:45,/accounts/{account_id},36.735593
1779758760,2026-05-26T01:26:00,2026-05-26 07:26:00,/accounts/{account_id},37.667797
1779758775,2026-05-26T01:26:15,2026-05-26 07:26:15,/accounts/{account_id},38.555932
1779758790,2026-05-26T01:26:30,2026-05-26 07:26:30,/accounts/{account_id},39.0
1779758805,2026-05-26T01:26:45,2026-05-26 07:26:45,/accounts/{account_id},39.749153
1779758820,2026-05-26T01:27:00,2026-05-26 07:27:00,/accounts/{account_id},40.915254
1779758835,2026-05-26T01:27:15,2026-05-26 07:27:15,/accounts/{account_id},41.8
1779758850,2026-05-26T01:27:30,2026-05-26 07:27:30,/accounts/{account_id},42.281356
1779758865,2026-05-26T01:27:45,2026-05-26 07:27:45,/accounts/{account_id},42.766102
1779758880,2026-05-26T01:28:00,2026-05-26 07:28:00,/accounts/{account_id},43.274576
1779758895,2026-05-26T01:28:15,2026-05-26 07:28:15,/accounts/{account_id},43.725424
1779758910,2026-05-26T01:28:30,2026-05-26 07:28:30,/accounts/{account_id},44.250397
1779758925,2026-05-26T01:28:45,2026-05-26 07:28:45,/accounts/{account_id},44.376271
1779758940,2026-05-26T01:29:00,2026-05-26 07:29:00,/accounts/{account_id},44.79322
1779758955,2026-05-26T01:29:15,2026-05-26 07:29:15,/accounts/{account_id},45.461017
1779758970,2026-05-26T01:29:30,2026-05-26 07:29:30,/accounts/{account_id},45.40678
1779758985,2026-05-26T01:29:45,2026-05-26 07:29:45,/accounts/{account_id},45.589831
1779759000,2026-05-26T01:30:00,2026-05-26 07:30:00,/accounts/{account_id},45.908475
1779759015,2026-05-26T01:30:15,2026-05-26 07:30:15,/accounts/{account_id},46.101695
1779759030,2026-05-26T01:30:30,2026-05-26 07:30:30,/accounts/{account_id},46.081356
1779759045,2026-05-26T01:30:45,2026-05-26 07:30:45,/accounts/{account_id},45.955932
1779759060,2026-05-26T01:31:00,2026-05-26 07:31:00,/accounts/{account_id},45.976271
1779759075,2026-05-26T01:31:15,2026-05-26 07:31:15,/accounts/{account_id},45.833898
1779759090,2026-05-26T01:31:30,2026-05-26 07:31:30,/accounts/{account_id},45.840678
1779759105,2026-05-26T01:31:45,2026-05-26 07:31:45,/accounts/{account_id},45.728814
1779759120,2026-05-26T01:32:00,2026-05-26 07:32:00,/accounts/{account_id},46.094915
1779759135,2026-05-26T01:32:15,2026-05-26 07:32:15,/accounts/{account_id},46.030508
1779759150,2026-05-26T01:32:30,2026-05-26 07:32:30,/accounts/{account_id},46.122034
1779759165,2026-05-26T01:32:45,2026-05-26 07:32:45,/accounts/{account_id},46.169492
1779759180,2026-05-26T01:33:00,2026-05-26 07:33:00,/accounts/{account_id},46.240678
1779759195,2026-05-26T01:33:15,2026-05-26 07:33:15,/accounts/{account_id},46.172881
1779759210,2026-05-26T01:33:30,2026-05-26 07:33:30,/accounts/{account_id},46.189831
1779759225,2026-05-26T01:33:45,2026-05-26 07:33:45,/accounts/{account_id},46.2
1779759240,2026-05-26T01:34:00,2026-05-26 07:34:00,/accounts/{account_id},46.040678
1779759255,2026-05-26T01:34:15,2026-05-26 07:34:15,/accounts/{account_id},46.030508
1779759270,2026-05-26T01:34:30,2026-05-26 07:34:30,/accounts/{account_id},46.274576
1779759285,2026-05-26T01:34:45,2026-05-26 07:34:45,/accounts/{account_id},46.145763
1779759300,2026-05-26T01:35:00,2026-05-26 07:35:00,/accounts/{account_id},46.057627
1779759315,2026-05-26T01:35:15,2026-05-26 07:35:15,/accounts/{account_id},45.976271
1779759330,2026-05-26T01:35:30,2026-05-26 07:35:30,/accounts/{account_id},46.057627
1779759345,2026-05-26T01:35:45,2026-05-26 07:35:45,/accounts/{account_id},46.098305
1779759360,2026-05-26T01:36:00,2026-05-26 07:36:00,/accounts/{account_id},45.952542
1779759375,2026-05-26T01:36:15,2026-05-26 07:36:15,/accounts/{account_id},46.054237
1779759390,2026-05-26T01:36:30,2026-05-26 07:36:30,/accounts/{account_id},45.884746
1779759405,2026-05-26T01:36:45,2026-05-26 07:36:45,/accounts/{account_id},45.894915
1779759420,2026-05-26T01:37:00,2026-05-26 07:37:00,/accounts/{account_id},45.345763
1779759435,2026-05-26T01:37:15,2026-05-26 07:37:15,/accounts/{account_id},45.315254
1779759450,2026-05-26T01:37:30,2026-05-26 07:37:30,/accounts/{account_id},45.386441
1779759465,2026-05-26T01:37:45,2026-05-26 07:37:45,/accounts/{account_id},45.227119
1779759480,2026-05-26T01:38:00,2026-05-26 07:38:00,/accounts/{account_id},45.335593
1779759495,2026-05-26T01:38:15,2026-05-26 07:38:15,/accounts/{account_id},45.176271
1779759510,2026-05-26T01:38:30,2026-05-26 07:38:30,/accounts/{account_id},45.061017
1779759525,2026-05-26T01:38:45,2026-05-26 07:38:45,/accounts/{account_id},44.759322
1779759540,2026-05-26T01:39:00,2026-05-26 07:39:00,/accounts/{account_id},44.749153
1779759555,2026-05-26T01:39:15,2026-05-26 07:39:15,/accounts/{account_id},45.081356
1779759570,2026-05-26T01:39:30,2026-05-26 07:39:30,/accounts/{account_id},44.962712
1779759585,2026-05-26T01:39:45,2026-05-26 07:39:45,/accounts/{account_id},44.891525
1779759600,2026-05-26T01:40:00,2026-05-26 07:40:00,/accounts/{account_id},44.938983
1779759615,2026-05-26T01:40:15,2026-05-26 07:40:15,/accounts/{account_id},44.983051
1779759630,2026-05-26T01:40:30,2026-05-26 07:40:30,/accounts/{account_id},45.094915
1779759645,2026-05-26T01:40:45,2026-05-26 07:40:45,/accounts/{account_id},44.901695
1779759660,2026-05-26T01:41:00,2026-05-26 07:41:00,/accounts/{account_id},44.722034
1779759675,2026-05-26T01:41:15,2026-05-26 07:41:15,/accounts/{account_id},44.854237
1779759690,2026-05-26T01:41:30,2026-05-26 07:41:30,/accounts/{account_id},44.942373
1779759705,2026-05-26T01:41:45,2026-05-26 07:41:45,/accounts/{account_id},45.711864
1779759720,2026-05-26T01:42:00,2026-05-26 07:42:00,/accounts/{account_id},45.372574
1779759735,2026-05-26T01:42:15,2026-05-26 07:42:15,/accounts/{account_id},45.786441
1779759750,2026-05-26T01:42:30,2026-05-26 07:42:30,/accounts/{account_id},46.00678
1779759765,2026-05-26T01:42:45,2026-05-26 07:42:45,/accounts/{account_id},45.644068
1779759780,2026-05-26T01:43:00,2026-05-26 07:43:00,/accounts/{account_id},45.545763
1779759795,2026-05-26T01:43:15,2026-05-26 07:43:15,/accounts/{account_id},45.630508
1779759810,2026-05-26T01:43:30,2026-05-26 07:43:30,/accounts/{account_id},46.176271
1779759825,2026-05-26T01:43:45,2026-05-26 07:43:45,/accounts/{account_id},46.050847
1779759840,2026-05-26T01:44:00,2026-05-26 07:44:00,/accounts/{account_id},46.074576
1779759855,2026-05-26T01:44:15,2026-05-26 07:44:15,/accounts/{account_id},45.688136
1779759870,2026-05-26T01:44:30,2026-05-26 07:44:30,/accounts/{account_id},45.79322
1779759885,2026-05-26T01:44:45,2026-05-26 07:44:45,/accounts/{account_id},45.667797
1779759900,2026-05-26T01:45:00,2026-05-26 07:45:00,/accounts/{account_id},45.555932
1779759915,2026-05-26T01:45:15,2026-05-26 07:45:15,/accounts/{account_id},45.905085
1779759930,2026-05-26T01:45:30,2026-05-26 07:45:30,/accounts/{account_id},46.027119
1779759945,2026-05-26T01:45:45,2026-05-26 07:45:45,/accounts/{account_id},45.742373
1779759960,2026-05-26T01:46:00,2026-05-26 07:46:00,/accounts/{account_id},45.705085
1779759975,2026-05-26T01:46:15,2026-05-26 07:46:15,/accounts/{account_id},45.837288
1779759990,2026-05-26T01:46:30,2026-05-26 07:46:30,/accounts/{account_id},45.613559
1779760005,2026-05-26T01:46:45,2026-05-26 07:46:45,/accounts/{account_id},45.545763
1779760020,2026-05-26T01:47:00,2026-05-26 07:47:00,/accounts/{account_id},45.715254
1779760035,2026-05-26T01:47:15,2026-05-26 07:47:15,/accounts/{account_id},45.189831
1779760050,2026-05-26T01:47:30,2026-05-26 07:47:30,/accounts/{account_id},45.118644
1779760065,2026-05-26T01:47:45,2026-05-26 07:47:45,/accounts/{account_id},45.59322
1779760080,2026-05-26T01:48:00,2026-05-26 07:48:00,/accounts/{account_id},45.986441
1779760095,2026-05-26T01:48:15,2026-05-26 07:48:15,/accounts/{account_id},46.033898
1779760110,2026-05-26T01:48:30,2026-05-26 07:48:30,/accounts/{account_id},45.925424
1779760125,2026-05-26T01:48:45,2026-05-26 07:48:45,/accounts/{account_id},45.99661
1779760140,2026-05-26T01:49:00,2026-05-26 07:49:00,/accounts/{account_id},45.983051
1779760155,2026-05-26T01:49:15,2026-05-26 07:49:15,/accounts/{account_id},45.945763
1779760170,2026-05-26T01:49:30,2026-05-26 07:49:30,/accounts/{account_id},45.667797
1779760185,2026-05-26T01:49:45,2026-05-26 07:49:45,/accounts/{account_id},46.037288
1779760200,2026-05-26T01:50:00,2026-05-26 07:50:00,/accounts/{account_id},45.840678
1779760215,2026-05-26T01:50:15,2026-05-26 07:50:15,/accounts/{account_id},45.844068
1779760230,2026-05-26T01:50:30,2026-05-26 07:50:30,/accounts/{account_id},45.80678
1779760245,2026-05-26T01:50:45,2026-05-26 07:50:45,/accounts/{account_id},46.233898
1779760260,2026-05-26T01:51:00,2026-05-26 07:51:00,/accounts/{account_id},46.318644
1779760275,2026-05-26T01:51:15,2026-05-26 07:51:15,/accounts/{account_id},46.240678
1779760290,2026-05-26T01:51:30,2026-05-26 07:51:30,/accounts/{account_id},46.267797
1779760305,2026-05-26T01:51:45,2026-05-26 07:51:45,/accounts/{account_id},45.908475
1779760320,2026-05-26T01:52:00,2026-05-26 07:52:00,/accounts/{account_id},46.366102
1779760335,2026-05-26T01:52:15,2026-05-26 07:52:15,/accounts/{account_id},46.39322
1779760350,2026-05-26T01:52:30,2026-05-26 07:52:30,/accounts/{account_id},46.20678
1779760365,2026-05-26T01:52:45,2026-05-26 07:52:45,/accounts/{account_id},45.966102
1779760380,2026-05-26T01:53:00,2026-05-26 07:53:00,/accounts/{account_id},45.932203
1779760395,2026-05-26T01:53:15,2026-05-26 07:53:15,/accounts/{account_id},46.071186
1779760410,2026-05-26T01:53:30,2026-05-26 07:53:30,/accounts/{account_id},46.545763
1779760425,2026-05-26T01:53:45,2026-05-26 07:53:45,/accounts/{account_id},46.254237
1779760440,2026-05-26T01:54:00,2026-05-26 07:54:00,/accounts/{account_id},46.227119
1779760455,2026-05-26T01:54:15,2026-05-26 07:54:15,/accounts/{account_id},45.881356
1779760470,2026-05-26T01:54:30,2026-05-26 07:54:30,/accounts/{account_id},45.80678
1779760485,2026-05-26T01:54:45,2026-05-26 07:54:45,/accounts/{account_id},45.620339
1779760500,2026-05-26T01:55:00,2026-05-26 07:55:00,/accounts/{account_id},45.871186
1779760515,2026-05-26T01:55:15,2026-05-26 07:55:15,/accounts/{account_id},45.508475
1779760530,2026-05-26T01:55:30,2026-05-26 07:55:30,/accounts/{account_id},45.189831
1779760545,2026-05-26T01:55:45,2026-05-26 07:55:45,/accounts/{account_id},45.111864
1779760560,2026-05-26T01:56:00,2026-05-26 07:56:00,/accounts/{account_id},45.183051
1779760575,2026-05-26T01:56:15,2026-05-26 07:56:15,/accounts/{account_id},45.637288
1779760590,2026-05-26T01:56:30,2026-05-26 07:56:30,/accounts/{account_id},45.522034
1779760605,2026-05-26T01:56:45,2026-05-26 07:56:45,/accounts/{account_id},45.257627
1779760620,2026-05-26T01:57:00,2026-05-26 07:57:00,/accounts/{account_id},45.162712
1779760635,2026-05-26T01:57:15,2026-05-26 07:57:15,/accounts/{account_id},44.928814
1779760650,2026-05-26T01:57:30,2026-05-26 07:57:30,/accounts/{account_id},44.925424
1779760665,2026-05-26T01:57:45,2026-05-26 07:57:45,/accounts/{account_id},44.701695
1779760680,2026-05-26T01:58:00,2026-05-26 07:58:00,/accounts/{account_id},44.6
1779760695,2026-05-26T01:58:15,2026-05-26 07:58:15,/accounts/{account_id},44.857627
1779760710,2026-05-26T01:58:30,2026-05-26 07:58:30,/accounts/{account_id},44.189831
1779760725,2026-05-26T01:58:45,2026-05-26 07:58:45,/accounts/{account_id},44.189831
1779760740,2026-05-26T01:59:00,2026-05-26 07:59:00,/accounts/{account_id},44.189831
1779760755,2026-05-26T01:59:15,2026-05-26 07:59:15,/accounts/{account_id},44.301695
1779760770,2026-05-26T01:59:30,2026-05-26 07:59:30,/accounts/{account_id},44.186441
1779760785,2026-05-26T01:59:45,2026-05-26 07:59:45,/accounts/{account_id},44.020339
1779760800,2026-05-26T02:00:00,2026-05-26 08:00:00,/accounts/{account_id},43.59322
1779760815,2026-05-26T02:00:15,2026-05-26 08:00:15,/accounts/{account_id},43.861017
1779760830,2026-05-26T02:00:30,2026-05-26 08:00:30,/accounts/{account_id},43.515254
1779760845,2026-05-26T02:00:45,2026-05-26 08:00:45,/accounts/{account_id},43.613559
1779760860,2026-05-26T02:01:00,2026-05-26 08:01:00,/accounts/{account_id},43.508475
1779760875,2026-05-26T02:01:15,2026-05-26 08:01:15,/accounts/{account_id},43.318644
1779760890,2026-05-26T02:01:30,2026-05-26 08:01:30,/accounts/{account_id},43.389831
1779760905,2026-05-26T02:01:45,2026-05-26 08:01:45,/accounts/{account_id},43.433898
1779760920,2026-05-26T02:02:00,2026-05-26 08:02:00,/accounts/{account_id},43.525424
1779760935,2026-05-26T02:02:15,2026-05-26 08:02:15,/accounts/{account_id},43.450847
1779760950,2026-05-26T02:02:30,2026-05-26 08:02:30,/accounts/{account_id},43.420339
1779760965,2026-05-26T02:02:45,2026-05-26 08:02:45,/accounts/{account_id},43.40678
1779760980,2026-05-26T02:03:00,2026-05-26 08:03:00,/accounts/{account_id},43.586441
1779760995,2026-05-26T02:03:15,2026-05-26 08:03:15,/accounts/{account_id},43.691525
1779761010,2026-05-26T02:03:30,2026-05-26 08:03:30,/accounts/{account_id},43.633898
1779761025,2026-05-26T02:03:45,2026-05-26 08:03:45,/accounts/{account_id},43.583051
1779761040,2026-05-26T02:04:00,2026-05-26 08:04:00,/accounts/{account_id},43.969492
1779761055,2026-05-26T02:04:15,2026-05-26 08:04:15,/accounts/{account_id},44.237288
1779761070,2026-05-26T02:04:30,2026-05-26 08:04:30,/accounts/{account_id},44.20339
1779761085,2026-05-26T02:04:45,2026-05-26 08:04:45,/accounts/{account_id},44.657627
1779761100,2026-05-26T02:05:00,2026-05-26 08:05:00,/accounts/{account_id},44.823729
1779761115,2026-05-26T02:05:15,2026-05-26 08:05:15,/accounts/{account_id},45.098305
1779761130,2026-05-26T02:05:30,2026-05-26 08:05:30,/accounts/{account_id},45.457627
1779761145,2026-05-26T02:05:45,2026-05-26 08:05:45,/accounts/{account_id},45.359322
1779761160,2026-05-26T02:06:00,2026-05-26 08:06:00,/accounts/{account_id},45.555932
1779761175,2026-05-26T02:06:15,2026-05-26 08:06:15,/accounts/{account_id},45.322034
1779761190,2026-05-26T02:06:30,2026-05-26 08:06:30,/accounts/{account_id},45.291525
1779761205,2026-05-26T02:06:45,2026-05-26 08:06:45,/accounts/{account_id},45.294915
1779761220,2026-05-26T02:07:00,2026-05-26 08:07:00,/accounts/{account_id},45.434206
1779761235,2026-05-26T02:07:15,2026-05-26 08:07:15,/accounts/{account_id},45.545763
1779761250,2026-05-26T02:07:30,2026-05-26 08:07:30,/accounts/{account_id},45.664407
1779761265,2026-05-26T02:07:45,2026-05-26 08:07:45,/accounts/{account_id},45.552542
1779761280,2026-05-26T02:08:00,2026-05-26 08:08:00,/accounts/{account_id},45.179661
1779761295,2026-05-26T02:08:15,2026-05-26 08:08:15,/accounts/{account_id},45.528814
1779761310,2026-05-26T02:08:30,2026-05-26 08:08:30,/accounts/{account_id},45.945763
1779761325,2026-05-26T02:08:45,2026-05-26 08:08:45,/accounts/{account_id},45.762712
1779761340,2026-05-26T02:09:00,2026-05-26 08:09:00,/accounts/{account_id},45.738983
1779761355,2026-05-26T02:09:15,2026-05-26 08:09:15,/accounts/{account_id},45.671186
1779761370,2026-05-26T02:09:30,2026-05-26 08:09:30,/accounts/{account_id},45.80678
1779761385,2026-05-26T02:09:45,2026-05-26 08:09:45,/accounts/{account_id},45.718644
1779761400,2026-05-26T02:10:00,2026-05-26 08:10:00,/accounts/{account_id},45.772881
1779761415,2026-05-26T02:10:15,2026-05-26 08:10:15,/accounts/{account_id},45.816949
1779761430,2026-05-26T02:10:30,2026-05-26 08:10:30,/accounts/{account_id},45.610169
1779761445,2026-05-26T02:10:45,2026-05-26 08:10:45,/accounts/{account_id},45.867797
1779761460,2026-05-26T02:11:00,2026-05-26 08:11:00,/accounts/{account_id},45.772881
1779761475,2026-05-26T02:11:15,2026-05-26 08:11:15,/accounts/{account_id},45.779661
1779761490,2026-05-26T02:11:30,2026-05-26 08:11:30,/accounts/{account_id},46.020339
1779761505,2026-05-26T02:11:45,2026-05-26 08:11:45,/accounts/{account_id},45.874576
1779761520,2026-05-26T02:12:00,2026-05-26 08:12:00,/accounts/{account_id},45.894915
1779761535,2026-05-26T02:12:15,2026-05-26 08:12:15,/accounts/{account_id},45.677966
1779761550,2026-05-26T02:12:30,2026-05-26 08:12:30,/accounts/{account_id},45.837288
1779761565,2026-05-26T02:12:45,2026-05-26 08:12:45,/accounts/{account_id},45.789831
1779761580,2026-05-26T02:13:00,2026-05-26 08:13:00,/accounts/{account_id},45.562712
1779761595,2026-05-26T02:13:15,2026-05-26 08:13:15,/accounts/{account_id},45.440678
1779761610,2026-05-26T02:13:30,2026-05-26 08:13:30,/accounts/{account_id},45.474576
1779761625,2026-05-26T02:13:45,2026-05-26 08:13:45,/accounts/{account_id},45.39661
1779761640,2026-05-26T02:14:00,2026-05-26 08:14:00,/accounts/{account_id},45.776271
1779761655,2026-05-26T02:14:15,2026-05-26 08:14:15,/accounts/{account_id},45.467797
1779761670,2026-05-26T02:14:30,2026-05-26 08:14:30,/accounts/{account_id},45.376271
1779761685,2026-05-26T02:14:45,2026-05-26 08:14:45,/accounts/{account_id},45.335593
1779761700,2026-05-26T02:15:00,2026-05-26 08:15:00,/accounts/{account_id},45.461017
1779761715,2026-05-26T02:15:15,2026-05-26 08:15:15,/accounts/{account_id},45.433898
1779761730,2026-05-26T02:15:30,2026-05-26 08:15:30,/accounts/{account_id},45.542373
1779761745,2026-05-26T02:15:45,2026-05-26 08:15:45,/accounts/{account_id},45.413559
1779761760,2026-05-26T02:16:00,2026-05-26 08:16:00,/accounts/{account_id},45.077966
1779761775,2026-05-26T02:16:15,2026-05-26 08:16:15,/accounts/{account_id},44.99322
1779761790,2026-05-26T02:16:30,2026-05-26 08:16:30,/accounts/{account_id},45.304778
1779761805,2026-05-26T02:16:45,2026-05-26 08:16:45,/accounts/{account_id},45.067797
1779761820,2026-05-26T02:17:00,2026-05-26 08:17:00,/accounts/{account_id},45.315254
1779761835,2026-05-26T02:17:15,2026-05-26 08:17:15,/accounts/{account_id},45.457627
1779761850,2026-05-26T02:17:30,2026-05-26 08:17:30,/accounts/{account_id},45.349153
1779761865,2026-05-26T02:17:45,2026-05-26 08:17:45,/accounts/{account_id},45.318644
1779761880,2026-05-26T02:18:00,2026-05-26 08:18:00,/accounts/{account_id},45.383051
1779761895,2026-05-26T02:18:15,2026-05-26 08:18:15,/accounts/{account_id},45.033898
1779761910,2026-05-26T02:18:30,2026-05-26 08:18:30,/accounts/{account_id},44.983051
1779761925,2026-05-26T02:18:45,2026-05-26 08:18:45,/accounts/{account_id},44.884746
1779761940,2026-05-26T02:19:00,2026-05-26 08:19:00,/accounts/{account_id},44.711864
1779761955,2026-05-26T02:19:15,2026-05-26 08:19:15,/accounts/{account_id},44.779661
1779761970,2026-05-26T02:19:30,2026-05-26 08:19:30,/accounts/{account_id},44.681356
1779761985,2026-05-26T02:19:45,2026-05-26 08:19:45,/accounts/{account_id},44.874576
1779762000,2026-05-26T02:20:00,2026-05-26 08:20:00,/accounts/{account_id},44.633898
1779762015,2026-05-26T02:20:15,2026-05-26 08:20:15,/accounts/{account_id},44.538983
1779762030,2026-05-26T02:20:30,2026-05-26 08:20:30,/accounts/{account_id},44.664407
1779762045,2026-05-26T02:20:45,2026-05-26 08:20:45,/accounts/{account_id},44.854237
1779762060,2026-05-26T02:21:00,2026-05-26 08:21:00,/accounts/{account_id},44.779661
1779762075,2026-05-26T02:21:15,2026-05-26 08:21:15,/accounts/{account_id},44.830508
1779762090,2026-05-26T02:21:30,2026-05-26 08:21:30,/accounts/{account_id},44.630508
1779762105,2026-05-26T02:21:45,2026-05-26 08:21:45,/accounts/{account_id},44.816645
1779762120,2026-05-26T02:22:00,2026-05-26 08:22:00,/accounts/{account_id},44.80339
1779762135,2026-05-26T02:22:15,2026-05-26 08:22:15,/accounts/{account_id},44.39661
1779762150,2026-05-26T02:22:30,2026-05-26 08:22:30,/accounts/{account_id},44.376271
1779762165,2026-05-26T02:22:45,2026-05-26 08:22:45,/accounts/{account_id},44.288136
1779762180,2026-05-26T02:23:00,2026-05-26 08:23:00,/accounts/{account_id},44.294915
1779762195,2026-05-26T02:23:15,2026-05-26 08:23:15,/accounts/{account_id},44.589831
1779762210,2026-05-26T02:23:30,2026-05-26 08:23:30,/accounts/{account_id},44.362712
1779762225,2026-05-26T02:23:45,2026-05-26 08:23:45,/accounts/{account_id},44.013559
1779762240,2026-05-26T02:24:00,2026-05-26 08:24:00,/accounts/{account_id},44.033898
1779762255,2026-05-26T02:24:15,2026-05-26 08:24:15,/accounts/{account_id},43.959322
1779762270,2026-05-26T02:24:30,2026-05-26 08:24:30,/accounts/{account_id},44.142373
1779762285,2026-05-26T02:24:45,2026-05-26 08:24:45,/accounts/{account_id},44.145763
1779762300,2026-05-26T02:25:00,2026-05-26 08:25:00,/accounts/{account_id},44.515254
1779762315,2026-05-26T02:25:15,2026-05-26 08:25:15,/accounts/{account_id},44.616949
1779762330,2026-05-26T02:25:30,2026-05-26 08:25:30,/accounts/{account_id},44.674273
1779762345,2026-05-26T02:25:45,2026-05-26 08:25:45,/accounts/{account_id},44.79322
1779762360,2026-05-26T02:26:00,2026-05-26 08:26:00,/accounts/{account_id},44.749153
1779762375,2026-05-26T02:26:15,2026-05-26 08:26:15,/accounts/{account_id},45.023729
1779762390,2026-05-26T02:26:30,2026-05-26 08:26:30,/accounts/{account_id},44.752542
1779762405,2026-05-26T02:26:45,2026-05-26 08:26:45,/accounts/{account_id},44.522034
1779762420,2026-05-26T02:27:00,2026-05-26 08:27:00,/accounts/{account_id},44.457627
1779762435,2026-05-26T02:27:15,2026-05-26 08:27:15,/accounts/{account_id},44.840678
1779762450,2026-05-26T02:27:30,2026-05-26 08:27:30,/accounts/{account_id},44.644068
1779762465,2026-05-26T02:27:45,2026-05-26 08:27:45,/accounts/{account_id},44.562712
1779762480,2026-05-26T02:28:00,2026-05-26 08:28:00,/accounts/{account_id},44.708475
1779762495,2026-05-26T02:28:15,2026-05-26 08:28:15,/accounts/{account_id},44.271186
1779762510,2026-05-26T02:28:30,2026-05-26 08:28:30,/accounts/{account_id},44.413559
1779762525,2026-05-26T02:28:45,2026-05-26 08:28:45,/accounts/{account_id},44.810169
1779762540,2026-05-26T02:29:00,2026-05-26 08:29:00,/accounts/{account_id},45.366102
1779762555,2026-05-26T02:29:15,2026-05-26 08:29:15,/accounts/{account_id},45.027119
1779762570,2026-05-26T02:29:30,2026-05-26 08:29:30,/accounts/{account_id},45.172881
1779762585,2026-05-26T02:29:45,2026-05-26 08:29:45,/accounts/{account_id},45.125424
1779762600,2026-05-26T02:30:00,2026-05-26 08:30:00,/accounts/{account_id},44.735593
1779762615,2026-05-26T02:30:15,2026-05-26 08:30:15,/accounts/{account_id},44.745763
1779762630,2026-05-26T02:30:30,2026-05-26 08:30:30,/accounts/{account_id},44.39661
1779762645,2026-05-26T02:30:45,2026-05-26 08:30:45,/accounts/{account_id},44.6
1779762660,2026-05-26T02:31:00,2026-05-26 08:31:00,/accounts/{account_id},45.179661
1779762675,2026-05-26T02:31:15,2026-05-26 08:31:15,/accounts/{account_id},45.410169
1779762690,2026-05-26T02:31:30,2026-05-26 08:31:30,/accounts/{account_id},45.582742
1779762705,2026-05-26T02:31:45,2026-05-26 08:31:45,/accounts/{account_id},46.271186
1779762720,2026-05-26T02:32:00,2026-05-26 08:32:00,/accounts/{account_id},46.379661
1779762735,2026-05-26T02:32:15,2026-05-26 08:32:15,/accounts/{account_id},46.60339
1779762750,2026-05-26T02:32:30,2026-05-26 08:32:30,/accounts/{account_id},46.461017
1779762765,2026-05-26T02:32:45,2026-05-26 08:32:45,/accounts/{account_id},46.60678
1779762780,2026-05-26T02:33:00,2026-05-26 08:33:00,/accounts/{account_id},47.118644
1779762795,2026-05-26T02:33:15,2026-05-26 08:33:15,/accounts/{account_id},46.823729
1779762810,2026-05-26T02:33:30,2026-05-26 08:33:30,/accounts/{account_id},46.667797
1779762825,2026-05-26T02:33:45,2026-05-26 08:33:45,/accounts/{account_id},46.738983
1779762840,2026-05-26T02:34:00,2026-05-26 08:34:00,/accounts/{account_id},46.59661
1779762855,2026-05-26T02:34:15,2026-05-26 08:34:15,/accounts/{account_id},46.694915
1779762870,2026-05-26T02:34:30,2026-05-26 08:34:30,/accounts/{account_id},46.830508
1779762885,2026-05-26T02:34:45,2026-05-26 08:34:45,/accounts/{account_id},46.789831
1779762900,2026-05-26T02:35:00,2026-05-26 08:35:00,/accounts/{account_id},46.894915
1779762915,2026-05-26T02:35:15,2026-05-26 08:35:15,/accounts/{account_id},47.132203
1779762930,2026-05-26T02:35:30,2026-05-26 08:35:30,/accounts/{account_id},46.671186
1779762945,2026-05-26T02:35:45,2026-05-26 08:35:45,/accounts/{account_id},46.552542
1779762960,2026-05-26T02:36:00,2026-05-26 08:36:00,/accounts/{account_id},46.338983
1779762975,2026-05-26T02:36:15,2026-05-26 08:36:15,/accounts/{account_id},45.837288
1779762990,2026-05-26T02:36:30,2026-05-26 08:36:30,/accounts/{account_id},45.742373
1779763005,2026-05-26T02:36:45,2026-05-26 08:36:45,/accounts/{account_id},45.335593
1779763020,2026-05-26T02:37:00,2026-05-26 08:37:00,/accounts/{account_id},45.183051
1779763035,2026-05-26T02:37:15,2026-05-26 08:37:15,/accounts/{account_id},45.284746
1779763050,2026-05-26T02:37:30,2026-05-26 08:37:30,/accounts/{account_id},45.661017
1779763065,2026-05-26T02:37:45,2026-05-26 08:37:45,/accounts/{account_id},45.457627
1779763080,2026-05-26T02:38:00,2026-05-26 08:38:00,/accounts/{account_id},45.332203
1779763095,2026-05-26T02:38:15,2026-05-26 08:38:15,/accounts/{account_id},45.457627
1779763110,2026-05-26T02:38:30,2026-05-26 08:38:30,/accounts/{account_id},45.627119
1779763125,2026-05-26T02:38:45,2026-05-26 08:38:45,/accounts/{account_id},45.552542
1779763140,2026-05-26T02:39:00,2026-05-26 08:39:00,/accounts/{account_id},45.677966
1779763155,2026-05-26T02:39:15,2026-05-26 08:39:15,/accounts/{account_id},45.284746
1779763170,2026-05-26T02:39:30,2026-05-26 08:39:30,/accounts/{account_id},45.125424
1779763185,2026-05-26T02:39:45,2026-05-26 08:39:45,/accounts/{account_id},45.138983
1779763200,2026-05-26T02:40:00,2026-05-26 08:40:00,/accounts/{account_id},45.050847
1779763215,2026-05-26T02:40:15,2026-05-26 08:40:15,/accounts/{account_id},45.044068
1779763230,2026-05-26T02:40:30,2026-05-26 08:40:30,/accounts/{account_id},44.640678
1779763245,2026-05-26T02:40:45,2026-05-26 08:40:45,/accounts/{account_id},44.657627
1779763260,2026-05-26T02:41:00,2026-05-26 08:41:00,/accounts/{account_id},44.711864
1779763275,2026-05-26T02:41:15,2026-05-26 08:41:15,/accounts/{account_id},44.759322
1779763290,2026-05-26T02:41:30,2026-05-26 08:41:30,/accounts/{account_id},44.891525
1779763305,2026-05-26T02:41:45,2026-05-26 08:41:45,/accounts/{account_id},45.061017
1779763320,2026-05-26T02:42:00,2026-05-26 08:42:00,/accounts/{account_id},44.888136
1779763335,2026-05-26T02:42:15,2026-05-26 08:42:15,/accounts/{account_id},44.59661
1779763350,2026-05-26T02:42:30,2026-05-26 08:42:30,/accounts/{account_id},44.545763
1779763365,2026-05-26T02:42:45,2026-05-26 08:42:45,/accounts/{account_id},44.454237
1779763380,2026-05-26T02:43:00,2026-05-26 08:43:00,/accounts/{account_id},44.949153
1779763395,2026-05-26T02:43:15,2026-05-26 08:43:15,/accounts/{account_id},45.183051
1779763410,2026-05-26T02:43:30,2026-05-26 08:43:30,/accounts/{account_id},45.416949
1779763425,2026-05-26T02:43:45,2026-05-26 08:43:45,/accounts/{account_id},45.122034
1779763440,2026-05-26T02:44:00,2026-05-26 08:44:00,/accounts/{account_id},45.454237
1779763455,2026-05-26T02:44:15,2026-05-26 08:44:15,/accounts/{account_id},45.538983
1779763470,2026-05-26T02:44:30,2026-05-26 08:44:30,/accounts/{account_id},45.871186
1779763485,2026-05-26T02:44:45,2026-05-26 08:44:45,/accounts/{account_id},45.237288
1779763500,2026-05-26T02:45:00,2026-05-26 08:45:00,/accounts/{account_id},45.40339
1779763515,2026-05-26T02:45:15,2026-05-26 08:45:15,/accounts/{account_id},45.572881
1779763530,2026-05-26T02:45:30,2026-05-26 08:45:30,/accounts/{account_id},46.067797
1779763545,2026-05-26T02:45:45,2026-05-26 08:45:45,/accounts/{account_id},45.99322
1779763560,2026-05-26T02:46:00,2026-05-26 08:46:00,/accounts/{account_id},46.149153
1779763575,2026-05-26T02:46:15,2026-05-26 08:46:15,/accounts/{account_id},45.976271
1779763590,2026-05-26T02:46:30,2026-05-26 08:46:30,/accounts/{account_id},45.945763
1779763605,2026-05-26T02:46:45,2026-05-26 08:46:45,/accounts/{account_id},46.037288
1779763620,2026-05-26T02:47:00,2026-05-26 08:47:00,/accounts/{account_id},46.305085
1779763635,2026-05-26T02:47:15,2026-05-26 08:47:15,/accounts/{account_id},46.647458
1779763650,2026-05-26T02:47:30,2026-05-26 08:47:30,/accounts/{account_id},46.579661
1779763665,2026-05-26T02:47:45,2026-05-26 08:47:45,/accounts/{account_id},46.552542
1779763680,2026-05-26T02:48:00,2026-05-26 08:48:00,/accounts/{account_id},45.769492
1779763695,2026-05-26T02:48:15,2026-05-26 08:48:15,/accounts/{account_id},45.505085
1779763710,2026-05-26T02:48:30,2026-05-26 08:48:30,/accounts/{account_id},45.684746
1779763725,2026-05-26T02:48:45,2026-05-26 08:48:45,/accounts/{account_id},45.376271
1779763740,2026-05-26T02:49:00,2026-05-26 08:49:00,/accounts/{account_id},45.474576
1779763755,2026-05-26T02:49:15,2026-05-26 08:49:15,/accounts/{account_id},45.328814
1779763770,2026-05-26T02:49:30,2026-05-26 08:49:30,/accounts/{account_id},45.515254
1779763785,2026-05-26T02:49:45,2026-05-26 08:49:45,/accounts/{account_id},45.430508
1779763800,2026-05-26T02:50:00,2026-05-26 08:50:00,/accounts/{account_id},45.60678
1779763815,2026-05-26T02:50:15,2026-05-26 08:50:15,/accounts/{account_id},45.311864
1779763830,2026-05-26T02:50:30,2026-05-26 08:50:30,/accounts/{account_id},45.444068
1779763845,2026-05-26T02:50:45,2026-05-26 08:50:45,/accounts/{account_id},45.277966
1779763860,2026-05-26T02:51:00,2026-05-26 08:51:00,/accounts/{account_id},45.247458
1779763875,2026-05-26T02:51:15,2026-05-26 08:51:15,/accounts/{account_id},45.084746
1779763890,2026-05-26T02:51:30,2026-05-26 08:51:30,/accounts/{account_id},45.010169
1779763905,2026-05-26T02:51:45,2026-05-26 08:51:45,/accounts/{account_id},44.664407
1779763920,2026-05-26T02:52:00,2026-05-26 08:52:00,/accounts/{account_id},44.105085
1779763935,2026-05-26T02:52:15,2026-05-26 08:52:15,/accounts/{account_id},44.298305
1779763950,2026-05-26T02:52:30,2026-05-26 08:52:30,/accounts/{account_id},44.101695
1779763965,2026-05-26T02:52:45,2026-05-26 08:52:45,/accounts/{account_id},43.962712
1779763980,2026-05-26T02:53:00,2026-05-26 08:53:00,/accounts/{account_id},43.955634
1779763995,2026-05-26T02:53:15,2026-05-26 08:53:15,/accounts/{account_id},43.945763
1779764010,2026-05-26T02:53:30,2026-05-26 08:53:30,/accounts/{account_id},43.908475
1779764025,2026-05-26T02:53:45,2026-05-26 08:53:45,/accounts/{account_id},44.122034
1779764040,2026-05-26T02:54:00,2026-05-26 08:54:00,/accounts/{account_id},44.105085
1779764055,2026-05-26T02:54:15,2026-05-26 08:54:15,/accounts/{account_id},43.837288
1779764070,2026-05-26T02:54:30,2026-05-26 08:54:30,/accounts/{account_id},44.244068
1779764085,2026-05-26T02:54:45,2026-05-26 08:54:45,/accounts/{account_id},44.674576
1779764100,2026-05-26T02:55:00,2026-05-26 08:55:00,/accounts/{account_id},44.786441
1779764115,2026-05-26T02:55:15,2026-05-26 08:55:15,/accounts/{account_id},45.037288
1779764130,2026-05-26T02:55:30,2026-05-26 08:55:30,/accounts/{account_id},44.922034
1779764145,2026-05-26T02:55:45,2026-05-26 08:55:45,/accounts/{account_id},45.338983
1779764160,2026-05-26T02:56:00,2026-05-26 08:56:00,/accounts/{account_id},45.179661
1779764175,2026-05-26T02:56:15,2026-05-26 08:56:15,/accounts/{account_id},45.427119
1779764190,2026-05-26T02:56:30,2026-05-26 08:56:30,/accounts/{account_id},45.623729
1779764205,2026-05-26T02:56:45,2026-05-26 08:56:45,/accounts/{account_id},45.762712
1779764220,2026-05-26T02:57:00,2026-05-26 08:57:00,/accounts/{account_id},46.084746
1779764235,2026-05-26T02:57:15,2026-05-26 08:57:15,/accounts/{account_id},46.237288
1779764250,2026-05-26T02:57:30,2026-05-26 08:57:30,/accounts/{account_id},46.128814
1779764265,2026-05-26T02:57:45,2026-05-26 08:57:45,/accounts/{account_id},46.0
1779764280,2026-05-26T02:58:00,2026-05-26 08:58:00,/accounts/{account_id},46.467797
1779764295,2026-05-26T02:58:15,2026-05-26 08:58:15,/accounts/{account_id},46.6
1779764310,2026-05-26T02:58:30,2026-05-26 08:58:30,/accounts/{account_id},46.328814
1779764325,2026-05-26T02:58:45,2026-05-26 08:58:45,/accounts/{account_id},46.464407
1779764340,2026-05-26T02:59:00,2026-05-26 08:59:00,/accounts/{account_id},46.667797
1779764355,2026-05-26T02:59:15,2026-05-26 08:59:15,/accounts/{account_id},46.444068
1779764370,2026-05-26T02:59:30,2026-05-26 08:59:30,/accounts/{account_id},46.569492
1779764385,2026-05-26T02:59:45,2026-05-26 08:59:45,/accounts/{account_id},46.501695
1779764400,2026-05-26T03:00:00,2026-05-26 09:00:00,/accounts/{account_id},46.230508
1779764415,2026-05-26T03:00:15,2026-05-26 09:00:15,/accounts/{account_id},45.898305
1779764430,2026-05-26T03:00:30,2026-05-26 09:00:30,/accounts/{account_id},45.738983
1779764445,2026-05-26T03:00:45,2026-05-26 09:00:45,/accounts/{account_id},45.528814
1779764460,2026-05-26T03:01:00,2026-05-26 09:01:00,/accounts/{account_id},45.586441
1779764475,2026-05-26T03:01:15,2026-05-26 09:01:15,/accounts/{account_id},45.681356
1779764490,2026-05-26T03:01:30,2026-05-26 09:01:30,/accounts/{account_id},45.508475
1779764505,2026-05-26T03:01:45,2026-05-26 09:01:45,/accounts/{account_id},45.488136
1779764520,2026-05-26T03:02:00,2026-05-26 09:02:00,/accounts/{account_id},45.284746
1779764535,2026-05-26T03:02:15,2026-05-26 09:02:15,/accounts/{account_id},45.390138
1779764550,2026-05-26T03:02:30,2026-05-26 09:02:30,/accounts/{account_id},45.691525
1779764565,2026-05-26T03:02:45,2026-05-26 09:02:45,/accounts/{account_id},46.094915
1779764580,2026-05-26T03:03:00,2026-05-26 09:03:00,/accounts/{account_id},46.223729
1779764595,2026-05-26T03:03:15,2026-05-26 09:03:15,/accounts/{account_id},46.088136
1779764610,2026-05-26T03:03:30,2026-05-26 09:03:30,/accounts/{account_id},46.284746
1779764625,2026-05-26T03:03:45,2026-05-26 09:03:45,/accounts/{account_id},46.244068
1779764640,2026-05-26T03:04:00,2026-05-26 09:04:00,/accounts/{account_id},46.179661
1779764655,2026-05-26T03:04:15,2026-05-26 09:04:15,/accounts/{account_id},46.416949
1779764670,2026-05-26T03:04:30,2026-05-26 09:04:30,/accounts/{account_id},46.250847
1779764685,2026-05-26T03:04:45,2026-05-26 09:04:45,/accounts/{account_id},46.261017
1779764700,2026-05-26T03:05:00,2026-05-26 09:05:00,/accounts/{account_id},46.36224
1779764715,2026-05-26T03:05:15,2026-05-26 09:05:15,/accounts/{account_id},46.525424
1779764730,2026-05-26T03:05:30,2026-05-26 09:05:30,/accounts/{account_id},46.871186
1779764745,2026-05-26T03:05:45,2026-05-26 09:05:45,/accounts/{account_id},47.071186
1779764760,2026-05-26T03:06:00,2026-05-26 09:06:00,/accounts/{account_id},47.220339
1779764775,2026-05-26T03:06:15,2026-05-26 09:06:15,/accounts/{account_id},46.979661
1779764790,2026-05-26T03:06:30,2026-05-26 09:06:30,/accounts/{account_id},46.816949
1779764805,2026-05-26T03:06:45,2026-05-26 09:06:45,/accounts/{account_id},46.857627
1779764820,2026-05-26T03:07:00,2026-05-26 09:07:00,/accounts/{account_id},46.650847
1779764835,2026-05-26T03:07:15,2026-05-26 09:07:15,/accounts/{account_id},46.39661
1779764850,2026-05-26T03:07:30,2026-05-26 09:07:30,/accounts/{account_id},46.230508
1779764865,2026-05-26T03:07:45,2026-05-26 09:07:45,/accounts/{account_id},45.959322
1779764880,2026-05-26T03:08:00,2026-05-26 09:08:00,/accounts/{account_id},45.911864
1779764895,2026-05-26T03:08:15,2026-05-26 09:08:15,/accounts/{account_id},45.738983
1779764910,2026-05-26T03:08:30,2026-05-26 09:08:30,/accounts/{account_id},45.867797
1779764925,2026-05-26T03:08:45,2026-05-26 09:08:45,/accounts/{account_id},45.637288
1779764940,2026-05-26T03:09:00,2026-05-26 09:09:00,/accounts/{account_id},45.623729
1779764955,2026-05-26T03:09:15,2026-05-26 09:09:15,/accounts/{account_id},45.237288
1779764970,2026-05-26T03:09:30,2026-05-26 09:09:30,/accounts/{account_id},45.311864
1779764985,2026-05-26T03:09:45,2026-05-26 09:09:45,/accounts/{account_id},45.237288
1779765000,2026-05-26T03:10:00,2026-05-26 09:10:00,/accounts/{account_id},45.166102
1779765015,2026-05-26T03:10:15,2026-05-26 09:10:15,/accounts/{account_id},45.423729
1779765030,2026-05-26T03:10:30,2026-05-26 09:10:30,/accounts/{account_id},45.169492
1779765045,2026-05-26T03:10:45,2026-05-26 09:10:45,/accounts/{account_id},45.142373
1779765060,2026-05-26T03:11:00,2026-05-26 09:11:00,/accounts/{account_id},44.833898
1779765075,2026-05-26T03:11:15,2026-05-26 09:11:15,/accounts/{account_id},45.20339
1779765090,2026-05-26T03:11:30,2026-05-26 09:11:30,/accounts/{account_id},45.383051
1779765105,2026-05-26T03:11:45,2026-05-26 09:11:45,/accounts/{account_id},45.501695
1779765120,2026-05-26T03:12:00,2026-05-26 09:12:00,/accounts/{account_id},45.633898
1779765135,2026-05-26T03:12:15,2026-05-26 09:12:15,/accounts/{account_id},45.728814
1779765150,2026-05-26T03:12:30,2026-05-26 09:12:30,/accounts/{account_id},45.291525
1779765165,2026-05-26T03:12:45,2026-05-26 09:12:45,/accounts/{account_id},45.386441
1779765180,2026-05-26T03:13:00,2026-05-26 09:13:00,/accounts/{account_id},45.545763
1779765195,2026-05-26T03:13:15,2026-05-26 09:13:15,/accounts/{account_id},45.244068
1779765210,2026-05-26T03:13:30,2026-05-26 09:13:30,/accounts/{account_id},45.010169
1779765225,2026-05-26T03:13:45,2026-05-26 09:13:45,/accounts/{account_id},45.101695
1779765240,2026-05-26T03:14:00,2026-05-26 09:14:00,/accounts/{account_id},45.118644
1779765255,2026-05-26T03:14:15,2026-05-26 09:14:15,/accounts/{account_id},45.064407
1779765270,2026-05-26T03:14:30,2026-05-26 09:14:30,/accounts/{account_id},45.281356
1779765285,2026-05-26T03:14:45,2026-05-26 09:14:45,/accounts/{account_id},45.315254
1779765300,2026-05-26T03:15:00,2026-05-26 09:15:00,/accounts/{account_id},45.074576
1779765315,2026-05-26T03:15:15,2026-05-26 09:15:15,/accounts/{account_id},45.094915
1779765330,2026-05-26T03:15:30,2026-05-26 09:15:30,/accounts/{account_id},45.220339
1779765345,2026-05-26T03:15:45,2026-05-26 09:15:45,/accounts/{account_id},45.210169
1779765360,2026-05-26T03:16:00,2026-05-26 09:16:00,/accounts/{account_id},44.874576
1779765375,2026-05-26T03:16:15,2026-05-26 09:16:15,/accounts/{account_id},44.718644
1779765390,2026-05-26T03:16:30,2026-05-26 09:16:30,/accounts/{account_id},44.783051
1779765405,2026-05-26T03:16:45,2026-05-26 09:16:45,/accounts/{account_id},45.118644
1779765420,2026-05-26T03:17:00,2026-05-26 09:17:00,/accounts/{account_id},44.959322
1779765435,2026-05-26T03:17:15,2026-05-26 09:17:15,/accounts/{account_id},45.274576
1779765450,2026-05-26T03:17:30,2026-05-26 09:17:30,/accounts/{account_id},44.972881
1779765465,2026-05-26T03:17:45,2026-05-26 09:17:45,/accounts/{account_id},45.244068
1779765480,2026-05-26T03:18:00,2026-05-26 09:18:00,/accounts/{account_id},45.00678
1779765495,2026-05-26T03:18:15,2026-05-26 09:18:15,/accounts/{account_id},45.169492
1779765510,2026-05-26T03:18:30,2026-05-26 09:18:30,/accounts/{account_id},45.779661
1779765525,2026-05-26T03:18:45,2026-05-26 09:18:45,/accounts/{account_id},45.732203
1779765540,2026-05-26T03:19:00,2026-05-26 09:19:00,/accounts/{account_id},45.816949
1779765555,2026-05-26T03:19:15,2026-05-26 09:19:15,/accounts/{account_id},45.857316
1779765570,2026-05-26T03:19:30,2026-05-26 09:19:30,/accounts/{account_id},45.688136
1779765585,2026-05-26T03:19:45,2026-05-26 09:19:45,/accounts/{account_id},45.79661
1779765600,2026-05-26T03:20:00,2026-05-26 09:20:00,/accounts/{account_id},45.79661
1779765615,2026-05-26T03:20:15,2026-05-26 09:20:15,/accounts/{account_id},45.694915
1779765630,2026-05-26T03:20:30,2026-05-26 09:20:30,/accounts/{account_id},45.498305
1779765645,2026-05-26T03:20:45,2026-05-26 09:20:45,/accounts/{account_id},45.484746
1779765660,2026-05-26T03:21:00,2026-05-26 09:21:00,/accounts/{account_id},45.827119
1779765675,2026-05-26T03:21:15,2026-05-26 09:21:15,/accounts/{account_id},45.725424
1779765690,2026-05-26T03:21:30,2026-05-26 09:21:30,/accounts/{account_id},45.60678
1779765705,2026-05-26T03:21:45,2026-05-26 09:21:45,/accounts/{account_id},45.149153
1779765720,2026-05-26T03:22:00,2026-05-26 09:22:00,/accounts/{account_id},45.420339
1779765735,2026-05-26T03:22:15,2026-05-26 09:22:15,/accounts/{account_id},45.566102
1779765750,2026-05-26T03:22:30,2026-05-26 09:22:30,/accounts/{account_id},45.525424
1779765765,2026-05-26T03:22:45,2026-05-26 09:22:45,/accounts/{account_id},45.705085
1779765780,2026-05-26T03:23:00,2026-05-26 09:23:00,/accounts/{account_id},45.281356
1779765795,2026-05-26T03:23:15,2026-05-26 09:23:15,/accounts/{account_id},45.111559
1779765810,2026-05-26T03:23:30,2026-05-26 09:23:30,/accounts/{account_id},44.969492
1779765825,2026-05-26T03:23:45,2026-05-26 09:23:45,/accounts/{account_id},44.861017
1779765840,2026-05-26T03:24:00,2026-05-26 09:24:00,/accounts/{account_id},44.650847
1779765855,2026-05-26T03:24:15,2026-05-26 09:24:15,/accounts/{account_id},44.644068
1779765870,2026-05-26T03:24:30,2026-05-26 09:24:30,/accounts/{account_id},44.610169
1779765885,2026-05-26T03:24:45,2026-05-26 09:24:45,/accounts/{account_id},44.559322
1779765900,2026-05-26T03:25:00,2026-05-26 09:25:00,/accounts/{account_id},44.511864
1779765915,2026-05-26T03:25:15,2026-05-26 09:25:15,/accounts/{account_id},44.440678
1779765930,2026-05-26T03:25:30,2026-05-26 09:25:30,/accounts/{account_id},44.461017
1779765945,2026-05-26T03:25:45,2026-05-26 09:25:45,/accounts/{account_id},44.169492
1779765960,2026-05-26T03:26:00,2026-05-26 09:26:00,/accounts/{account_id},44.210169
1779765975,2026-05-26T03:26:15,2026-05-26 09:26:15,/accounts/{account_id},44.338983
1779765990,2026-05-26T03:26:30,2026-05-26 09:26:30,/accounts/{account_id},44.166102
1779766005,2026-05-26T03:26:45,2026-05-26 09:26:45,/accounts/{account_id},44.379661
1779766020,2026-05-26T03:27:00,2026-05-26 09:27:00,/accounts/{account_id},44.094915
1779766035,2026-05-26T03:27:15,2026-05-26 09:27:15,/accounts/{account_id},44.044068
1779766050,2026-05-26T03:27:30,2026-05-26 09:27:30,/accounts/{account_id},43.938983
1779766065,2026-05-26T03:27:45,2026-05-26 09:27:45,/accounts/{account_id},43.830508
1779766080,2026-05-26T03:28:00,2026-05-26 09:28:00,/accounts/{account_id},44.142373
1779766095,2026-05-26T03:28:15,2026-05-26 09:28:15,/accounts/{account_id},44.047458
1779766110,2026-05-26T03:28:30,2026-05-26 09:28:30,/accounts/{account_id},43.945763
1779766125,2026-05-26T03:28:45,2026-05-26 09:28:45,/accounts/{account_id},43.932203
1779766140,2026-05-26T03:29:00,2026-05-26 09:29:00,/accounts/{account_id},44.172881
1779766155,2026-05-26T03:29:15,2026-05-26 09:29:15,/accounts/{account_id},44.061017
1779766170,2026-05-26T03:29:30,2026-05-26 09:29:30,/accounts/{account_id},44.416949
1779766185,2026-05-26T03:29:45,2026-05-26 09:29:45,/accounts/{account_id},43.908475
1779766200,2026-05-26T03:30:00,2026-05-26 09:30:00,/accounts/{account_id},44.383051
1779766215,2026-05-26T03:30:15,2026-05-26 09:30:15,/accounts/{account_id},44.688136
1779766230,2026-05-26T03:30:30,2026-05-26 09:30:30,/accounts/{account_id},44.745763
1779766245,2026-05-26T03:30:45,2026-05-26 09:30:45,/accounts/{account_id},44.691525
1779766260,2026-05-26T03:31:00,2026-05-26 09:31:00,/accounts/{account_id},44.579661
1779766275,2026-05-26T03:31:15,2026-05-26 09:31:15,/accounts/{account_id},44.79661
1779766290,2026-05-26T03:31:30,2026-05-26 09:31:30,/accounts/{account_id},44.247458
1779766305,2026-05-26T03:31:45,2026-05-26 09:31:45,/accounts/{account_id},44.925424
1779766320,2026-05-26T03:32:00,2026-05-26 09:32:00,/accounts/{account_id},44.864407
1779766335,2026-05-26T03:32:15,2026-05-26 09:32:15,/accounts/{account_id},44.840678
1779766350,2026-05-26T03:32:30,2026-05-26 09:32:30,/accounts/{account_id},45.179661
1779766365,2026-05-26T03:32:45,2026-05-26 09:32:45,/accounts/{account_id},45.054237
1779766380,2026-05-26T03:33:00,2026-05-26 09:33:00,/accounts/{account_id},45.267797
1779766395,2026-05-26T03:33:15,2026-05-26 09:33:15,/accounts/{account_id},45.244068
1779766410,2026-05-26T03:33:30,2026-05-26 09:33:30,/accounts/{account_id},45.223729
1779766425,2026-05-26T03:33:45,2026-05-26 09:33:45,/accounts/{account_id},45.508475
1779766440,2026-05-26T03:34:00,2026-05-26 09:34:00,/accounts/{account_id},45.359322
1779766455,2026-05-26T03:34:15,2026-05-26 09:34:15,/accounts/{account_id},45.498305
1779766470,2026-05-26T03:34:30,2026-05-26 09:34:30,/accounts/{account_id},45.538983
1779766485,2026-05-26T03:34:45,2026-05-26 09:34:45,/accounts/{account_id},45.613559
1779766500,2026-05-26T03:35:00,2026-05-26 09:35:00,/accounts/{account_id},45.366102
1779766515,2026-05-26T03:35:15,2026-05-26 09:35:15,/accounts/{account_id},45.237288
1779766530,2026-05-26T03:35:30,2026-05-26 09:35:30,/accounts/{account_id},45.376271
1779766545,2026-05-26T03:35:45,2026-05-26 09:35:45,/accounts/{account_id},45.535593
1779766560,2026-05-26T03:36:00,2026-05-26 09:36:00,/accounts/{account_id},45.440678
1779766575,2026-05-26T03:36:15,2026-05-26 09:36:15,/accounts/{account_id},45.725424
1779766590,2026-05-26T03:36:30,2026-05-26 09:36:30,/accounts/{account_id},45.850847
1779766605,2026-05-26T03:36:45,2026-05-26 09:36:45,/accounts/{account_id},45.755932
1779766620,2026-05-26T03:37:00,2026-05-26 09:37:00,/accounts/{account_id},45.562712
1779766635,2026-05-26T03:37:15,2026-05-26 09:37:15,/accounts/{account_id},45.681356
1779766650,2026-05-26T03:37:30,2026-05-26 09:37:30,/accounts/{account_id},45.579661
1779766665,2026-05-26T03:37:45,2026-05-26 09:37:45,/accounts/{account_id},45.901695
1779766680,2026-05-26T03:38:00,2026-05-26 09:38:00,/accounts/{account_id},45.671186
1779766695,2026-05-26T03:38:15,2026-05-26 09:38:15,/accounts/{account_id},46.108475
1779766710,2026-05-26T03:38:30,2026-05-26 09:38:30,/accounts/{account_id},46.044068
1779766725,2026-05-26T03:38:45,2026-05-26 09:38:45,/accounts/{account_id},46.044068
1779766740,2026-05-26T03:39:00,2026-05-26 09:39:00,/accounts/{account_id},45.894915
1779766755,2026-05-26T03:39:15,2026-05-26 09:39:15,/accounts/{account_id},45.898305
1779766770,2026-05-26T03:39:30,2026-05-26 09:39:30,/accounts/{account_id},45.440678
1779766785,2026-05-26T03:39:45,2026-05-26 09:39:45,/accounts/{account_id},45.528814
1779766800,2026-05-26T03:40:00,2026-05-26 09:40:00,/accounts/{account_id},45.498305
1779766815,2026-05-26T03:40:15,2026-05-26 09:40:15,/accounts/{account_id},45.335593
1779766830,2026-05-26T03:40:30,2026-05-26 09:40:30,/accounts/{account_id},45.355932
1779766845,2026-05-26T03:40:45,2026-05-26 09:40:45,/accounts/{account_id},45.186747
1779766860,2026-05-26T03:41:00,2026-05-26 09:41:00,/accounts/{account_id},45.125424
1779766875,2026-05-26T03:41:15,2026-05-26 09:41:15,/accounts/{account_id},44.79661
1779766890,2026-05-26T03:41:30,2026-05-26 09:41:30,/accounts/{account_id},44.759322
1779766905,2026-05-26T03:41:45,2026-05-26 09:41:45,/accounts/{account_id},44.657627
1779766920,2026-05-26T03:42:00,2026-05-26 09:42:00,/accounts/{account_id},45.142373
1779766935,2026-05-26T03:42:15,2026-05-26 09:42:15,/accounts/{account_id},44.79661
1779766950,2026-05-26T03:42:30,2026-05-26 09:42:30,/accounts/{account_id},44.827119
1779766965,2026-05-26T03:42:45,2026-05-26 09:42:45,/accounts/{account_id},44.725424
1779766980,2026-05-26T03:43:00,2026-05-26 09:43:00,/accounts/{account_id},44.352542
1779766995,2026-05-26T03:43:15,2026-05-26 09:43:15,/accounts/{account_id},44.325424
1779767010,2026-05-26T03:43:30,2026-05-26 09:43:30,/accounts/{account_id},44.179661
1779767025,2026-05-26T03:43:45,2026-05-26 09:43:45,/accounts/{account_id},44.315254
1779767040,2026-05-26T03:44:00,2026-05-26 09:44:00,/accounts/{account_id},44.284746
1779767055,2026-05-26T03:44:15,2026-05-26 09:44:15,/accounts/{account_id},44.338983
1779767070,2026-05-26T03:44:30,2026-05-26 09:44:30,/accounts/{account_id},44.488136
1779767085,2026-05-26T03:44:45,2026-05-26 09:44:45,/accounts/{account_id},44.189831
1779767100,2026-05-26T03:45:00,2026-05-26 09:45:00,/accounts/{account_id},44.301695
1779767115,2026-05-26T03:45:15,2026-05-26 09:45:15,/accounts/{account_id},44.301695
1779767130,2026-05-26T03:45:30,2026-05-26 09:45:30,/accounts/{account_id},44.19661
1779767145,2026-05-26T03:45:45,2026-05-26 09:45:45,/accounts/{account_id},44.020041
1779767160,2026-05-26T03:46:00,2026-05-26 09:46:00,/accounts/{account_id},44.057627
1779767175,2026-05-26T03:46:15,2026-05-26 09:46:15,/accounts/{account_id},43.925424
1779767190,2026-05-26T03:46:30,2026-05-26 09:46:30,/accounts/{account_id},44.362712
1779767205,2026-05-26T03:46:45,2026-05-26 09:46:45,/accounts/{account_id},44.020339
1779767220,2026-05-26T03:47:00,2026-05-26 09:47:00,/accounts/{account_id},43.644068
1779767235,2026-05-26T03:47:15,2026-05-26 09:47:15,/accounts/{account_id},43.650847
1779767250,2026-05-26T03:47:30,2026-05-26 09:47:30,/accounts/{account_id},43.616949
1779767265,2026-05-26T03:47:45,2026-05-26 09:47:45,/accounts/{account_id},43.630508
1779767280,2026-05-26T03:48:00,2026-05-26 09:48:00,/accounts/{account_id},44.220339
1779767295,2026-05-26T03:48:15,2026-05-26 09:48:15,/accounts/{account_id},43.786441
1779767310,2026-05-26T03:48:30,2026-05-26 09:48:30,/accounts/{account_id},43.549153
1779767325,2026-05-26T03:48:45,2026-05-26 09:48:45,/accounts/{account_id},43.528814
1779767340,2026-05-26T03:49:00,2026-05-26 09:49:00,/accounts/{account_id},43.681356
1779767355,2026-05-26T03:49:15,2026-05-26 09:49:15,/accounts/{account_id},43.610169
1779767370,2026-05-26T03:49:30,2026-05-26 09:49:30,/accounts/{account_id},43.769492
1779767385,2026-05-26T03:49:45,2026-05-26 09:49:45,/accounts/{account_id},43.687839
1779767400,2026-05-26T03:50:00,2026-05-26 09:50:00,/accounts/{account_id},44.19661
1779767415,2026-05-26T03:50:15,2026-05-26 09:50:15,/accounts/{account_id},44.264407
1779767430,2026-05-26T03:50:30,2026-05-26 09:50:30,/accounts/{account_id},44.061017
1779767445,2026-05-26T03:50:45,2026-05-26 09:50:45,/accounts/{account_id},44.301695
1779767460,2026-05-26T03:51:00,2026-05-26 09:51:00,/accounts/{account_id},44.155932
1779767475,2026-05-26T03:51:15,2026-05-26 09:51:15,/accounts/{account_id},44.60678
1779767490,2026-05-26T03:51:30,2026-05-26 09:51:30,/accounts/{account_id},44.257627
1779767505,2026-05-26T03:51:45,2026-05-26 09:51:45,/accounts/{account_id},44.830508
1779767520,2026-05-26T03:52:00,2026-05-26 09:52:00,/accounts/{account_id},44.549153
1779767535,2026-05-26T03:52:15,2026-05-26 09:52:15,/accounts/{account_id},44.572881
1779767550,2026-05-26T03:52:30,2026-05-26 09:52:30,/accounts/{account_id},44.542373
1779767565,2026-05-26T03:52:45,2026-05-26 09:52:45,/accounts/{account_id},44.39322
1779767580,2026-05-26T03:53:00,2026-05-26 09:53:00,/accounts/{account_id},44.335593
1779767595,2026-05-26T03:53:15,2026-05-26 09:53:15,/accounts/{account_id},44.589831
1779767610,2026-05-26T03:53:30,2026-05-26 09:53:30,/accounts/{account_id},44.528814
1779767625,2026-05-26T03:53:45,2026-05-26 09:53:45,/accounts/{account_id},44.556234
1779767640,2026-05-26T03:54:00,2026-05-26 09:54:00,/accounts/{account_id},44.549153
1779767655,2026-05-26T03:54:15,2026-05-26 09:54:15,/accounts/{account_id},44.559322
1779767670,2026-05-26T03:54:30,2026-05-26 09:54:30,/accounts/{account_id},44.264407
1779767685,2026-05-26T03:54:45,2026-05-26 09:54:45,/accounts/{account_id},43.932203
1779767700,2026-05-26T03:55:00,2026-05-26 09:55:00,/accounts/{account_id},43.79661
1779767715,2026-05-26T03:55:15,2026-05-26 09:55:15,/accounts/{account_id},44.267797
1779767730,2026-05-26T03:55:30,2026-05-26 09:55:30,/accounts/{account_id},44.410169
1779767745,2026-05-26T03:55:45,2026-05-26 09:55:45,/accounts/{account_id},44.274576
1779767760,2026-05-26T03:56:00,2026-05-26 09:56:00,/accounts/{account_id},44.318644
1779767775,2026-05-26T03:56:15,2026-05-26 09:56:15,/accounts/{account_id},44.128814
1779767790,2026-05-26T03:56:30,2026-05-26 09:56:30,/accounts/{account_id},44.372881
1779767805,2026-05-26T03:56:45,2026-05-26 09:56:45,/accounts/{account_id},44.213559
1779767820,2026-05-26T03:57:00,2026-05-26 09:57:00,/accounts/{account_id},44.284746
1779767835,2026-05-26T03:57:15,2026-05-26 09:57:15,/accounts/{account_id},44.355932
1779767850,2026-05-26T03:57:30,2026-05-26 09:57:30,/accounts/{account_id},44.050847
1779767865,2026-05-26T03:57:45,2026-05-26 09:57:45,/accounts/{account_id},44.40339
1779767880,2026-05-26T03:58:00,2026-05-26 09:58:00,/accounts/{account_id},44.386441
1779767895,2026-05-26T03:58:15,2026-05-26 09:58:15,/accounts/{account_id},44.349153
1779767910,2026-05-26T03:58:30,2026-05-26 09:58:30,/accounts/{account_id},44.657627
1779767925,2026-05-26T03:58:45,2026-05-26 09:58:45,/accounts/{account_id},44.762712
1779767940,2026-05-26T03:59:00,2026-05-26 09:59:00,/accounts/{account_id},44.691525
1779767955,2026-05-26T03:59:15,2026-05-26 09:59:15,/accounts/{account_id},44.437288
1779767970,2026-05-26T03:59:30,2026-05-26 09:59:30,/accounts/{account_id},44.945763
1779767985,2026-05-26T03:59:45,2026-05-26 09:59:45,/accounts/{account_id},44.80678
1779768000,2026-05-26T04:00:00,2026-05-26 10:00:00,/accounts/{account_id},45.013559
1779768015,2026-05-26T04:00:15,2026-05-26 10:00:15,/accounts/{account_id},44.505085
1779768030,2026-05-26T04:00:30,2026-05-26 10:00:30,/accounts/{account_id},44.786441
1779768045,2026-05-26T04:00:45,2026-05-26 10:00:45,/accounts/{account_id},44.654237
1779768060,2026-05-26T04:01:00,2026-05-26 10:01:00,/accounts/{account_id},44.850847
1779768075,2026-05-26T04:01:15,2026-05-26 10:01:15,/accounts/{account_id},44.586441
1779768090,2026-05-26T04:01:30,2026-05-26 10:01:30,/accounts/{account_id},44.661017
1779768105,2026-05-26T04:01:45,2026-05-26 10:01:45,/accounts/{account_id},44.562712
1779768120,2026-05-26T04:02:00,2026-05-26 10:02:00,/accounts/{account_id},44.60339
1779768135,2026-05-26T04:02:15,2026-05-26 10:02:15,/accounts/{account_id},44.647458
1779768150,2026-05-26T04:02:30,2026-05-26 10:02:30,/accounts/{account_id},44.576271
1779768165,2026-05-26T04:02:45,2026-05-26 10:02:45,/accounts/{account_id},44.342373
1779768180,2026-05-26T04:03:00,2026-05-26 10:03:00,/accounts/{account_id},44.413559
1779768195,2026-05-26T04:03:15,2026-05-26 10:03:15,/accounts/{account_id},44.484746
1779768210,2026-05-26T04:03:30,2026-05-26 10:03:30,/accounts/{account_id},44.023729
1779768225,2026-05-26T04:03:45,2026-05-26 10:03:45,/accounts/{account_id},44.254237
1779768240,2026-05-26T04:04:00,2026-05-26 10:04:00,/accounts/{account_id},44.430508
1779768255,2026-05-26T04:04:15,2026-05-26 10:04:15,/accounts/{account_id},44.576271
1779768270,2026-05-26T04:04:30,2026-05-26 10:04:30,/accounts/{account_id},44.671186
1779768285,2026-05-26T04:04:45,2026-05-26 10:04:45,/accounts/{account_id},44.671186
1779768300,2026-05-26T04:05:00,2026-05-26 10:05:00,/accounts/{account_id},44.532203
1779768315,2026-05-26T04:05:15,2026-05-26 10:05:15,/accounts/{account_id},44.60678
1779768330,2026-05-26T04:05:30,2026-05-26 10:05:30,/accounts/{account_id},44.315254
1779768345,2026-05-26T04:05:45,2026-05-26 10:05:45,/accounts/{account_id},44.566102
1779768360,2026-05-26T04:06:00,2026-05-26 10:06:00,/accounts/{account_id},44.60339
1779768375,2026-05-26T04:06:15,2026-05-26 10:06:15,/accounts/{account_id},44.525424
1779768390,2026-05-26T04:06:30,2026-05-26 10:06:30,/accounts/{account_id},44.881356
1779768405,2026-05-26T04:06:45,2026-05-26 10:06:45,/accounts/{account_id},45.464407
1779768420,2026-05-26T04:07:00,2026-05-26 10:07:00,/accounts/{account_id},44.813559
1779768435,2026-05-26T04:07:15,2026-05-26 10:07:15,/accounts/{account_id},44.962712
1779768450,2026-05-26T04:07:30,2026-05-26 10:07:30,/accounts/{account_id},44.477966
1779768465,2026-05-26T04:07:45,2026-05-26 10:07:45,/accounts/{account_id},45.250847
1779768480,2026-05-26T04:08:00,2026-05-26 10:08:00,/accounts/{account_id},45.061017
1779768495,2026-05-26T04:08:15,2026-05-26 10:08:15,/accounts/{account_id},45.332203
1779768510,2026-05-26T04:08:30,2026-05-26 10:08:30,/accounts/{account_id},44.969492
1779768525,2026-05-26T04:08:45,2026-05-26 10:08:45,/accounts/{account_id},44.698305
1779768540,2026-05-26T04:09:00,2026-05-26 10:09:00,/accounts/{account_id},44.562712
1779768555,2026-05-26T04:09:15,2026-05-26 10:09:15,/accounts/{account_id},44.572881
1779768570,2026-05-26T04:09:30,2026-05-26 10:09:30,/accounts/{account_id},44.488136
1779768585,2026-05-26T04:09:45,2026-05-26 10:09:45,/accounts/{account_id},44.908475
1779768600,2026-05-26T04:10:00,2026-05-26 10:10:00,/accounts/{account_id},45.613559
1779768615,2026-05-26T04:10:15,2026-05-26 10:10:15,/accounts/{account_id},46.264407
1779768630,2026-05-26T04:10:30,2026-05-26 10:10:30,/accounts/{account_id},46.0
1779768645,2026-05-26T04:10:45,2026-05-26 10:10:45,/accounts/{account_id},45.674576
1779768660,2026-05-26T04:11:00,2026-05-26 10:11:00,/accounts/{account_id},46.016949
1779768675,2026-05-26T04:11:15,2026-05-26 10:11:15,/accounts/{account_id},45.932203
1779768690,2026-05-26T04:11:30,2026-05-26 10:11:30,/accounts/{account_id},46.00339
1779768705,2026-05-26T04:11:45,2026-05-26 10:11:45,/accounts/{account_id},46.284746
1779768720,2026-05-26T04:12:00,2026-05-26 10:12:00,/accounts/{account_id},46.932203
1779768735,2026-05-26T04:12:15,2026-05-26 10:12:15,/accounts/{account_id},46.572881
1779768750,2026-05-26T04:12:30,2026-05-26 10:12:30,/accounts/{account_id},46.616949
1779768765,2026-05-26T04:12:45,2026-05-26 10:12:45,/accounts/{account_id},46.549153
1779768780,2026-05-26T04:13:00,2026-05-26 10:13:00,/accounts/{account_id},46.457627
1779768795,2026-05-26T04:13:15,2026-05-26 10:13:15,/accounts/{account_id},46.552542
1779768810,2026-05-26T04:13:30,2026-05-26 10:13:30,/accounts/{account_id},46.762712
1779768825,2026-05-26T04:13:45,2026-05-26 10:13:45,/accounts/{account_id},46.738983
1779768840,2026-05-26T04:14:00,2026-05-26 10:14:00,/accounts/{account_id},46.549153
1779768855,2026-05-26T04:14:15,2026-05-26 10:14:15,/accounts/{account_id},46.318644
1779768870,2026-05-26T04:14:30,2026-05-26 10:14:30,/accounts/{account_id},46.322034
1779768885,2026-05-26T04:14:45,2026-05-26 10:14:45,/accounts/{account_id},46.016949
1779768900,2026-05-26T04:15:00,2026-05-26 10:15:00,/accounts/{account_id},44.718644
1779768915,2026-05-26T04:15:15,2026-05-26 10:15:15,/accounts/{account_id},44.827119
1779768930,2026-05-26T04:15:30,2026-05-26 10:15:30,/accounts/{account_id},45.122034
1779768945,2026-05-26T04:15:45,2026-05-26 10:15:45,/accounts/{account_id},45.149153
1779768960,2026-05-26T04:16:00,2026-05-26 10:16:00,/accounts/{account_id},45.155932
1779768975,2026-05-26T04:16:15,2026-05-26 10:16:15,/accounts/{account_id},44.976271
1779768990,2026-05-26T04:16:30,2026-05-26 10:16:30,/accounts/{account_id},44.908475
1779769005,2026-05-26T04:16:45,2026-05-26 10:16:45,/accounts/{account_id},44.481658
1779769020,2026-05-26T04:17:00,2026-05-26 10:17:00,/accounts/{account_id},44.532203
1779769035,2026-05-26T04:17:15,2026-05-26 10:17:15,/accounts/{account_id},44.650847
1779769050,2026-05-26T04:17:30,2026-05-26 10:17:30,/accounts/{account_id},44.627119
1779769065,2026-05-26T04:17:45,2026-05-26 10:17:45,/accounts/{account_id},44.654237
1779769080,2026-05-26T04:18:00,2026-05-26 10:18:00,/accounts/{account_id},44.515254
1779769095,2026-05-26T04:18:15,2026-05-26 10:18:15,/accounts/{account_id},44.345763
1779769110,2026-05-26T04:18:30,2026-05-26 10:18:30,/accounts/{account_id},44.230508
1779769125,2026-05-26T04:18:45,2026-05-26 10:18:45,/accounts/{account_id},44.627119
1779769140,2026-05-26T04:19:00,2026-05-26 10:19:00,/accounts/{account_id},44.450847
1779769155,2026-05-26T04:19:15,2026-05-26 10:19:15,/accounts/{account_id},44.433898
1779769170,2026-05-26T04:19:30,2026-05-26 10:19:30,/accounts/{account_id},44.223729
1779769185,2026-05-26T04:19:45,2026-05-26 10:19:45,/accounts/{account_id},44.39661
1779769200,2026-05-26T04:20:00,2026-05-26 10:20:00,/accounts/{account_id},44.386441
1779769215,2026-05-26T04:20:15,2026-05-26 10:20:15,/accounts/{account_id},44.698305
1779769230,2026-05-26T04:20:30,2026-05-26 10:20:30,/accounts/{account_id},45.101695
1779769245,2026-05-26T04:20:45,2026-05-26 10:20:45,/accounts/{account_id},44.986441
1779769260,2026-05-26T04:21:00,2026-05-26 10:21:00,/accounts/{account_id},45.098305
1779769275,2026-05-26T04:21:15,2026-05-26 10:21:15,/accounts/{account_id},44.942373
1779769290,2026-05-26T04:21:30,2026-05-26 10:21:30,/accounts/{account_id},44.881356
1779769305,2026-05-26T04:21:45,2026-05-26 10:21:45,/accounts/{account_id},44.99661
1779769320,2026-05-26T04:22:00,2026-05-26 10:22:00,/accounts/{account_id},44.776271
1779769335,2026-05-26T04:22:15,2026-05-26 10:22:15,/accounts/{account_id},44.728814
1779769350,2026-05-26T04:22:30,2026-05-26 10:22:30,/accounts/{account_id},44.79322
1779769365,2026-05-26T04:22:45,2026-05-26 10:22:45,/accounts/{account_id},45.057627
1779769380,2026-05-26T04:23:00,2026-05-26 10:23:00,/accounts/{account_id},45.152542
1779769395,2026-05-26T04:23:15,2026-05-26 10:23:15,/accounts/{account_id},45.711864
1779769410,2026-05-26T04:23:30,2026-05-26 10:23:30,/accounts/{account_id},45.623729
1779769425,2026-05-26T04:23:45,2026-05-26 10:23:45,/accounts/{account_id},45.820339
1779769440,2026-05-26T04:24:00,2026-05-26 10:24:00,/accounts/{account_id},45.847458
1779769455,2026-05-26T04:24:15,2026-05-26 10:24:15,/accounts/{account_id},45.80339
1779769470,2026-05-26T04:24:30,2026-05-26 10:24:30,/accounts/{account_id},45.915254
1779769485,2026-05-26T04:24:45,2026-05-26 10:24:45,/accounts/{account_id},46.19661
1779769500,2026-05-26T04:25:00,2026-05-26 10:25:00,/accounts/{account_id},45.671186
1779769515,2026-05-26T04:25:15,2026-05-26 10:25:15,/accounts/{account_id},45.423729
1779769530,2026-05-26T04:25:30,2026-05-26 10:25:30,/accounts/{account_id},45.345763
1779769545,2026-05-26T04:25:45,2026-05-26 10:25:45,/accounts/{account_id},44.667797
1779769560,2026-05-26T04:26:00,2026-05-26 10:26:00,/accounts/{account_id},45.016949
1779769575,2026-05-26T04:26:15,2026-05-26 10:26:15,/accounts/{account_id},45.172881
1779769590,2026-05-26T04:26:30,2026-05-26 10:26:30,/accounts/{account_id},45.60678
1779769605,2026-05-26T04:26:45,2026-05-26 10:26:45,/accounts/{account_id},46.101695
1779769620,2026-05-26T04:27:00,2026-05-26 10:27:00,/accounts/{account_id},46.328814
1779769635,2026-05-26T04:27:15,2026-05-26 10:27:15,/accounts/{account_id},46.372881
1779769650,2026-05-26T04:27:30,2026-05-26 10:27:30,/accounts/{account_id},46.694915
1779769665,2026-05-26T04:27:45,2026-05-26 10:27:45,/accounts/{account_id},46.759322
1779769680,2026-05-26T04:28:00,2026-05-26 10:28:00,/accounts/{account_id},47.135593
1779769695,2026-05-26T04:28:15,2026-05-26 10:28:15,/accounts/{account_id},46.942373
1779769710,2026-05-26T04:28:30,2026-05-26 10:28:30,/accounts/{account_id},46.661017
1779769725,2026-05-26T04:28:45,2026-05-26 10:28:45,/accounts/{account_id},47.077966
1779769740,2026-05-26T04:29:00,2026-05-26 10:29:00,/accounts/{account_id},46.986441
1779769755,2026-05-26T04:29:15,2026-05-26 10:29:15,/accounts/{account_id},46.830508
1779769770,2026-05-26T04:29:30,2026-05-26 10:29:30,/accounts/{account_id},47.102014
1779769785,2026-05-26T04:29:45,2026-05-26 10:29:45,/accounts/{account_id},47.562712
1779769800,2026-05-26T04:30:00,2026-05-26 10:30:00,/accounts/{account_id},47.657627
1779769815,2026-05-26T04:30:15,2026-05-26 10:30:15,/accounts/{account_id},47.349153
1779769830,2026-05-26T04:30:30,2026-05-26 10:30:30,/accounts/{account_id},47.172881
1779769845,2026-05-26T04:30:45,2026-05-26 10:30:45,/accounts/{account_id},47.254237
1779769860,2026-05-26T04:31:00,2026-05-26 10:31:00,/accounts/{account_id},47.189831
1779769875,2026-05-26T04:31:15,2026-05-26 10:31:15,/accounts/{account_id},47.383051
1779769890,2026-05-26T04:31:30,2026-05-26 10:31:30,/accounts/{account_id},47.254237
1779769905,2026-05-26T04:31:45,2026-05-26 10:31:45,/accounts/{account_id},47.19322
1779769920,2026-05-26T04:32:00,2026-05-26 10:32:00,/accounts/{account_id},46.905085
1779769935,2026-05-26T04:32:15,2026-05-26 10:32:15,/accounts/{account_id},46.789831
1779769950,2026-05-26T04:32:30,2026-05-26 10:32:30,/accounts/{account_id},46.284746
1779769965,2026-05-26T04:32:45,2026-05-26 10:32:45,/accounts/{account_id},46.061017
1779769980,2026-05-26T04:33:00,2026-05-26 10:33:00,/accounts/{account_id},45.60678
1779769995,2026-05-26T04:33:15,2026-05-26 10:33:15,/accounts/{account_id},45.759322
1779770010,2026-05-26T04:33:30,2026-05-26 10:33:30,/accounts/{account_id},45.657627
1779770025,2026-05-26T04:33:45,2026-05-26 10:33:45,/accounts/{account_id},45.342373
1779770040,2026-05-26T04:34:00,2026-05-26 10:34:00,/accounts/{account_id},45.522034
1779770055,2026-05-26T04:34:15,2026-05-26 10:34:15,/accounts/{account_id},45.474576
1779770070,2026-05-26T04:34:30,2026-05-26 10:34:30,/accounts/{account_id},45.60339
1779770085,2026-05-26T04:34:45,2026-05-26 10:34:45,/accounts/{account_id},45.583051
1779770100,2026-05-26T04:35:00,2026-05-26 10:35:00,/accounts/{account_id},45.555932
1779770115,2026-05-26T04:35:15,2026-05-26 10:35:15,/accounts/{account_id},45.745763
1779770130,2026-05-26T04:35:30,2026-05-26 10:35:30,/accounts/{account_id},45.738983
1779770145,2026-05-26T04:35:45,2026-05-26 10:35:45,/accounts/{account_id},45.572881
1779770160,2026-05-26T04:36:00,2026-05-26 10:36:00,/accounts/{account_id},45.620339
1779770175,2026-05-26T04:36:15,2026-05-26 10:36:15,/accounts/{account_id},45.030508
1779770190,2026-05-26T04:36:30,2026-05-26 10:36:30,/accounts/{account_id},44.477966
1779770205,2026-05-26T04:36:45,2026-05-26 10:36:45,/accounts/{account_id},44.444068
1779770220,2026-05-26T04:37:00,2026-05-26 10:37:00,/accounts/{account_id},44.671186
1779770235,2026-05-26T04:37:15,2026-05-26 10:37:15,/accounts/{account_id},44.891525
1779770250,2026-05-26T04:37:30,2026-05-26 10:37:30,/accounts/{account_id},44.576271
1779770265,2026-05-26T04:37:45,2026-05-26 10:37:45,/accounts/{account_id},44.40678
1779770280,2026-05-26T04:38:00,2026-05-26 10:38:00,/accounts/{account_id},44.410169
1779770295,2026-05-26T04:38:15,2026-05-26 10:38:15,/accounts/{account_id},44.291525
1779770310,2026-05-26T04:38:30,2026-05-26 10:38:30,/accounts/{account_id},44.264407
1779770325,2026-05-26T04:38:45,2026-05-26 10:38:45,/accounts/{account_id},44.267797
1779770340,2026-05-26T04:39:00,2026-05-26 10:39:00,/accounts/{account_id},44.342373
1779770355,2026-05-26T04:39:15,2026-05-26 10:39:15,/accounts/{account_id},44.111864
1779770370,2026-05-26T04:39:30,2026-05-26 10:39:30,/accounts/{account_id},44.149153
1779770385,2026-05-26T04:39:45,2026-05-26 10:39:45,/accounts/{account_id},43.901695
1779770400,2026-05-26T04:40:00,2026-05-26 10:40:00,/accounts/{account_id},43.827119
1779770415,2026-05-26T04:40:15,2026-05-26 10:40:15,/accounts/{account_id},43.789831
1779770430,2026-05-26T04:40:30,2026-05-26 10:40:30,/accounts/{account_id},44.240678
1779770445,2026-05-26T04:40:45,2026-05-26 10:40:45,/accounts/{account_id},43.952542
1779770460,2026-05-26T04:41:00,2026-05-26 10:41:00,/accounts/{account_id},44.261017
1779770475,2026-05-26T04:41:15,2026-05-26 10:41:15,/accounts/{account_id},44.420339
1779770490,2026-05-26T04:41:30,2026-05-26 10:41:30,/accounts/{account_id},44.508475
1779770505,2026-05-26T04:41:45,2026-05-26 10:41:45,/accounts/{account_id},44.389831
1779770520,2026-05-26T04:42:00,2026-05-26 10:42:00,/accounts/{account_id},44.162712
1779770535,2026-05-26T04:42:15,2026-05-26 10:42:15,/accounts/{account_id},44.60339
1779770550,2026-05-26T04:42:30,2026-05-26 10:42:30,/accounts/{account_id},44.410169
1779770565,2026-05-26T04:42:45,2026-05-26 10:42:45,/accounts/{account_id},44.19661
1779770580,2026-05-26T04:43:00,2026-05-26 10:43:00,/accounts/{account_id},44.40678
1779770595,2026-05-26T04:43:15,2026-05-26 10:43:15,/accounts/{account_id},44.359322
1779770610,2026-05-26T04:43:30,2026-05-26 10:43:30,/accounts/{account_id},44.396159
1779770625,2026-05-26T04:43:45,2026-05-26 10:43:45,/accounts/{account_id},44.298305
1779770640,2026-05-26T04:44:00,2026-05-26 10:44:00,/accounts/{account_id},44.138983
1779770655,2026-05-26T04:44:15,2026-05-26 10:44:15,/accounts/{account_id},44.461017
1779770670,2026-05-26T04:44:30,2026-05-26 10:44:30,/accounts/{account_id},44.511864
1779770685,2026-05-26T04:44:45,2026-05-26 10:44:45,/accounts/{account_id},44.850847
1779770700,2026-05-26T04:45:00,2026-05-26 10:45:00,/accounts/{account_id},44.633898
1779770715,2026-05-26T04:45:15,2026-05-26 10:45:15,/accounts/{account_id},44.481356
1779770730,2026-05-26T04:45:30,2026-05-26 10:45:30,/accounts/{account_id},44.477966
1779770745,2026-05-26T04:45:45,2026-05-26 10:45:45,/accounts/{account_id},44.349153
1779770760,2026-05-26T04:46:00,2026-05-26 10:46:00,/accounts/{account_id},44.352542
1779770775,2026-05-26T04:46:15,2026-05-26 10:46:15,/accounts/{account_id},44.233898
1779770790,2026-05-26T04:46:30,2026-05-26 10:46:30,/accounts/{account_id},44.484746
1779770805,2026-05-26T04:46:45,2026-05-26 10:46:45,/accounts/{account_id},45.125424
1779770820,2026-05-26T04:47:00,2026-05-26 10:47:00,/accounts/{account_id},45.020339
1779770835,2026-05-26T04:47:15,2026-05-26 10:47:15,/accounts/{account_id},45.142373
1779770850,2026-05-26T04:47:30,2026-05-26 10:47:30,/accounts/{account_id},45.342373
1779770865,2026-05-26T04:47:45,2026-05-26 10:47:45,/accounts/{account_id},45.332203
1779770880,2026-05-26T04:48:00,2026-05-26 10:48:00,/accounts/{account_id},45.481356
1779770895,2026-05-26T04:48:15,2026-05-26 10:48:15,/accounts/{account_id},45.640678
1779770910,2026-05-26T04:48:30,2026-05-26 10:48:30,/accounts/{account_id},45.742373
1779770925,2026-05-26T04:48:45,2026-05-26 10:48:45,/accounts/{account_id},45.413559
1779770940,2026-05-26T04:49:00,2026-05-26 10:49:00,/accounts/{account_id},45.00678
1779770955,2026-05-26T04:49:15,2026-05-26 10:49:15,/accounts/{account_id},45.020339
1779770970,2026-05-26T04:49:30,2026-05-26 10:49:30,/accounts/{account_id},45.318644
1779770985,2026-05-26T04:49:45,2026-05-26 10:49:45,/accounts/{account_id},45.647458
1779771000,2026-05-26T04:50:00,2026-05-26 10:50:00,/accounts/{account_id},45.508475
1779771015,2026-05-26T04:50:15,2026-05-26 10:50:15,/accounts/{account_id},45.674576
1779771030,2026-05-26T04:50:30,2026-05-26 10:50:30,/accounts/{account_id},45.572881
1779771045,2026-05-26T04:50:45,2026-05-26 10:50:45,/accounts/{account_id},45.525424
1779771060,2026-05-26T04:51:00,2026-05-26 10:51:00,/accounts/{account_id},45.647458
1779771075,2026-05-26T04:51:15,2026-05-26 10:51:15,/accounts/{account_id},45.230508
1779771090,2026-05-26T04:51:30,2026-05-26 10:51:30,/accounts/{account_id},45.369492
1779771105,2026-05-26T04:51:45,2026-05-26 10:51:45,/accounts/{account_id},45.518644
1779771120,2026-05-26T04:52:00,2026-05-26 10:52:00,/accounts/{account_id},45.549153
1779771135,2026-05-26T04:52:15,2026-05-26 10:52:15,/accounts/{account_id},45.698305
1779771150,2026-05-26T04:52:30,2026-05-26 10:52:30,/accounts/{account_id},45.515254
1779771165,2026-05-26T04:52:45,2026-05-26 10:52:45,/accounts/{account_id},45.650847
1779771180,2026-05-26T04:53:00,2026-05-26 10:53:00,/accounts/{account_id},45.894915
1779771195,2026-05-26T04:53:15,2026-05-26 10:53:15,/accounts/{account_id},45.677966
1779771210,2026-05-26T04:53:30,2026-05-26 10:53:30,/accounts/{account_id},45.827119
1779771225,2026-05-26T04:53:45,2026-05-26 10:53:45,/accounts/{account_id},45.99661
1779771240,2026-05-26T04:54:00,2026-05-26 10:54:00,/accounts/{account_id},46.088136
1779771255,2026-05-26T04:54:15,2026-05-26 10:54:15,/accounts/{account_id},45.742373
1779771270,2026-05-26T04:54:30,2026-05-26 10:54:30,/accounts/{account_id},45.79661
1779771285,2026-05-26T04:54:45,2026-05-26 10:54:45,/accounts/{account_id},45.918644
1779771300,2026-05-26T04:55:00,2026-05-26 10:55:00,/accounts/{account_id},45.484746
1779771315,2026-05-26T04:55:15,2026-05-26 10:55:15,/accounts/{account_id},45.098305
1779771330,2026-05-26T04:55:30,2026-05-26 10:55:30,/accounts/{account_id},45.335593
1779771345,2026-05-26T04:55:45,2026-05-26 10:55:45,/accounts/{account_id},45.471186
1779771360,2026-05-26T04:56:00,2026-05-26 10:56:00,/accounts/{account_id},45.616949
1779771375,2026-05-26T04:56:15,2026-05-26 10:56:15,/accounts/{account_id},45.783051
1779771390,2026-05-26T04:56:30,2026-05-26 10:56:30,/accounts/{account_id},45.888136
1779771405,2026-05-26T04:56:45,2026-05-26 10:56:45,/accounts/{account_id},45.59661
1779771420,2026-05-26T04:57:00,2026-05-26 10:57:00,/accounts/{account_id},45.477966
1779771435,2026-05-26T04:57:15,2026-05-26 10:57:15,/accounts/{account_id},45.237288
1779771450,2026-05-26T04:57:30,2026-05-26 10:57:30,/accounts/{account_id},45.372881
1779771465,2026-05-26T04:57:45,2026-05-26 10:57:45,/accounts/{account_id},44.99661
1779771480,2026-05-26T04:58:00,2026-05-26 10:58:00,/accounts/{account_id},44.928814
1779771495,2026-05-26T04:58:15,2026-05-26 10:58:15,/accounts/{account_id},45.088136
1779771510,2026-05-26T04:58:30,2026-05-26 10:58:30,/accounts/{account_id},44.840678
1779771525,2026-05-26T04:58:45,2026-05-26 10:58:45,/accounts/{account_id},44.810169
1779771540,2026-05-26T04:59:00,2026-05-26 10:59:00,/accounts/{account_id},44.867797
1779771555,2026-05-26T04:59:15,2026-05-26 10:59:15,/accounts/{account_id},44.989831
1779771570,2026-05-26T04:59:30,2026-05-26 10:59:30,/accounts/{account_id},44.884746
1779771585,2026-05-26T04:59:45,2026-05-26 10:59:45,/accounts/{account_id},44.39322
1779771600,2026-05-26T05:00:00,2026-05-26 11:00:00,/accounts/{account_id},44.661017
1779771615,2026-05-26T05:00:15,2026-05-26 11:00:15,/accounts/{account_id},44.654237
1779771630,2026-05-26T05:00:30,2026-05-26 11:00:30,/accounts/{account_id},45.020339
1779771645,2026-05-26T05:00:45,2026-05-26 11:00:45,/accounts/{account_id},44.759322
1779771660,2026-05-26T05:01:00,2026-05-26 11:01:00,/accounts/{account_id},44.549153
1779771675,2026-05-26T05:01:15,2026-05-26 11:01:15,/accounts/{account_id},44.135593
1779771690,2026-05-26T05:01:30,2026-05-26 11:01:30,/accounts/{account_id},44.027119
1779771705,2026-05-26T05:01:45,2026-05-26 11:01:45,/accounts/{account_id},44.125424
1779771720,2026-05-26T05:02:00,2026-05-26 11:02:00,/accounts/{account_id},44.413559
1779771735,2026-05-26T05:02:15,2026-05-26 11:02:15,/accounts/{account_id},44.240678
1779771750,2026-05-26T05:02:30,2026-05-26 11:02:30,/accounts/{account_id},43.949153
1779771765,2026-05-26T05:02:45,2026-05-26 11:02:45,/accounts/{account_id},43.922034
1779771780,2026-05-26T05:03:00,2026-05-26 11:03:00,/accounts/{account_id},44.220339
1779771795,2026-05-26T05:03:15,2026-05-26 11:03:15,/accounts/{account_id},44.338983
1779771810,2026-05-26T05:03:30,2026-05-26 11:03:30,/accounts/{account_id},44.566102
1779771825,2026-05-26T05:03:45,2026-05-26 11:03:45,/accounts/{account_id},44.501695
1779771840,2026-05-26T05:04:00,2026-05-26 11:04:00,/accounts/{account_id},44.444068
1779771855,2026-05-26T05:04:15,2026-05-26 11:04:15,/accounts/{account_id},44.400452
1779771870,2026-05-26T05:04:30,2026-05-26 11:04:30,/accounts/{account_id},44.318644
1779771885,2026-05-26T05:04:45,2026-05-26 11:04:45,/accounts/{account_id},44.488136
1779771900,2026-05-26T05:05:00,2026-05-26 11:05:00,/accounts/{account_id},44.610169
1779771915,2026-05-26T05:05:15,2026-05-26 11:05:15,/accounts/{account_id},44.566102
1779771930,2026-05-26T05:05:30,2026-05-26 11:05:30,/accounts/{account_id},44.515254
1779771945,2026-05-26T05:05:45,2026-05-26 11:05:45,/accounts/{account_id},44.627119
1779771960,2026-05-26T05:06:00,2026-05-26 11:06:00,/accounts/{account_id},44.722034
1779771975,2026-05-26T05:06:15,2026-05-26 11:06:15,/accounts/{account_id},44.447458
1779771990,2026-05-26T05:06:30,2026-05-26 11:06:30,/accounts/{account_id},44.816949
1779772005,2026-05-26T05:06:45,2026-05-26 11:06:45,/accounts/{account_id},45.084746
1779772020,2026-05-26T05:07:00,2026-05-26 11:07:00,/accounts/{account_id},45.328814
1779772035,2026-05-26T05:07:15,2026-05-26 11:07:15,/accounts/{account_id},45.294915
1779772050,2026-05-26T05:07:30,2026-05-26 11:07:30,/accounts/{account_id},45.420339
1779772065,2026-05-26T05:07:45,2026-05-26 11:07:45,/accounts/{account_id},45.308475
1779772080,2026-05-26T05:08:00,2026-05-26 11:08:00,/accounts/{account_id},44.888136
1779772095,2026-05-26T05:08:15,2026-05-26 11:08:15,/accounts/{account_id},44.850847
1779772110,2026-05-26T05:08:30,2026-05-26 11:08:30,/accounts/{account_id},44.874576
1779772125,2026-05-26T05:08:45,2026-05-26 11:08:45,/accounts/{account_id},44.813559
1779772140,2026-05-26T05:09:00,2026-05-26 11:09:00,/accounts/{account_id},44.80339
1779772155,2026-05-26T05:09:15,2026-05-26 11:09:15,/accounts/{account_id},45.016949
1779772170,2026-05-26T05:09:30,2026-05-26 11:09:30,/accounts/{account_id},45.067797
1779772185,2026-05-26T05:09:45,2026-05-26 11:09:45,/accounts/{account_id},44.559322
1779772200,2026-05-26T05:10:00,2026-05-26 11:10:00,/accounts/{account_id},44.823729
1779772215,2026-05-26T05:10:15,2026-05-26 11:10:15,/accounts/{account_id},44.952542
1779772230,2026-05-26T05:10:30,2026-05-26 11:10:30,/accounts/{account_id},45.389831
1779772245,2026-05-26T05:10:45,2026-05-26 11:10:45,/accounts/{account_id},45.213559
1779772260,2026-05-26T05:11:00,2026-05-26 11:11:00,/accounts/{account_id},45.12912
1779772275,2026-05-26T05:11:15,2026-05-26 11:11:15,/accounts/{account_id},44.986441
1779772290,2026-05-26T05:11:30,2026-05-26 11:11:30,/accounts/{account_id},44.355932
1779772305,2026-05-26T05:11:45,2026-05-26 11:11:45,/accounts/{account_id},44.376271
1779772320,2026-05-26T05:12:00,2026-05-26 11:12:00,/accounts/{account_id},44.433898
1779772335,2026-05-26T05:12:15,2026-05-26 11:12:15,/accounts/{account_id},44.274576
1779772350,2026-05-26T05:12:30,2026-05-26 11:12:30,/accounts/{account_id},43.972881
1779772365,2026-05-26T05:12:45,2026-05-26 11:12:45,/accounts/{account_id},44.155932
1779772380,2026-05-26T05:13:00,2026-05-26 11:13:00,/accounts/{account_id},44.19661
1779772395,2026-05-26T05:13:15,2026-05-26 11:13:15,/accounts/{account_id},44.189831
1779772410,2026-05-26T05:13:30,2026-05-26 11:13:30,/accounts/{account_id},44.030508
1779772425,2026-05-26T05:13:45,2026-05-26 11:13:45,/accounts/{account_id},44.189831
1779772440,2026-05-26T05:14:00,2026-05-26 11:14:00,/accounts/{account_id},44.267797
1779772455,2026-05-26T05:14:15,2026-05-26 11:14:15,/accounts/{account_id},44.111864
1779772470,2026-05-26T05:14:30,2026-05-26 11:14:30,/accounts/{account_id},44.189831
1779772485,2026-05-26T05:14:45,2026-05-26 11:14:45,/accounts/{account_id},44.118644
1779772500,2026-05-26T05:15:00,2026-05-26 11:15:00,/accounts/{account_id},43.966102
1779772515,2026-05-26T05:15:15,2026-05-26 11:15:15,/accounts/{account_id},44.576271
1779772530,2026-05-26T05:15:30,2026-05-26 11:15:30,/accounts/{account_id},44.162712
1779772545,2026-05-26T05:15:45,2026-05-26 11:15:45,/accounts/{account_id},44.40339
1779772560,2026-05-26T05:16:00,2026-05-26 11:16:00,/accounts/{account_id},44.461017
1779772575,2026-05-26T05:16:15,2026-05-26 11:16:15,/accounts/{account_id},44.538983
1779772590,2026-05-26T05:16:30,2026-05-26 11:16:30,/accounts/{account_id},44.755932
1779772605,2026-05-26T05:16:45,2026-05-26 11:16:45,/accounts/{account_id},44.661017
1779772620,2026-05-26T05:17:00,2026-05-26 11:17:00,/accounts/{account_id},44.630508
1779772635,2026-05-26T05:17:15,2026-05-26 11:17:15,/accounts/{account_id},44.715254
1779772650,2026-05-26T05:17:30,2026-05-26 11:17:30,/accounts/{account_id},44.528814
1779772665,2026-05-26T05:17:45,2026-05-26 11:17:45,/accounts/{account_id},44.559322
1779772680,2026-05-26T05:18:00,2026-05-26 11:18:00,/accounts/{account_id},44.477966
1779772695,2026-05-26T05:18:15,2026-05-26 11:18:15,/accounts/{account_id},44.938983
1779772710,2026-05-26T05:18:30,2026-05-26 11:18:30,/accounts/{account_id},44.861017
1779772725,2026-05-26T05:18:45,2026-05-26 11:18:45,/accounts/{account_id},44.79322
1779772740,2026-05-26T05:19:00,2026-05-26 11:19:00,/accounts/{account_id},44.810169
1779772755,2026-05-26T05:19:15,2026-05-26 11:19:15,/accounts/{account_id},45.149153
1779772770,2026-05-26T05:19:30,2026-05-26 11:19:30,/accounts/{account_id},44.922034
1779772785,2026-05-26T05:19:45,2026-05-26 11:19:45,/accounts/{account_id},45.023729
1779772800,2026-05-26T05:20:00,2026-05-26 11:20:00,/accounts/{account_id},44.701695
1779772815,2026-05-26T05:20:15,2026-05-26 11:20:15,/accounts/{account_id},44.566102
1779772830,2026-05-26T05:20:30,2026-05-26 11:20:30,/accounts/{account_id},44.484746
1779772845,2026-05-26T05:20:45,2026-05-26 11:20:45,/accounts/{account_id},44.610169
1779772860,2026-05-26T05:21:00,2026-05-26 11:21:00,/accounts/{account_id},44.084746
1779772875,2026-05-26T05:21:15,2026-05-26 11:21:15,/accounts/{account_id},44.054237
1779772890,2026-05-26T05:21:30,2026-05-26 11:21:30,/accounts/{account_id},44.420339
1779772905,2026-05-26T05:21:45,2026-05-26 11:21:45,/accounts/{account_id},44.440678
1779772920,2026-05-26T05:22:00,2026-05-26 11:22:00,/accounts/{account_id},44.6
1779772935,2026-05-26T05:22:15,2026-05-26 11:22:15,/accounts/{account_id},44.722034
1779772950,2026-05-26T05:22:30,2026-05-26 11:22:30,/accounts/{account_id},44.616949
1779772965,2026-05-26T05:22:45,2026-05-26 11:22:45,/accounts/{account_id},44.657627
1779772980,2026-05-26T05:23:00,2026-05-26 11:23:00,/accounts/{account_id},44.498305
1779772995,2026-05-26T05:23:15,2026-05-26 11:23:15,/accounts/{account_id},44.59661
1779773010,2026-05-26T05:23:30,2026-05-26 11:23:30,/accounts/{account_id},45.549153
1779773025,2026-05-26T05:23:45,2026-05-26 11:23:45,/accounts/{account_id},45.972881
1779773040,2026-05-26T05:24:00,2026-05-26 11:24:00,/accounts/{account_id},45.525424
1779773055,2026-05-26T05:24:15,2026-05-26 11:24:15,/accounts/{account_id},45.471186
1779773070,2026-05-26T05:24:30,2026-05-26 11:24:30,/accounts/{account_id},45.769492
1779773085,2026-05-26T05:24:45,2026-05-26 11:24:45,/accounts/{account_id},45.657627
1779773100,2026-05-26T05:25:00,2026-05-26 11:25:00,/accounts/{account_id},45.80678
1779773115,2026-05-26T05:25:15,2026-05-26 11:25:15,/accounts/{account_id},46.068265
1779773130,2026-05-26T05:25:30,2026-05-26 11:25:30,/accounts/{account_id},46.291525
1779773145,2026-05-26T05:25:45,2026-05-26 11:25:45,/accounts/{account_id},46.094915
1779773160,2026-05-26T05:26:00,2026-05-26 11:26:00,/accounts/{account_id},46.542373
1779773175,2026-05-26T05:26:15,2026-05-26 11:26:15,/accounts/{account_id},46.254237
1779773190,2026-05-26T05:26:30,2026-05-26 11:26:30,/accounts/{account_id},46.772881
1779773205,2026-05-26T05:26:45,2026-05-26 11:26:45,/accounts/{account_id},47.0
1779773220,2026-05-26T05:27:00,2026-05-26 11:27:00,/accounts/{account_id},47.010169
1779773235,2026-05-26T05:27:15,2026-05-26 11:27:15,/accounts/{account_id},46.874576
1779773250,2026-05-26T05:27:30,2026-05-26 11:27:30,/accounts/{account_id},47.108475
1779773265,2026-05-26T05:27:45,2026-05-26 11:27:45,/accounts/{account_id},47.322034
1779773280,2026-05-26T05:28:00,2026-05-26 11:28:00,/accounts/{account_id},46.966102
1779773295,2026-05-26T05:28:15,2026-05-26 11:28:15,/accounts/{account_id},46.688136
1779773310,2026-05-26T05:28:30,2026-05-26 11:28:30,/accounts/{account_id},45.966102
1779773325,2026-05-26T05:28:45,2026-05-26 11:28:45,/accounts/{account_id},45.779661
1779773340,2026-05-26T05:29:00,2026-05-26 11:29:00,/accounts/{account_id},45.776271
1779773355,2026-05-26T05:29:15,2026-05-26 11:29:15,/accounts/{account_id},45.732203
1779773370,2026-05-26T05:29:30,2026-05-26 11:29:30,/accounts/{account_id},45.905085
1779773385,2026-05-26T05:29:45,2026-05-26 11:29:45,/accounts/{account_id},45.477966
1779773400,2026-05-26T05:30:00,2026-05-26 11:30:00,/accounts/{account_id},45.583051
1779773415,2026-05-26T05:30:15,2026-05-26 11:30:15,/accounts/{account_id},45.366102
1779773430,2026-05-26T05:30:30,2026-05-26 11:30:30,/accounts/{account_id},45.484283
1779773445,2026-05-26T05:30:45,2026-05-26 11:30:45,/accounts/{account_id},45.369492
1779773460,2026-05-26T05:31:00,2026-05-26 11:31:00,/accounts/{account_id},45.779661
1779773475,2026-05-26T05:31:15,2026-05-26 11:31:15,/accounts/{account_id},45.633898
1779773490,2026-05-26T05:31:30,2026-05-26 11:31:30,/accounts/{account_id},45.149153
1779773505,2026-05-26T05:31:45,2026-05-26 11:31:45,/accounts/{account_id},45.291832
1779773520,2026-05-26T05:32:00,2026-05-26 11:32:00,/accounts/{account_id},45.294915
1779773535,2026-05-26T05:32:15,2026-05-26 11:32:15,/accounts/{account_id},44.938983
1779773550,2026-05-26T05:32:30,2026-05-26 11:32:30,/accounts/{account_id},45.301695
1779773565,2026-05-26T05:32:45,2026-05-26 11:32:45,/accounts/{account_id},45.244068
1779773580,2026-05-26T05:33:00,2026-05-26 11:33:00,/accounts/{account_id},45.234358
1779773595,2026-05-26T05:33:15,2026-05-26 11:33:15,/accounts/{account_id},45.379661
1779773610,2026-05-26T05:33:30,2026-05-26 11:33:30,/accounts/{account_id},45.4
1779773625,2026-05-26T05:33:45,2026-05-26 11:33:45,/accounts/{account_id},45.471186
1779773640,2026-05-26T05:34:00,2026-05-26 11:34:00,/accounts/{account_id},45.688136
1779773655,2026-05-26T05:34:15,2026-05-26 11:34:15,/accounts/{account_id},45.576271
1779773670,2026-05-26T05:34:30,2026-05-26 11:34:30,/accounts/{account_id},45.752542
1779773685,2026-05-26T05:34:45,2026-05-26 11:34:45,/accounts/{account_id},45.627119
1779773700,2026-05-26T05:35:00,2026-05-26 11:35:00,/accounts/{account_id},45.684746
1779773715,2026-05-26T05:35:15,2026-05-26 11:35:15,/accounts/{account_id},46.135593
1779773730,2026-05-26T05:35:30,2026-05-26 11:35:30,/accounts/{account_id},46.545763
1779773745,2026-05-26T05:35:45,2026-05-26 11:35:45,/accounts/{account_id},46.461017
1779773760,2026-05-26T05:36:00,2026-05-26 11:36:00,/accounts/{account_id},46.389831
1779773775,2026-05-26T05:36:15,2026-05-26 11:36:15,/accounts/{account_id},46.041146
1779773790,2026-05-26T05:36:30,2026-05-26 11:36:30,/accounts/{account_id},45.661017
1779773805,2026-05-26T05:36:45,2026-05-26 11:36:45,/accounts/{account_id},45.738983
1779773820,2026-05-26T05:37:00,2026-05-26 11:37:00,/accounts/{account_id},45.60339
1779773835,2026-05-26T05:37:15,2026-05-26 11:37:15,/accounts/{account_id},45.271186
1779773850,2026-05-26T05:37:30,2026-05-26 11:37:30,/accounts/{account_id},45.142373
1779773865,2026-05-26T05:37:45,2026-05-26 11:37:45,/accounts/{account_id},45.376271
1779773880,2026-05-26T05:38:00,2026-05-26 11:38:00,/accounts/{account_id},45.105085
1779773895,2026-05-26T05:38:15,2026-05-26 11:38:15,/accounts/{account_id},45.176271
1779773910,2026-05-26T05:38:30,2026-05-26 11:38:30,/accounts/{account_id},44.99322
1779773925,2026-05-26T05:38:45,2026-05-26 11:38:45,/accounts/{account_id},45.074576
1779773940,2026-05-26T05:39:00,2026-05-26 11:39:00,/accounts/{account_id},44.888136
1779773955,2026-05-26T05:39:15,2026-05-26 11:39:15,/accounts/{account_id},44.922034
1779773970,2026-05-26T05:39:30,2026-05-26 11:39:30,/accounts/{account_id},44.776271
1779773985,2026-05-26T05:39:45,2026-05-26 11:39:45,/accounts/{account_id},44.586441
1779774000,2026-05-26T05:40:00,2026-05-26 11:40:00,/accounts/{account_id},44.454237
1779774015,2026-05-26T05:40:15,2026-05-26 11:40:15,/accounts/{account_id},44.010169
1779774030,2026-05-26T05:40:30,2026-05-26 11:40:30,/accounts/{account_id},43.623729
1779774045,2026-05-26T05:40:45,2026-05-26 11:40:45,/accounts/{account_id},43.508475
1779774060,2026-05-26T05:41:00,2026-05-26 11:41:00,/accounts/{account_id},43.4
1779774075,2026-05-26T05:41:15,2026-05-26 11:41:15,/accounts/{account_id},43.366102
1779774090,2026-05-26T05:41:30,2026-05-26 11:41:30,/accounts/{account_id},43.416949
1779774105,2026-05-26T05:41:45,2026-05-26 11:41:45,/accounts/{account_id},43.427119
1779774120,2026-05-26T05:42:00,2026-05-26 11:42:00,/accounts/{account_id},43.701695
1779774135,2026-05-26T05:42:15,2026-05-26 11:42:15,/accounts/{account_id},43.616949
1779774150,2026-05-26T05:42:30,2026-05-26 11:42:30,/accounts/{account_id},43.691525
1779774165,2026-05-26T05:42:45,2026-05-26 11:42:45,/accounts/{account_id},44.216949
1779774180,2026-05-26T05:43:00,2026-05-26 11:43:00,/accounts/{account_id},44.433898
1779774195,2026-05-26T05:43:15,2026-05-26 11:43:15,/accounts/{account_id},44.481356
1779774210,2026-05-26T05:43:30,2026-05-26 11:43:30,/accounts/{account_id},44.579661
1779774225,2026-05-26T05:43:45,2026-05-26 11:43:45,/accounts/{account_id},44.633898
1779774240,2026-05-26T05:44:00,2026-05-26 11:44:00,/accounts/{account_id},44.820339
1779774255,2026-05-26T05:44:15,2026-05-26 11:44:15,/accounts/{account_id},44.732203
1779774270,2026-05-26T05:44:30,2026-05-26 11:44:30,/accounts/{account_id},44.813559
1779774285,2026-05-26T05:44:45,2026-05-26 11:44:45,/accounts/{account_id},44.966102
1779774300,2026-05-26T05:45:00,2026-05-26 11:45:00,/accounts/{account_id},44.989831
1779774315,2026-05-26T05:45:15,2026-05-26 11:45:15,/accounts/{account_id},45.501695
1779774330,2026-05-26T05:45:30,2026-05-26 11:45:30,/accounts/{account_id},45.447458
1779774345,2026-05-26T05:45:45,2026-05-26 11:45:45,/accounts/{account_id},45.623729
1779774360,2026-05-26T05:46:00,2026-05-26 11:46:00,/accounts/{account_id},45.742373
1779774375,2026-05-26T05:46:15,2026-05-26 11:46:15,/accounts/{account_id},45.620339
1779774390,2026-05-26T05:46:30,2026-05-26 11:46:30,/accounts/{account_id},45.789831
1779774405,2026-05-26T05:46:45,2026-05-26 11:46:45,/accounts/{account_id},45.291525
1779774420,2026-05-26T05:47:00,2026-05-26 11:47:00,/accounts/{account_id},45.871186
1779774435,2026-05-26T05:47:15,2026-05-26 11:47:15,/accounts/{account_id},45.888136
1779774450,2026-05-26T05:47:30,2026-05-26 11:47:30,/accounts/{account_id},45.454237
1779774465,2026-05-26T05:47:45,2026-05-26 11:47:45,/accounts/{account_id},45.138983
1779774480,2026-05-26T05:48:00,2026-05-26 11:48:00,/accounts/{account_id},44.898305
1779774495,2026-05-26T05:48:15,2026-05-26 11:48:15,/accounts/{account_id},44.677966
1779774510,2026-05-26T05:48:30,2026-05-26 11:48:30,/accounts/{account_id},44.501695
1779774525,2026-05-26T05:48:45,2026-05-26 11:48:45,/accounts/{account_id},44.488136
1779774540,2026-05-26T05:49:00,2026-05-26 11:49:00,/accounts/{account_id},44.084746
1779774555,2026-05-26T05:49:15,2026-05-26 11:49:15,/accounts/{account_id},44.118644
1779774570,2026-05-26T05:49:30,2026-05-26 11:49:30,/accounts/{account_id},43.986441
1779774585,2026-05-26T05:49:45,2026-05-26 11:49:45,/accounts/{account_id},43.837288
1779774600,2026-05-26T05:50:00,2026-05-26 11:50:00,/accounts/{account_id},43.8
1779774615,2026-05-26T05:50:15,2026-05-26 11:50:15,/accounts/{account_id},43.708475
1779774630,2026-05-26T05:50:30,2026-05-26 11:50:30,/accounts/{account_id},43.664407
1779774645,2026-05-26T05:50:45,2026-05-26 11:50:45,/accounts/{account_id},43.522034
1779774660,2026-05-26T05:51:00,2026-05-26 11:51:00,/accounts/{account_id},43.379661
1779774675,2026-05-26T05:51:15,2026-05-26 11:51:15,/accounts/{account_id},43.850847
1779774690,2026-05-26T05:51:30,2026-05-26 11:51:30,/accounts/{account_id},44.061017
1779774705,2026-05-26T05:51:45,2026-05-26 11:51:45,/accounts/{account_id},43.264407
1779774720,2026-05-26T05:52:00,2026-05-26 11:52:00,/accounts/{account_id},43.294915
1779774735,2026-05-26T05:52:15,2026-05-26 11:52:15,/accounts/{account_id},43.138983
1779774750,2026-05-26T05:52:30,2026-05-26 11:52:30,/accounts/{account_id},43.511864
1779774765,2026-05-26T05:52:45,2026-05-26 11:52:45,/accounts/{account_id},43.332203
1779774780,2026-05-26T05:53:00,2026-05-26 11:53:00,/accounts/{account_id},43.776271
1779774795,2026-05-26T05:53:15,2026-05-26 11:53:15,/accounts/{account_id},43.484746
1779774810,2026-05-26T05:53:30,2026-05-26 11:53:30,/accounts/{account_id},43.437288
1779774825,2026-05-26T05:53:45,2026-05-26 11:53:45,/accounts/{account_id},43.481356
1779774840,2026-05-26T05:54:00,2026-05-26 11:54:00,/accounts/{account_id},43.488136
1779774855,2026-05-26T05:54:15,2026-05-26 11:54:15,/accounts/{account_id},43.755932
1779774870,2026-05-26T05:54:30,2026-05-26 11:54:30,/accounts/{account_id},43.572881
1779774885,2026-05-26T05:54:45,2026-05-26 11:54:45,/accounts/{account_id},43.850847
1779774900,2026-05-26T05:55:00,2026-05-26 11:55:00,/accounts/{account_id},43.725424
1779774915,2026-05-26T05:55:15,2026-05-26 11:55:15,/accounts/{account_id},43.732203
1779774930,2026-05-26T05:55:30,2026-05-26 11:55:30,/accounts/{account_id},43.905085
1779774945,2026-05-26T05:55:45,2026-05-26 11:55:45,/accounts/{account_id},43.284746
1779774960,2026-05-26T05:56:00,2026-05-26 11:56:00,/accounts/{account_id},43.132203
1779774975,2026-05-26T05:56:15,2026-05-26 11:56:15,/accounts/{account_id},43.216949
1779774990,2026-05-26T05:56:30,2026-05-26 11:56:30,/accounts/{account_id},42.932203
1779775005,2026-05-26T05:56:45,2026-05-26 11:56:45,/accounts/{account_id},42.861017
1779775020,2026-05-26T05:57:00,2026-05-26 11:57:00,/accounts/{account_id},42.938983
1779775035,2026-05-26T05:57:15,2026-05-26 11:57:15,/accounts/{account_id},43.033898
1779775050,2026-05-26T05:57:30,2026-05-26 11:57:30,/accounts/{account_id},43.071186
1779775065,2026-05-26T05:57:45,2026-05-26 11:57:45,/accounts/{account_id},43.376271
1779775080,2026-05-26T05:58:00,2026-05-26 11:58:00,/accounts/{account_id},43.318644
1779775095,2026-05-26T05:58:15,2026-05-26 11:58:15,/accounts/{account_id},43.257627
1779775110,2026-05-26T05:58:30,2026-05-26 11:58:30,/accounts/{account_id},43.111864
1779775125,2026-05-26T05:58:45,2026-05-26 11:58:45,/accounts/{account_id},42.928814
1779775140,2026-05-26T05:59:00,2026-05-26 11:59:00,/accounts/{account_id},42.874576
1779775155,2026-05-26T05:59:15,2026-05-26 11:59:15,/accounts/{account_id},43.366102
1779775170,2026-05-26T05:59:30,2026-05-26 11:59:30,/accounts/{account_id},43.176271
1779775185,2026-05-26T05:59:45,2026-05-26 11:59:45,/accounts/{account_id},43.335593
1779775200,2026-05-26T06:00:00,2026-05-26 12:00:00,/accounts/{account_id},43.291525
1779775215,2026-05-26T06:00:15,2026-05-26 12:00:15,/accounts/{account_id},43.515254
1779775230,2026-05-26T06:00:30,2026-05-26 12:00:30,/accounts/{account_id},43.870294
1779775245,2026-05-26T06:00:45,2026-05-26 12:00:45,/accounts/{account_id},44.098305
1779775260,2026-05-26T06:01:00,2026-05-26 12:01:00,/accounts/{account_id},44.020339
1779775275,2026-05-26T06:01:15,2026-05-26 12:01:15,/accounts/{account_id},43.932203
1779775290,2026-05-26T06:01:30,2026-05-26 12:01:30,/accounts/{account_id},43.854237
1779775305,2026-05-26T06:01:45,2026-05-26 12:01:45,/accounts/{account_id},43.908475
1779775320,2026-05-26T06:02:00,2026-05-26 12:02:00,/accounts/{account_id},44.040678
1779775335,2026-05-26T06:02:15,2026-05-26 12:02:15,/accounts/{account_id},43.823729
1779775350,2026-05-26T06:02:30,2026-05-26 12:02:30,/accounts/{account_id},43.620635
1779775365,2026-05-26T06:02:45,2026-05-26 12:02:45,/accounts/{account_id},43.579661
1779775380,2026-05-26T06:03:00,2026-05-26 12:03:00,/accounts/{account_id},43.894915
1779775395,2026-05-26T06:03:15,2026-05-26 12:03:15,/accounts/{account_id},43.918644
1779775410,2026-05-26T06:03:30,2026-05-26 12:03:30,/accounts/{account_id},44.525424
1779775425,2026-05-26T06:03:45,2026-05-26 12:03:45,/accounts/{account_id},44.59661
1779775440,2026-05-26T06:04:00,2026-05-26 12:04:00,/accounts/{account_id},44.776271
1779775455,2026-05-26T06:04:15,2026-05-26 12:04:15,/accounts/{account_id},44.888136
1779775470,2026-05-26T06:04:30,2026-05-26 12:04:30,/accounts/{account_id},44.833898
1779775485,2026-05-26T06:04:45,2026-05-26 12:04:45,/accounts/{account_id},44.705085
1779775500,2026-05-26T06:05:00,2026-05-26 12:05:00,/accounts/{account_id},44.742373
1779775515,2026-05-26T06:05:15,2026-05-26 12:05:15,/accounts/{account_id},44.454237
1779775530,2026-05-26T06:05:30,2026-05-26 12:05:30,/accounts/{account_id},44.386441
1779775545,2026-05-26T06:05:45,2026-05-26 12:05:45,/accounts/{account_id},44.477966
1779775560,2026-05-26T06:06:00,2026-05-26 12:06:00,/accounts/{account_id},44.6
1779775575,2026-05-26T06:06:15,2026-05-26 12:06:15,/accounts/{account_id},44.952542
1779775590,2026-05-26T06:06:30,2026-05-26 12:06:30,/accounts/{account_id},44.905085
1779775605,2026-05-26T06:06:45,2026-05-26 12:06:45,/accounts/{account_id},44.548851
1779775620,2026-05-26T06:07:00,2026-05-26 12:07:00,/accounts/{account_id},44.362712
1779775635,2026-05-26T06:07:15,2026-05-26 12:07:15,/accounts/{account_id},44.172881
1779775650,2026-05-26T06:07:30,2026-05-26 12:07:30,/accounts/{account_id},44.545763
1779775665,2026-05-26T06:07:45,2026-05-26 12:07:45,/accounts/{account_id},44.366102
1779775680,2026-05-26T06:08:00,2026-05-26 12:08:00,/accounts/{account_id},44.179661
1779775695,2026-05-26T06:08:15,2026-05-26 12:08:15,/accounts/{account_id},43.786441
1779775710,2026-05-26T06:08:30,2026-05-26 12:08:30,/accounts/{account_id},43.156517
1779775725,2026-05-26T06:08:45,2026-05-26 12:08:45,/accounts/{account_id},43.057627
1779775740,2026-05-26T06:09:00,2026-05-26 12:09:00,/accounts/{account_id},42.708475
1779775755,2026-05-26T06:09:15,2026-05-26 12:09:15,/accounts/{account_id},42.579661
1779775770,2026-05-26T06:09:30,2026-05-26 12:09:30,/accounts/{account_id},42.108475
1779775785,2026-05-26T06:09:45,2026-05-26 12:09:45,/accounts/{account_id},42.301695
1779775800,2026-05-26T06:10:00,2026-05-26 12:10:00,/accounts/{account_id},42.220339
1779775815,2026-05-26T06:10:15,2026-05-26 12:10:15,/accounts/{account_id},42.542373
1779775830,2026-05-26T06:10:30,2026-05-26 12:10:30,/accounts/{account_id},42.349153
1779775845,2026-05-26T06:10:45,2026-05-26 12:10:45,/accounts/{account_id},42.464407
1779775860,2026-05-26T06:11:00,2026-05-26 12:11:00,/accounts/{account_id},42.037288
1779775875,2026-05-26T06:11:15,2026-05-26 12:11:15,/accounts/{account_id},42.301695
1779775890,2026-05-26T06:11:30,2026-05-26 12:11:30,/accounts/{account_id},42.569492
1779775905,2026-05-26T06:11:45,2026-05-26 12:11:45,/accounts/{account_id},42.752977
1779775920,2026-05-26T06:12:00,2026-05-26 12:12:00,/accounts/{account_id},42.698305
1779775935,2026-05-26T06:12:15,2026-05-26 12:12:15,/accounts/{account_id},42.80339
1779775950,2026-05-26T06:12:30,2026-05-26 12:12:30,/accounts/{account_id},42.861017
1779775965,2026-05-26T06:12:45,2026-05-26 12:12:45,/accounts/{account_id},42.850847
1779775980,2026-05-26T06:13:00,2026-05-26 12:13:00,/accounts/{account_id},42.786441
1779775995,2026-05-26T06:13:15,2026-05-26 12:13:15,/accounts/{account_id},43.036996
1779776010,2026-05-26T06:13:30,2026-05-26 12:13:30,/accounts/{account_id},43.359322
1779776025,2026-05-26T06:13:45,2026-05-26 12:13:45,/accounts/{account_id},43.59322
1779776040,2026-05-26T06:14:00,2026-05-26 12:14:00,/accounts/{account_id},44.040678
1779776055,2026-05-26T06:14:15,2026-05-26 12:14:15,/accounts/{account_id},44.084746
1779776070,2026-05-26T06:14:30,2026-05-26 12:14:30,/accounts/{account_id},44.369191
1779776085,2026-05-26T06:14:45,2026-05-26 12:14:45,/accounts/{account_id},44.542826
1779776100,2026-05-26T06:15:00,2026-05-26 12:15:00,/accounts/{account_id},44.410169
1779776115,2026-05-26T06:15:15,2026-05-26 12:15:15,/accounts/{account_id},44.237288
1779776130,2026-05-26T06:15:30,2026-05-26 12:15:30,/accounts/{account_id},44.298305
1779776145,2026-05-26T06:15:45,2026-05-26 12:15:45,/accounts/{account_id},44.410169
1779776160,2026-05-26T06:16:00,2026-05-26 12:16:00,/accounts/{account_id},44.508475
1779776175,2026-05-26T06:16:15,2026-05-26 12:16:15,/accounts/{account_id},44.369492
1779776190,2026-05-26T06:16:30,2026-05-26 12:16:30,/accounts/{account_id},44.244068
1779776205,2026-05-26T06:16:45,2026-05-26 12:16:45,/accounts/{account_id},44.267797
1779776220,2026-05-26T06:17:00,2026-05-26 12:17:00,/accounts/{account_id},44.745763
1779776235,2026-05-26T06:17:15,2026-05-26 12:17:15,/accounts/{account_id},44.79322
1779776250,2026-05-26T06:17:30,2026-05-26 12:17:30,/accounts/{account_id},44.420339
1779776265,2026-05-26T06:17:45,2026-05-26 12:17:45,/accounts/{account_id},44.474576
1779776280,2026-05-26T06:18:00,2026-05-26 12:18:00,/accounts/{account_id},44.132203
1779776295,2026-05-26T06:18:15,2026-05-26 12:18:15,/accounts/{account_id},44.257627
1779776310,2026-05-26T06:18:30,2026-05-26 12:18:30,/accounts/{account_id},44.149153
1779776325,2026-05-26T06:18:45,2026-05-26 12:18:45,/accounts/{account_id},44.054237
1779776340,2026-05-26T06:19:00,2026-05-26 12:19:00,/accounts/{account_id},43.769492
1779776355,2026-05-26T06:19:15,2026-05-26 12:19:15,/accounts/{account_id},43.559322
1779776370,2026-05-26T06:19:30,2026-05-26 12:19:30,/accounts/{account_id},43.640678
1779776385,2026-05-26T06:19:45,2026-05-26 12:19:45,/accounts/{account_id},43.816949
1779776400,2026-05-26T06:20:00,2026-05-26 12:20:00,/accounts/{account_id},43.555932
1779776415,2026-05-26T06:20:15,2026-05-26 12:20:15,/accounts/{account_id},43.305085
1779776430,2026-05-26T06:20:30,2026-05-26 12:20:30,/accounts/{account_id},43.874576
1779776445,2026-05-26T06:20:45,2026-05-26 12:20:45,/accounts/{account_id},43.230508
1779776460,2026-05-26T06:21:00,2026-05-26 12:21:00,/accounts/{account_id},43.542373
1779776475,2026-05-26T06:21:15,2026-05-26 12:21:15,/accounts/{account_id},43.613559
1779776490,2026-05-26T06:21:30,2026-05-26 12:21:30,/accounts/{account_id},43.39322
1779776505,2026-05-26T06:21:45,2026-05-26 12:21:45,/accounts/{account_id},43.176271
1779776520,2026-05-26T06:22:00,2026-05-26 12:22:00,/accounts/{account_id},42.711864
1779776535,2026-05-26T06:22:15,2026-05-26 12:22:15,/accounts/{account_id},42.854237
1779776550,2026-05-26T06:22:30,2026-05-26 12:22:30,/accounts/{account_id},43.010169
1779776565,2026-05-26T06:22:45,2026-05-26 12:22:45,/accounts/{account_id},43.471186
1779776580,2026-05-26T06:23:00,2026-05-26 12:23:00,/accounts/{account_id},43.633898
1779776595,2026-05-26T06:23:15,2026-05-26 12:23:15,/accounts/{account_id},43.667797
1779776610,2026-05-26T06:23:30,2026-05-26 12:23:30,/accounts/{account_id},43.528814
1779776625,2026-05-26T06:23:45,2026-05-26 12:23:45,/accounts/{account_id},43.820339
1779776640,2026-05-26T06:24:00,2026-05-26 12:24:00,/accounts/{account_id},43.766102
1779776655,2026-05-26T06:24:15,2026-05-26 12:24:15,/accounts/{account_id},43.166102
1779776670,2026-05-26T06:24:30,2026-05-26 12:24:30,/accounts/{account_id},43.481356
1779776685,2026-05-26T06:24:45,2026-05-26 12:24:45,/accounts/{account_id},43.355932
1779776700,2026-05-26T06:25:00,2026-05-26 12:25:00,/accounts/{account_id},43.40678
1779776715,2026-05-26T06:25:15,2026-05-26 12:25:15,/accounts/{account_id},43.518644
1779776730,2026-05-26T06:25:30,2026-05-26 12:25:30,/accounts/{account_id},42.99322
1779776745,2026-05-26T06:25:45,2026-05-26 12:25:45,/accounts/{account_id},43.237288
1779776760,2026-05-26T06:26:00,2026-05-26 12:26:00,/accounts/{account_id},43.501695
1779776775,2026-05-26T06:26:15,2026-05-26 12:26:15,/accounts/{account_id},43.311864
1779776790,2026-05-26T06:26:30,2026-05-26 12:26:30,/accounts/{account_id},43.783051
1779776805,2026-05-26T06:26:45,2026-05-26 12:26:45,/accounts/{account_id},43.535593
1779776820,2026-05-26T06:27:00,2026-05-26 12:27:00,/accounts/{account_id},43.698305
1779776835,2026-05-26T06:27:15,2026-05-26 12:27:15,/accounts/{account_id},43.844068
1779776850,2026-05-26T06:27:30,2026-05-26 12:27:30,/accounts/{account_id},43.901695
1779776865,2026-05-26T06:27:45,2026-05-26 12:27:45,/accounts/{account_id},43.423729
1779776880,2026-05-26T06:28:00,2026-05-26 12:28:00,/accounts/{account_id},43.715254
1779776895,2026-05-26T06:28:15,2026-05-26 12:28:15,/accounts/{account_id},43.671186
1779776910,2026-05-26T06:28:30,2026-05-26 12:28:30,/accounts/{account_id},43.620339
1779776925,2026-05-26T06:28:45,2026-05-26 12:28:45,/accounts/{account_id},43.840678
1779776940,2026-05-26T06:29:00,2026-05-26 12:29:00,/accounts/{account_id},43.871186
1779776955,2026-05-26T06:29:15,2026-05-26 12:29:15,/accounts/{account_id},43.962712
1779776970,2026-05-26T06:29:30,2026-05-26 12:29:30,/accounts/{account_id},44.338983
1779776985,2026-05-26T06:29:45,2026-05-26 12:29:45,/accounts/{account_id},44.484746
1779777000,2026-05-26T06:30:00,2026-05-26 12:30:00,/accounts/{account_id},44.698305
1779777015,2026-05-26T06:30:15,2026-05-26 12:30:15,/accounts/{account_id},44.647458
1779777030,2026-05-26T06:30:30,2026-05-26 12:30:30,/accounts/{account_id},44.644068
1779777045,2026-05-26T06:30:45,2026-05-26 12:30:45,/accounts/{account_id},44.413559
1779777060,2026-05-26T06:31:00,2026-05-26 12:31:00,/accounts/{account_id},44.677966
1779777075,2026-05-26T06:31:15,2026-05-26 12:31:15,/accounts/{account_id},44.271186
1779777090,2026-05-26T06:31:30,2026-05-26 12:31:30,/accounts/{account_id},44.379661
1779777105,2026-05-26T06:31:45,2026-05-26 12:31:45,/accounts/{account_id},44.277966
1779777120,2026-05-26T06:32:00,2026-05-26 12:32:00,/accounts/{account_id},44.39322
1779777135,2026-05-26T06:32:15,2026-05-26 12:32:15,/accounts/{account_id},44.227119
1779777150,2026-05-26T06:32:30,2026-05-26 12:32:30,/accounts/{account_id},43.844068
1779777165,2026-05-26T06:32:45,2026-05-26 12:32:45,/accounts/{account_id},44.291525
1779777180,2026-05-26T06:33:00,2026-05-26 12:33:00,/accounts/{account_id},44.088136
1779777195,2026-05-26T06:33:15,2026-05-26 12:33:15,/accounts/{account_id},44.044068
1779777210,2026-05-26T06:33:30,2026-05-26 12:33:30,/accounts/{account_id},43.922034
1779777225,2026-05-26T06:33:45,2026-05-26 12:33:45,/accounts/{account_id},43.959322
1779777240,2026-05-26T06:34:00,2026-05-26 12:34:00,/accounts/{account_id},43.555932
1779777255,2026-05-26T06:34:15,2026-05-26 12:34:15,/accounts/{account_id},43.545763
1779777270,2026-05-26T06:34:30,2026-05-26 12:34:30,/accounts/{account_id},43.644068
1779777285,2026-05-26T06:34:45,2026-05-26 12:34:45,/accounts/{account_id},43.301695
1779777300,2026-05-26T06:35:00,2026-05-26 12:35:00,/accounts/{account_id},43.098305
1779777315,2026-05-26T06:35:15,2026-05-26 12:35:15,/accounts/{account_id},43.132203
1779777330,2026-05-26T06:35:30,2026-05-26 12:35:30,/accounts/{account_id},43.366102
1779777345,2026-05-26T06:35:45,2026-05-26 12:35:45,/accounts/{account_id},43.216949
1779777360,2026-05-26T06:36:00,2026-05-26 12:36:00,/accounts/{account_id},42.955932
1779777375,2026-05-26T06:36:15,2026-05-26 12:36:15,/accounts/{account_id},43.477966
1779777390,2026-05-26T06:36:30,2026-05-26 12:36:30,/accounts/{account_id},42.877966
1779777405,2026-05-26T06:36:45,2026-05-26 12:36:45,/accounts/{account_id},43.101695
1779777420,2026-05-26T06:37:00,2026-05-26 12:37:00,/accounts/{account_id},42.752542
1779777435,2026-05-26T06:37:15,2026-05-26 12:37:15,/accounts/{account_id},42.874576
1779777450,2026-05-26T06:37:30,2026-05-26 12:37:30,/accounts/{account_id},43.108475
1779777465,2026-05-26T06:37:45,2026-05-26 12:37:45,/accounts/{account_id},42.955932
1779777480,2026-05-26T06:38:00,2026-05-26 12:38:00,/accounts/{account_id},43.013559
1779777495,2026-05-26T06:38:15,2026-05-26 12:38:15,/accounts/{account_id},42.867797
1779777510,2026-05-26T06:38:30,2026-05-26 12:38:30,/accounts/{account_id},43.108475
1779777525,2026-05-26T06:38:45,2026-05-26 12:38:45,/accounts/{account_id},43.481356
1779777540,2026-05-26T06:39:00,2026-05-26 12:39:00,/accounts/{account_id},43.715254
1779777555,2026-05-26T06:39:15,2026-05-26 12:39:15,/accounts/{account_id},43.542373
1779777570,2026-05-26T06:39:30,2026-05-26 12:39:30,/accounts/{account_id},43.342373
1779777585,2026-05-26T06:39:45,2026-05-26 12:39:45,/accounts/{account_id},43.671186
1779777600,2026-05-26T06:40:00,2026-05-26 12:40:00,/accounts/{account_id},43.549153
1779777615,2026-05-26T06:40:15,2026-05-26 12:40:15,/accounts/{account_id},43.671186
1779777630,2026-05-26T06:40:30,2026-05-26 12:40:30,/accounts/{account_id},43.40678
1779777645,2026-05-26T06:40:45,2026-05-26 12:40:45,/accounts/{account_id},42.962712
1779777660,2026-05-26T06:41:00,2026-05-26 12:41:00,/accounts/{account_id},43.335593
1779777675,2026-05-26T06:41:15,2026-05-26 12:41:15,/accounts/{account_id},43.094915
1779777690,2026-05-26T06:41:30,2026-05-26 12:41:30,/accounts/{account_id},42.826538
1779777705,2026-05-26T06:41:45,2026-05-26 12:41:45,/accounts/{account_id},42.854237
1779777720,2026-05-26T06:42:00,2026-05-26 12:42:00,/accounts/{account_id},42.969492
1779777735,2026-05-26T06:42:15,2026-05-26 12:42:15,/accounts/{account_id},43.179661
1779777750,2026-05-26T06:42:30,2026-05-26 12:42:30,/accounts/{account_id},43.074576
1779777765,2026-05-26T06:42:45,2026-05-26 12:42:45,/accounts/{account_id},42.861017
1779777780,2026-05-26T06:43:00,2026-05-26 12:43:00,/accounts/{account_id},43.094915
1779777795,2026-05-26T06:43:15,2026-05-26 12:43:15,/accounts/{account_id},43.088136
1779777810,2026-05-26T06:43:30,2026-05-26 12:43:30,/accounts/{account_id},42.870896
1779777825,2026-05-26T06:43:45,2026-05-26 12:43:45,/accounts/{account_id},42.461017
1779777840,2026-05-26T06:44:00,2026-05-26 12:44:00,/accounts/{account_id},42.691525
1779777855,2026-05-26T06:44:15,2026-05-26 12:44:15,/accounts/{account_id},42.755932
1779777870,2026-05-26T06:44:30,2026-05-26 12:44:30,/accounts/{account_id},42.752542
1779777885,2026-05-26T06:44:45,2026-05-26 12:44:45,/accounts/{account_id},42.752542
1779777900,2026-05-26T06:45:00,2026-05-26 12:45:00,/accounts/{account_id},42.776271
1779777915,2026-05-26T06:45:15,2026-05-26 12:45:15,/accounts/{account_id},42.861017
1779777930,2026-05-26T06:45:30,2026-05-26 12:45:30,/accounts/{account_id},42.735593
1779777945,2026-05-26T06:45:45,2026-05-26 12:45:45,/accounts/{account_id},42.644068
1779777960,2026-05-26T06:46:00,2026-05-26 12:46:00,/accounts/{account_id},42.474576
1779777975,2026-05-26T06:46:15,2026-05-26 12:46:15,/accounts/{account_id},42.79322
1779777990,2026-05-26T06:46:30,2026-05-26 12:46:30,/accounts/{account_id},42.898305
1779778005,2026-05-26T06:46:45,2026-05-26 12:46:45,/accounts/{account_id},42.922325
1779778020,2026-05-26T06:47:00,2026-05-26 12:47:00,/accounts/{account_id},42.538983
1779778035,2026-05-26T06:47:15,2026-05-26 12:47:15,/accounts/{account_id},42.616949
1779778050,2026-05-26T06:47:30,2026-05-26 12:47:30,/accounts/{account_id},42.884746
1779778065,2026-05-26T06:47:45,2026-05-26 12:47:45,/accounts/{account_id},42.861017
1779778080,2026-05-26T06:48:00,2026-05-26 12:48:00,/accounts/{account_id},42.369492
1779778095,2026-05-26T06:48:15,2026-05-26 12:48:15,/accounts/{account_id},43.101695
1779778110,2026-05-26T06:48:30,2026-05-26 12:48:30,/accounts/{account_id},43.328814
1779778125,2026-05-26T06:48:45,2026-05-26 12:48:45,/accounts/{account_id},43.379661
1779778140,2026-05-26T06:49:00,2026-05-26 12:49:00,/accounts/{account_id},43.911864
1779778155,2026-05-26T06:49:15,2026-05-26 12:49:15,/accounts/{account_id},43.60339
1779778170,2026-05-26T06:49:30,2026-05-26 12:49:30,/accounts/{account_id},43.433898
1779778185,2026-05-26T06:49:45,2026-05-26 12:49:45,/accounts/{account_id},43.447458
1779778200,2026-05-26T06:50:00,2026-05-26 12:50:00,/accounts/{account_id},43.59322
1779778215,2026-05-26T06:50:15,2026-05-26 12:50:15,/accounts/{account_id},43.928814
1779778230,2026-05-26T06:50:30,2026-05-26 12:50:30,/accounts/{account_id},43.80339
1779778245,2026-05-26T06:50:45,2026-05-26 12:50:45,/accounts/{account_id},44.081356
1779778260,2026-05-26T06:51:00,2026-05-26 12:51:00,/accounts/{account_id},44.650847
1779778275,2026-05-26T06:51:15,2026-05-26 12:51:15,/accounts/{account_id},44.759322
1779778290,2026-05-26T06:51:30,2026-05-26 12:51:30,/accounts/{account_id},44.972881
1779778305,2026-05-26T06:51:45,2026-05-26 12:51:45,/accounts/{account_id},45.223729
1779778320,2026-05-26T06:52:00,2026-05-26 12:52:00,/accounts/{account_id},45.60339
1779778335,2026-05-26T06:52:15,2026-05-26 12:52:15,/accounts/{account_id},45.932203
1779778350,2026-05-26T06:52:30,2026-05-26 12:52:30,/accounts/{account_id},45.925424
1779778365,2026-05-26T06:52:45,2026-05-26 12:52:45,/accounts/{account_id},46.420339
1779778380,2026-05-26T06:53:00,2026-05-26 12:53:00,/accounts/{account_id},46.542373
1779778395,2026-05-26T06:53:15,2026-05-26 12:53:15,/accounts/{account_id},46.467797
1779778410,2026-05-26T06:53:30,2026-05-26 12:53:30,/accounts/{account_id},46.776271
1779778425,2026-05-26T06:53:45,2026-05-26 12:53:45,/accounts/{account_id},46.861017
1779778440,2026-05-26T06:54:00,2026-05-26 12:54:00,/accounts/{account_id},47.423729
1779778455,2026-05-26T06:54:15,2026-05-26 12:54:15,/accounts/{account_id},47.138983
1779778470,2026-05-26T06:54:30,2026-05-26 12:54:30,/accounts/{account_id},47.854237
1779778485,2026-05-26T06:54:45,2026-05-26 12:54:45,/accounts/{account_id},47.79322
1779778500,2026-05-26T06:55:00,2026-05-26 12:55:00,/accounts/{account_id},48.637288
1779778515,2026-05-26T06:55:15,2026-05-26 12:55:15,/accounts/{account_id},48.752542
1779778530,2026-05-26T06:55:30,2026-05-26 12:55:30,/accounts/{account_id},49.067797
1779778545,2026-05-26T06:55:45,2026-05-26 12:55:45,/accounts/{account_id},49.4
1779778560,2026-05-26T06:56:00,2026-05-26 12:56:00,/accounts/{account_id},49.732203
1779778575,2026-05-26T06:56:15,2026-05-26 12:56:15,/accounts/{account_id},49.589831
1779778590,2026-05-26T06:56:30,2026-05-26 12:56:30,/accounts/{account_id},50.667797
1779778605,2026-05-26T06:56:45,2026-05-26 12:56:45,/accounts/{account_id},50.755932
1779778620,2026-05-26T06:57:00,2026-05-26 12:57:00,/accounts/{account_id},51.128814
1779778635,2026-05-26T06:57:15,2026-05-26 12:57:15,/accounts/{account_id},51.152542
1779778650,2026-05-26T06:57:30,2026-05-26 12:57:30,/accounts/{account_id},51.708475
1779778665,2026-05-26T06:57:45,2026-05-26 12:57:45,/accounts/{account_id},52.210169
1779778680,2026-05-26T06:58:00,2026-05-26 12:58:00,/accounts/{account_id},52.752542
1779778695,2026-05-26T06:58:15,2026-05-26 12:58:15,/accounts/{account_id},53.183051
1779778710,2026-05-26T06:58:30,2026-05-26 12:58:30,/accounts/{account_id},53.705085
1779778725,2026-05-26T06:58:45,2026-05-26 12:58:45,/accounts/{account_id},54.549153
1779778740,2026-05-26T06:59:00,2026-05-26 12:59:00,/accounts/{account_id},55.288136
1779778755,2026-05-26T06:59:15,2026-05-26 12:59:15,/accounts/{account_id},56.745592
1779778770,2026-05-26T06:59:30,2026-05-26 12:59:30,/accounts/{account_id},56.710176
1779778785,2026-05-26T06:59:45,2026-05-26 12:59:45,/accounts/{account_id},57.511864
1779778800,2026-05-26T07:00:00,2026-05-26 13:00:00,/accounts/{account_id},58.132203
1779778815,2026-05-26T07:00:15,2026-05-26 13:00:15,/accounts/{account_id},57.962712
1779778830,2026-05-26T07:00:30,2026-05-26 13:00:30,/accounts/{account_id},58.576271
1779778845,2026-05-26T07:00:45,2026-05-26 13:00:45,/accounts/{account_id},58.322034
1779778860,2026-05-26T07:01:00,2026-05-26 13:01:00,/accounts/{account_id},58.433898
1779778875,2026-05-26T07:01:15,2026-05-26 13:01:15,/accounts/{account_id},58.118644
1779778890,2026-05-26T07:01:30,2026-05-26 13:01:30,/accounts/{account_id},58.145763
1779778905,2026-05-26T07:01:45,2026-05-26 13:01:45,/accounts/{account_id},57.661017
1779778920,2026-05-26T07:02:00,2026-05-26 13:02:00,/accounts/{account_id},57.6
1779778935,2026-05-26T07:02:15,2026-05-26 13:02:15,/accounts/{account_id},57.460238
1779778950,2026-05-26T07:02:30,2026-05-26 13:02:30,/accounts/{account_id},57.030508
1779778965,2026-05-26T07:02:45,2026-05-26 13:02:45,/accounts/{account_id},56.874576
1779778980,2026-05-26T07:03:00,2026-05-26 13:03:00,/accounts/{account_id},56.149153
1779778995,2026-05-26T07:03:15,2026-05-26 13:03:15,/accounts/{account_id},56.508475
1779779010,2026-05-26T07:03:30,2026-05-26 13:03:30,/accounts/{account_id},56.166102
1779779025,2026-05-26T07:03:45,2026-05-26 13:03:45,/accounts/{account_id},55.305085
1779779040,2026-05-26T07:04:00,2026-05-26 13:04:00,/accounts/{account_id},54.572881
1779779055,2026-05-26T07:04:15,2026-05-26 13:04:15,/accounts/{account_id},53.071186
1779779070,2026-05-26T07:04:30,2026-05-26 13:04:30,/accounts/{account_id},52.892018
1779779085,2026-05-26T07:04:45,2026-05-26 13:04:45,/accounts/{account_id},52.583051
1779779100,2026-05-26T07:05:00,2026-05-26 13:05:00,/accounts/{account_id},52.190538
1779779115,2026-05-26T07:05:15,2026-05-26 13:05:15,/accounts/{account_id},51.871186
1779779130,2026-05-26T07:05:30,2026-05-26 13:05:30,/accounts/{account_id},52.159322
1779779145,2026-05-26T07:05:45,2026-05-26 13:05:45,/accounts/{account_id},52.138983
1779779160,2026-05-26T07:06:00,2026-05-26 13:06:00,/accounts/{account_id},52.108475
1779779175,2026-05-26T07:06:15,2026-05-26 13:06:15,/accounts/{account_id},52.355932
1779779190,2026-05-26T07:06:30,2026-05-26 13:06:30,/accounts/{account_id},52.447458
1779779205,2026-05-26T07:06:45,2026-05-26 13:06:45,/accounts/{account_id},52.535593
1779779220,2026-05-26T07:07:00,2026-05-26 13:07:00,/accounts/{account_id},52.291525
1779779235,2026-05-26T07:07:15,2026-05-26 13:07:15,/accounts/{account_id},52.349153
1779779250,2026-05-26T07:07:30,2026-05-26 13:07:30,/accounts/{account_id},52.288136
1779779265,2026-05-26T07:07:45,2026-05-26 13:07:45,/accounts/{account_id},52.440678
1779779280,2026-05-26T07:08:00,2026-05-26 13:08:00,/accounts/{account_id},51.448964
1779779295,2026-05-26T07:08:15,2026-05-26 13:08:15,/accounts/{account_id},52.088136
1779779310,2026-05-26T07:08:30,2026-05-26 13:08:30,/accounts/{account_id},52.223729
1779779325,2026-05-26T07:08:45,2026-05-26 13:08:45,/accounts/{account_id},52.067797
1779779340,2026-05-26T07:09:00,2026-05-26 13:09:00,/accounts/{account_id},52.515254
1779779355,2026-05-26T07:09:15,2026-05-26 13:09:15,/accounts/{account_id},52.271186
1779779370,2026-05-26T07:09:30,2026-05-26 13:09:30,/accounts/{account_id},52.359322
1779779385,2026-05-26T07:09:45,2026-05-26 13:09:45,/accounts/{account_id},52.267797
1779779400,2026-05-26T07:10:00,2026-05-26 13:10:00,/accounts/{account_id},51.945749
1779779415,2026-05-26T07:10:15,2026-05-26 13:10:15,/accounts/{account_id},52.877966
1779779430,2026-05-26T07:10:30,2026-05-26 13:10:30,/accounts/{account_id},52.335593
1779779445,2026-05-26T07:10:45,2026-05-26 13:10:45,/accounts/{account_id},52.176271
1779779460,2026-05-26T07:11:00,2026-05-26 13:11:00,/accounts/{account_id},51.368053
1779779475,2026-05-26T07:11:15,2026-05-26 13:11:15,/accounts/{account_id},52.125424
1779779490,2026-05-26T07:11:30,2026-05-26 13:11:30,/accounts/{account_id},50.96702
1779779505,2026-05-26T07:11:45,2026-05-26 13:11:45,/accounts/{account_id},52.13641
1779779520,2026-05-26T07:12:00,2026-05-26 13:12:00,/accounts/{account_id},53.135593
1779779535,2026-05-26T07:12:15,2026-05-26 13:12:15,/accounts/{account_id},52.66744
1779779550,2026-05-26T07:12:30,2026-05-26 13:12:30,/accounts/{account_id},51.980753
1779779565,2026-05-26T07:12:45,2026-05-26 13:12:45,/accounts/{account_id},52.288136
1779779580,2026-05-26T07:13:00,2026-05-26 13:13:00,/accounts/{account_id},52.461017
1779779595,2026-05-26T07:13:15,2026-05-26 13:13:15,/accounts/{account_id},52.589831
1779779610,2026-05-26T07:13:30,2026-05-26 13:13:30,/accounts/{account_id},52.325424
1779779625,2026-05-26T07:13:45,2026-05-26 13:13:45,/accounts/{account_id},52.077966
1779779640,2026-05-26T07:14:00,2026-05-26 13:14:00,/accounts/{account_id},51.752542
1779779655,2026-05-26T07:14:15,2026-05-26 13:14:15,/accounts/{account_id},51.71029
1779779670,2026-05-26T07:14:30,2026-05-26 13:14:30,/accounts/{account_id},51.962712
1779779685,2026-05-26T07:14:45,2026-05-26 13:14:45,/accounts/{account_id},51.930723
1779779700,2026-05-26T07:15:00,2026-05-26 13:15:00,/accounts/{account_id},52.499271
1779779715,2026-05-26T07:15:15,2026-05-26 13:15:15,/accounts/{account_id},51.978956
1779779730,2026-05-26T07:15:30,2026-05-26 13:15:30,/accounts/{account_id},52.050847
1779779745,2026-05-26T07:15:45,2026-05-26 13:15:45,/accounts/{account_id},52.074576
1779779760,2026-05-26T07:16:00,2026-05-26 13:16:00,/accounts/{account_id},52.274724
1779779775,2026-05-26T07:16:15,2026-05-26 13:16:15,/accounts/{account_id},51.657627
1779779790,2026-05-26T07:16:30,2026-05-26 13:16:30,/accounts/{account_id},51.850847
1779779805,2026-05-26T07:16:45,2026-05-26 13:16:45,/accounts/{account_id},51.140817
1779779820,2026-05-26T07:17:00,2026-05-26 13:17:00,/accounts/{account_id},51.562712
1779779835,2026-05-26T07:17:15,2026-05-26 13:17:15,/accounts/{account_id},51.457627
1779779850,2026-05-26T07:17:30,2026-05-26 13:17:30,/accounts/{account_id},51.597277
1779779865,2026-05-26T07:17:45,2026-05-26 13:17:45,/accounts/{account_id},51.738983
1779779880,2026-05-26T07:18:00,2026-05-26 13:18:00,/accounts/{account_id},51.688486
1779779895,2026-05-26T07:18:15,2026-05-26 13:18:15,/accounts/{account_id},50.749594
1779779910,2026-05-26T07:18:30,2026-05-26 13:18:30,/accounts/{account_id},51.454237
1779779925,2026-05-26T07:18:45,2026-05-26 13:18:45,/accounts/{account_id},51.427119
1779779940,2026-05-26T07:19:00,2026-05-26 13:19:00,/accounts/{account_id},50.935593
1779779955,2026-05-26T07:19:15,2026-05-26 13:19:15,/accounts/{account_id},50.987378
1779779970,2026-05-26T07:19:30,2026-05-26 13:19:30,/accounts/{account_id},51.281356
1779779985,2026-05-26T07:19:45,2026-05-26 13:19:45,/accounts/{account_id},51.145864
1779780000,2026-05-26T07:20:00,2026-05-26 13:20:00,/accounts/{account_id},51.335593
1779780015,2026-05-26T07:20:15,2026-05-26 13:20:15,/accounts/{account_id},51.237288
1779780030,2026-05-26T07:20:30,2026-05-26 13:20:30,/accounts/{account_id},51.027119
1779780045,2026-05-26T07:20:45,2026-05-26 13:20:45,/accounts/{account_id},51.138983
1779780060,2026-05-26T07:21:00,2026-05-26 13:21:00,/accounts/{account_id},51.136512
1779780075,2026-05-26T07:21:15,2026-05-26 13:21:15,/accounts/{account_id},51.962712
1779780090,2026-05-26T07:21:30,2026-05-26 13:21:30,/accounts/{account_id},51.369492
1779780105,2026-05-26T07:21:45,2026-05-26 13:21:45,/accounts/{account_id},50.05141
1779780120,2026-05-26T07:22:00,2026-05-26 13:22:00,/accounts/{account_id},51.589831
1779780135,2026-05-26T07:22:15,2026-05-26 13:22:15,/accounts/{account_id},52.298305
1779780150,2026-05-26T07:22:30,2026-05-26 13:22:30,/accounts/{account_id},52.20339
1779780165,2026-05-26T07:22:45,2026-05-26 13:22:45,/accounts/{account_id},51.942373
1779780180,2026-05-26T07:23:00,2026-05-26 13:23:00,/accounts/{account_id},52.010169
1779780195,2026-05-26T07:23:15,2026-05-26 13:23:15,/accounts/{account_id},52.831174
1779780210,2026-05-26T07:23:30,2026-05-26 13:23:30,/accounts/{account_id},52.546297
1779780225,2026-05-26T07:23:45,2026-05-26 13:23:45,/accounts/{account_id},53.033898
1779780240,2026-05-26T07:24:00,2026-05-26 13:24:00,/accounts/{account_id},53.077966
1779780255,2026-05-26T07:24:15,2026-05-26 13:24:15,/accounts/{account_id},53.325424
1779780270,2026-05-26T07:24:30,2026-05-26 13:24:30,/accounts/{account_id},53.511864
1779780285,2026-05-26T07:24:45,2026-05-26 13:24:45,/accounts/{account_id},53.722034
1779780300,2026-05-26T07:25:00,2026-05-26 13:25:00,/accounts/{account_id},53.976271
1779780315,2026-05-26T07:25:15,2026-05-26 13:25:15,/accounts/{account_id},53.789831
1779780330,2026-05-26T07:25:30,2026-05-26 13:25:30,/accounts/{account_id},53.942373
1779780345,2026-05-26T07:25:45,2026-05-26 13:25:45,/accounts/{account_id},54.538983
1779780360,2026-05-26T07:26:00,2026-05-26 13:26:00,/accounts/{account_id},54.06918
1779780375,2026-05-26T07:26:15,2026-05-26 13:26:15,/accounts/{account_id},54.318644
1779780390,2026-05-26T07:26:30,2026-05-26 13:26:30,/accounts/{account_id},54.99661
1779780405,2026-05-26T07:26:45,2026-05-26 13:26:45,/accounts/{account_id},54.6
1779780420,2026-05-26T07:27:00,2026-05-26 13:27:00,/accounts/{account_id},54.559322
1779780435,2026-05-26T07:27:15,2026-05-26 13:27:15,/accounts/{account_id},54.711864
1779780450,2026-05-26T07:27:30,2026-05-26 13:27:30,/accounts/{account_id},55.138983
1779780465,2026-05-26T07:27:45,2026-05-26 13:27:45,/accounts/{account_id},56.077966
1779780480,2026-05-26T07:28:00,2026-05-26 13:28:00,/accounts/{account_id},56.217711
1779780495,2026-05-26T07:28:15,2026-05-26 13:28:15,/accounts/{account_id},56.2
1779780510,2026-05-26T07:28:30,2026-05-26 13:28:30,/accounts/{account_id},56.020339
1779780525,2026-05-26T07:28:45,2026-05-26 13:28:45,/accounts/{account_id},56.338983
1779780540,2026-05-26T07:29:00,2026-05-26 13:29:00,/accounts/{account_id},55.752542
1779780555,2026-05-26T07:29:15,2026-05-26 13:29:15,/accounts/{account_id},55.884746
1779780570,2026-05-26T07:29:30,2026-05-26 13:29:30,/accounts/{account_id},55.525424
1779780585,2026-05-26T07:29:45,2026-05-26 13:29:45,/accounts/{account_id},56.088136
1779780600,2026-05-26T07:30:00,2026-05-26 13:30:00,/accounts/{account_id},55.745763
1779780615,2026-05-26T07:30:15,2026-05-26 13:30:15,/accounts/{account_id},55.99661
1779780630,2026-05-26T07:30:30,2026-05-26 13:30:30,/accounts/{account_id},55.983051
1779780645,2026-05-26T07:30:45,2026-05-26 13:30:45,/accounts/{account_id},55.637288
1779780660,2026-05-26T07:31:00,2026-05-26 13:31:00,/accounts/{account_id},55.911864
1779780675,2026-05-26T07:31:15,2026-05-26 13:31:15,/accounts/{account_id},56.054237
1779780690,2026-05-26T07:31:30,2026-05-26 13:31:30,/accounts/{account_id},56.122034
1779780705,2026-05-26T07:31:45,2026-05-26 13:31:45,/accounts/{account_id},55.671186
1779780720,2026-05-26T07:32:00,2026-05-26 13:32:00,/accounts/{account_id},55.857627
1779780735,2026-05-26T07:32:15,2026-05-26 13:32:15,/accounts/{account_id},55.708475
1779780750,2026-05-26T07:32:30,2026-05-26 13:32:30,/accounts/{account_id},55.576271
1779780765,2026-05-26T07:32:45,2026-05-26 13:32:45,/accounts/{account_id},55.061017
1779780780,2026-05-26T07:33:00,2026-05-26 13:33:00,/accounts/{account_id},55.566102
1779780795,2026-05-26T07:33:15,2026-05-26 13:33:15,/accounts/{account_id},55.281356
1779780810,2026-05-26T07:33:30,2026-05-26 13:33:30,/accounts/{account_id},55.648024
1779780825,2026-05-26T07:33:45,2026-05-26 13:33:45,/accounts/{account_id},55.572881
1779780840,2026-05-26T07:34:00,2026-05-26 13:34:00,/accounts/{account_id},56.138983
1779780855,2026-05-26T07:34:15,2026-05-26 13:34:15,/accounts/{account_id},55.96046
1779780870,2026-05-26T07:34:30,2026-05-26 13:34:30,/accounts/{account_id},56.355932
1779780885,2026-05-26T07:34:45,2026-05-26 13:34:45,/accounts/{account_id},56.39322
1779780900,2026-05-26T07:35:00,2026-05-26 13:35:00,/accounts/{account_id},56.061017
1779780915,2026-05-26T07:35:15,2026-05-26 13:35:15,/accounts/{account_id},56.257627
1779780930,2026-05-26T07:35:30,2026-05-26 13:35:30,/accounts/{account_id},56.772881
1779780945,2026-05-26T07:35:45,2026-05-26 13:35:45,/accounts/{account_id},56.576271
1779780960,2026-05-26T07:36:00,2026-05-26 13:36:00,/accounts/{account_id},56.332203
1779780975,2026-05-26T07:36:15,2026-05-26 13:36:15,/accounts/{account_id},56.454237
1779780990,2026-05-26T07:36:30,2026-05-26 13:36:30,/accounts/{account_id},56.010169
1779781005,2026-05-26T07:36:45,2026-05-26 13:36:45,/accounts/{account_id},55.824297
1779781020,2026-05-26T07:37:00,2026-05-26 13:37:00,/accounts/{account_id},56.016949
1779781035,2026-05-26T07:37:15,2026-05-26 13:37:15,/accounts/{account_id},56.013559
1779781050,2026-05-26T07:37:30,2026-05-26 13:37:30,/accounts/{account_id},55.755932
1779781065,2026-05-26T07:37:45,2026-05-26 13:37:45,/accounts/{account_id},55.661017
1779781080,2026-05-26T07:38:00,2026-05-26 13:38:00,/accounts/{account_id},55.457627
1779781095,2026-05-26T07:38:15,2026-05-26 13:38:15,/accounts/{account_id},55.569492
1779781110,2026-05-26T07:38:30,2026-05-26 13:38:30,/accounts/{account_id},55.59661
1779781125,2026-05-26T07:38:45,2026-05-26 13:38:45,/accounts/{account_id},55.101695
1779781140,2026-05-26T07:39:00,2026-05-26 13:39:00,/accounts/{account_id},54.732203
1779781155,2026-05-26T07:39:15,2026-05-26 13:39:15,/accounts/{account_id},54.718644
1779781170,2026-05-26T07:39:30,2026-05-26 13:39:30,/accounts/{account_id},53.911864
1779781185,2026-05-26T07:39:45,2026-05-26 13:39:45,/accounts/{account_id},53.315254
1779781200,2026-05-26T07:40:00,2026-05-26 13:40:00,/accounts/{account_id},53.573096
1779781215,2026-05-26T07:40:15,2026-05-26 13:40:15,/accounts/{account_id},53.647458
1779781230,2026-05-26T07:40:30,2026-05-26 13:40:30,/accounts/{account_id},53.623729
1779781245,2026-05-26T07:40:45,2026-05-26 13:40:45,/accounts/{account_id},54.074576
1779781260,2026-05-26T07:41:00,2026-05-26 13:41:00,/accounts/{account_id},53.820339
1779781275,2026-05-26T07:41:15,2026-05-26 13:41:15,/accounts/{account_id},53.959322
1779781290,2026-05-26T07:41:30,2026-05-26 13:41:30,/accounts/{account_id},53.860469
1779781305,2026-05-26T07:41:45,2026-05-26 13:41:45,/accounts/{account_id},53.650847
1779781320,2026-05-26T07:42:00,2026-05-26 13:42:00,/accounts/{account_id},52.59322
1779781335,2026-05-26T07:42:15,2026-05-26 13:42:15,/accounts/{account_id},52.661017
1779781350,2026-05-26T07:42:30,2026-05-26 13:42:30,/accounts/{account_id},52.359322
1779781365,2026-05-26T07:42:45,2026-05-26 13:42:45,/accounts/{account_id},52.19322
1779781380,2026-05-26T07:43:00,2026-05-26 13:43:00,/accounts/{account_id},52.179661
1779781395,2026-05-26T07:43:15,2026-05-26 13:43:15,/accounts/{account_id},52.122034
1779781410,2026-05-26T07:43:30,2026-05-26 13:43:30,/accounts/{account_id},52.389831
1779781425,2026-05-26T07:43:45,2026-05-26 13:43:45,/accounts/{account_id},52.833898
1779781440,2026-05-26T07:44:00,2026-05-26 13:44:00,/accounts/{account_id},51.837445
1779781455,2026-05-26T07:44:15,2026-05-26 13:44:15,/accounts/{account_id},52.457627
1779781470,2026-05-26T07:44:30,2026-05-26 13:44:30,/accounts/{account_id},52.39661
1779781485,2026-05-26T07:44:45,2026-05-26 13:44:45,/accounts/{account_id},51.725424
1779781500,2026-05-26T07:45:00,2026-05-26 13:45:00,/accounts/{account_id},52.437672
1779781515,2026-05-26T07:45:15,2026-05-26 13:45:15,/accounts/{account_id},52.410169
1779781530,2026-05-26T07:45:30,2026-05-26 13:45:30,/accounts/{account_id},51.921682
1779781545,2026-05-26T07:45:45,2026-05-26 13:45:45,/accounts/{account_id},51.759322
1779781560,2026-05-26T07:46:00,2026-05-26 13:46:00,/accounts/{account_id},51.59661
1779781575,2026-05-26T07:46:15,2026-05-26 13:46:15,/accounts/{account_id},51.8
1779781590,2026-05-26T07:46:30,2026-05-26 13:46:30,/accounts/{account_id},52.00678
1779781605,2026-05-26T07:46:45,2026-05-26 13:46:45,/accounts/{account_id},51.738983
1779781620,2026-05-26T07:47:00,2026-05-26 13:47:00,/accounts/{account_id},51.518644
1779781635,2026-05-26T07:47:15,2026-05-26 13:47:15,/accounts/{account_id},52.071539
1779781650,2026-05-26T07:47:30,2026-05-26 13:47:30,/accounts/{account_id},51.728814
1779781665,2026-05-26T07:47:45,2026-05-26 13:47:45,/accounts/{account_id},51.671186
1779781680,2026-05-26T07:48:00,2026-05-26 13:48:00,/accounts/{account_id},51.338983
1779781695,2026-05-26T07:48:15,2026-05-26 13:48:15,/accounts/{account_id},51.0
1779781710,2026-05-26T07:48:30,2026-05-26 13:48:30,/accounts/{account_id},50.579661
1779781725,2026-05-26T07:48:45,2026-05-26 13:48:45,/accounts/{account_id},50.565416
1779781740,2026-05-26T07:49:00,2026-05-26 13:49:00,/accounts/{account_id},49.54986
1779781755,2026-05-26T07:49:15,2026-05-26 13:49:15,/accounts/{account_id},50.776271
1779781770,2026-05-26T07:49:30,2026-05-26 13:49:30,/accounts/{account_id},50.580004
1779781785,2026-05-26T07:49:45,2026-05-26 13:49:45,/accounts/{account_id},50.789831
1779781800,2026-05-26T07:50:00,2026-05-26 13:50:00,/accounts/{account_id},50.681356
1779781815,2026-05-26T07:50:15,2026-05-26 13:50:15,/accounts/{account_id},50.749153
1779781830,2026-05-26T07:50:30,2026-05-26 13:50:30,/accounts/{account_id},50.667797
1779781845,2026-05-26T07:50:45,2026-05-26 13:50:45,/accounts/{account_id},50.495258
1779781860,2026-05-26T07:51:00,2026-05-26 13:51:00,/accounts/{account_id},50.633898
1779781875,2026-05-26T07:51:15,2026-05-26 13:51:15,/accounts/{account_id},51.054237
1779781890,2026-05-26T07:51:30,2026-05-26 13:51:30,/accounts/{account_id},50.644068
1779781905,2026-05-26T07:51:45,2026-05-26 13:51:45,/accounts/{account_id},51.413559
1779781920,2026-05-26T07:52:00,2026-05-26 13:52:00,/accounts/{account_id},51.942373
1779781935,2026-05-26T07:52:15,2026-05-26 13:52:15,/accounts/{account_id},51.454237
1779781950,2026-05-26T07:52:30,2026-05-26 13:52:30,/accounts/{account_id},52.081356
1779781965,2026-05-26T07:52:45,2026-05-26 13:52:45,/accounts/{account_id},52.135593
1779781980,2026-05-26T07:53:00,2026-05-26 13:53:00,/accounts/{account_id},52.267797
1779781995,2026-05-26T07:53:15,2026-05-26 13:53:15,/accounts/{account_id},52.569492
1779782010,2026-05-26T07:53:30,2026-05-26 13:53:30,/accounts/{account_id},52.830508
1779782025,2026-05-26T07:53:45,2026-05-26 13:53:45,/accounts/{account_id},52.905085
1779782040,2026-05-26T07:54:00,2026-05-26 13:54:00,/accounts/{account_id},52.650847
1779782055,2026-05-26T07:54:15,2026-05-26 13:54:15,/accounts/{account_id},52.837288
1779782070,2026-05-26T07:54:30,2026-05-26 13:54:30,/accounts/{account_id},53.454237
1779782085,2026-05-26T07:54:45,2026-05-26 13:54:45,/accounts/{account_id},52.837288
1779782100,2026-05-26T07:55:00,2026-05-26 13:55:00,/accounts/{account_id},52.928814
1779782115,2026-05-26T07:55:15,2026-05-26 13:55:15,/accounts/{account_id},53.027119
1779782130,2026-05-26T07:55:30,2026-05-26 13:55:30,/accounts/{account_id},53.284746
1779782145,2026-05-26T07:55:45,2026-05-26 13:55:45,/accounts/{account_id},52.627119
1779782160,2026-05-26T07:56:00,2026-05-26 13:56:00,/accounts/{account_id},52.569492
1779782175,2026-05-26T07:56:15,2026-05-26 13:56:15,/accounts/{account_id},52.230508
1779782190,2026-05-26T07:56:30,2026-05-26 13:56:30,/accounts/{account_id},51.955932
1779782205,2026-05-26T07:56:45,2026-05-26 13:56:45,/accounts/{account_id},51.562712
1779782220,2026-05-26T07:57:00,2026-05-26 13:57:00,/accounts/{account_id},51.942373
1779782235,2026-05-26T07:57:15,2026-05-26 13:57:15,/accounts/{account_id},52.288136
1779782250,2026-05-26T07:57:30,2026-05-26 13:57:30,/accounts/{account_id},52.298305
1779782265,2026-05-26T07:57:45,2026-05-26 13:57:45,/accounts/{account_id},52.525424
1779782280,2026-05-26T07:58:00,2026-05-26 13:58:00,/accounts/{account_id},52.237288
1779782295,2026-05-26T07:58:15,2026-05-26 13:58:15,/accounts/{account_id},52.091525
1779782310,2026-05-26T07:58:30,2026-05-26 13:58:30,/accounts/{account_id},52.047458
1779782325,2026-05-26T07:58:45,2026-05-26 13:58:45,/accounts/{account_id},51.59322
1779782340,2026-05-26T07:59:00,2026-05-26 13:59:00,/accounts/{account_id},51.291525
1779782355,2026-05-26T07:59:15,2026-05-26 13:59:15,/accounts/{account_id},51.416949
1779782370,2026-05-26T07:59:30,2026-05-26 13:59:30,/accounts/{account_id},50.965583
1779782385,2026-05-26T07:59:45,2026-05-26 13:59:45,/accounts/{account_id},51.030508
1779782400,2026-05-26T08:00:00,2026-05-26 14:00:00,/accounts/{account_id},51.132203
1779782415,2026-05-26T08:00:15,2026-05-26 14:00:15,/accounts/{account_id},51.223729
1779782430,2026-05-26T08:00:30,2026-05-26 14:00:30,/accounts/{account_id},51.332203
1779782445,2026-05-26T08:00:45,2026-05-26 14:00:45,/accounts/{account_id},51.264407
1779782460,2026-05-26T08:01:00,2026-05-26 14:01:00,/accounts/{account_id},51.332203
1779782475,2026-05-26T08:01:15,2026-05-26 14:01:15,/accounts/{account_id},51.301695
1779782490,2026-05-26T08:01:30,2026-05-26 14:01:30,/accounts/{account_id},51.629192
1779782505,2026-05-26T08:01:45,2026-05-26 14:01:45,/accounts/{account_id},51.19661
1779782520,2026-05-26T08:02:00,2026-05-26 14:02:00,/accounts/{account_id},51.305085
1779782535,2026-05-26T08:02:15,2026-05-26 14:02:15,/accounts/{account_id},50.779661
1779782550,2026-05-26T08:02:30,2026-05-26 14:02:30,/accounts/{account_id},50.674233
1779782565,2026-05-26T08:02:45,2026-05-26 14:02:45,/accounts/{account_id},50.366102
1779782580,2026-05-26T08:03:00,2026-05-26 14:03:00,/accounts/{account_id},50.315254
1779782595,2026-05-26T08:03:15,2026-05-26 14:03:15,/accounts/{account_id},50.481356
1779782610,2026-05-26T08:03:30,2026-05-26 14:03:30,/accounts/{account_id},50.299669
1779782625,2026-05-26T08:03:45,2026-05-26 14:03:45,/accounts/{account_id},50.064407
1779782640,2026-05-26T08:04:00,2026-05-26 14:04:00,/accounts/{account_id},50.298305
1779782655,2026-05-26T08:04:15,2026-05-26 14:04:15,/accounts/{account_id},50.067797
1779782670,2026-05-26T08:04:30,2026-05-26 14:04:30,/accounts/{account_id},49.783051
1779782685,2026-05-26T08:04:45,2026-05-26 14:04:45,/accounts/{account_id},50.142373
1779782700,2026-05-26T08:05:00,2026-05-26 14:05:00,/accounts/{account_id},49.671186
1779782715,2026-05-26T08:05:15,2026-05-26 14:05:15,/accounts/{account_id},49.60678
1779782730,2026-05-26T08:05:30,2026-05-26 14:05:30,/accounts/{account_id},49.752542
1779782745,2026-05-26T08:05:45,2026-05-26 14:05:45,/accounts/{account_id},50.264407
1779782760,2026-05-26T08:06:00,2026-05-26 14:06:00,/accounts/{account_id},50.352542
1779782775,2026-05-26T08:06:15,2026-05-26 14:06:15,/accounts/{account_id},50.088136
1779782790,2026-05-26T08:06:30,2026-05-26 14:06:30,/accounts/{account_id},50.115254
1779782805,2026-05-26T08:06:45,2026-05-26 14:06:45,/accounts/{account_id},50.20339
1779782820,2026-05-26T08:07:00,2026-05-26 14:07:00,/accounts/{account_id},50.430508
1779782835,2026-05-26T08:07:15,2026-05-26 14:07:15,/accounts/{account_id},50.637288
1779782850,2026-05-26T08:07:30,2026-05-26 14:07:30,/accounts/{account_id},50.79661
1779782865,2026-05-26T08:07:45,2026-05-26 14:07:45,/accounts/{account_id},50.928814
1779782880,2026-05-26T08:08:00,2026-05-26 14:08:00,/accounts/{account_id},51.122034
1779782895,2026-05-26T08:08:15,2026-05-26 14:08:15,/accounts/{account_id},50.928814
1779782910,2026-05-26T08:08:30,2026-05-26 14:08:30,/accounts/{account_id},51.583051
1779782925,2026-05-26T08:08:45,2026-05-26 14:08:45,/accounts/{account_id},51.508475
1779782940,2026-05-26T08:09:00,2026-05-26 14:09:00,/accounts/{account_id},51.711864
1779782955,2026-05-26T08:09:15,2026-05-26 14:09:15,/accounts/{account_id},52.284746
1779782970,2026-05-26T08:09:30,2026-05-26 14:09:30,/accounts/{account_id},52.091525
1779782985,2026-05-26T08:09:45,2026-05-26 14:09:45,/accounts/{account_id},51.922034
1779783000,2026-05-26T08:10:00,2026-05-26 14:10:00,/accounts/{account_id},52.427119
1779783015,2026-05-26T08:10:15,2026-05-26 14:10:15,/accounts/{account_id},52.118644
1779783030,2026-05-26T08:10:30,2026-05-26 14:10:30,/accounts/{account_id},52.06137
1779783045,2026-05-26T08:10:45,2026-05-26 14:10:45,/accounts/{account_id},51.854237
1779783060,2026-05-26T08:11:00,2026-05-26 14:11:00,/accounts/{account_id},51.485095
1779783075,2026-05-26T08:11:15,2026-05-26 14:11:15,/accounts/{account_id},51.816949
1779783090,2026-05-26T08:11:30,2026-05-26 14:11:30,/accounts/{account_id},51.613559
1779783105,2026-05-26T08:11:45,2026-05-26 14:11:45,/accounts/{account_id},51.684746
1779783120,2026-05-26T08:12:00,2026-05-26 14:12:00,/accounts/{account_id},51.752542
1779783135,2026-05-26T08:12:15,2026-05-26 14:12:15,/accounts/{account_id},51.511864
1779783150,2026-05-26T08:12:30,2026-05-26 14:12:30,/accounts/{account_id},51.450847
1779783165,2026-05-26T08:12:45,2026-05-26 14:12:45,/accounts/{account_id},51.271186
1779783180,2026-05-26T08:13:00,2026-05-26 14:13:00,/accounts/{account_id},51.240678
1779783195,2026-05-26T08:13:15,2026-05-26 14:13:15,/accounts/{account_id},51.240678
1779783210,2026-05-26T08:13:30,2026-05-26 14:13:30,/accounts/{account_id},50.877966
1779783225,2026-05-26T08:13:45,2026-05-26 14:13:45,/accounts/{account_id},50.120327
1779783240,2026-05-26T08:14:00,2026-05-26 14:14:00,/accounts/{account_id},50.874576
1779783255,2026-05-26T08:14:15,2026-05-26 14:14:15,/accounts/{account_id},51.0
1779783270,2026-05-26T08:14:30,2026-05-26 14:14:30,/accounts/{account_id},51.261364
1779783285,2026-05-26T08:14:45,2026-05-26 14:14:45,/accounts/{account_id},51.681356
1779783300,2026-05-26T08:15:00,2026-05-26 14:15:00,/accounts/{account_id},52.264407
1779783315,2026-05-26T08:15:15,2026-05-26 14:15:15,/accounts/{account_id},52.149153
1779783330,2026-05-26T08:15:30,2026-05-26 14:15:30,/accounts/{account_id},52.277966
1779783345,2026-05-26T08:15:45,2026-05-26 14:15:45,/accounts/{account_id},52.572881
1779783360,2026-05-26T08:16:00,2026-05-26 14:16:00,/accounts/{account_id},53.027119
1779783375,2026-05-26T08:16:15,2026-05-26 14:16:15,/accounts/{account_id},52.742373
1779783390,2026-05-26T08:16:30,2026-05-26 14:16:30,/accounts/{account_id},52.583051
1779783405,2026-05-26T08:16:45,2026-05-26 14:16:45,/accounts/{account_id},52.755932
1779783420,2026-05-26T08:17:00,2026-05-26 14:17:00,/accounts/{account_id},52.705085
1779783435,2026-05-26T08:17:15,2026-05-26 14:17:15,/accounts/{account_id},52.40339
1779783450,2026-05-26T08:17:30,2026-05-26 14:17:30,/accounts/{account_id},52.572881
1779783465,2026-05-26T08:17:45,2026-05-26 14:17:45,/accounts/{account_id},53.20339
1779783480,2026-05-26T08:18:00,2026-05-26 14:18:00,/accounts/{account_id},53.623729
1779783495,2026-05-26T08:18:15,2026-05-26 14:18:15,/accounts/{account_id},54.19661
1779783510,2026-05-26T08:18:30,2026-05-26 14:18:30,/accounts/{account_id},53.691525
1779783525,2026-05-26T08:18:45,2026-05-26 14:18:45,/accounts/{account_id},53.601408
1779783540,2026-05-26T08:19:00,2026-05-26 14:19:00,/accounts/{account_id},53.623365
1779783555,2026-05-26T08:19:15,2026-05-26 14:19:15,/accounts/{account_id},53.844068
1779783570,2026-05-26T08:19:30,2026-05-26 14:19:30,/accounts/{account_id},53.840678
1779783585,2026-05-26T08:19:45,2026-05-26 14:19:45,/accounts/{account_id},53.60339
1779783600,2026-05-26T08:20:00,2026-05-26 14:20:00,/accounts/{account_id},53.338983
1779783615,2026-05-26T08:20:15,2026-05-26 14:20:15,/accounts/{account_id},53.484746
1779783630,2026-05-26T08:20:30,2026-05-26 14:20:30,/accounts/{account_id},53.640678
1779783645,2026-05-26T08:20:45,2026-05-26 14:20:45,/accounts/{account_id},53.220339
1779783660,2026-05-26T08:21:00,2026-05-26 14:21:00,/accounts/{account_id},53.633898
1779783675,2026-05-26T08:21:15,2026-05-26 14:21:15,/accounts/{account_id},53.505085
1779783690,2026-05-26T08:21:30,2026-05-26 14:21:30,/accounts/{account_id},53.938983
1779783705,2026-05-26T08:21:45,2026-05-26 14:21:45,/accounts/{account_id},53.891525
1779783720,2026-05-26T08:22:00,2026-05-26 14:22:00,/accounts/{account_id},53.925424
1779783735,2026-05-26T08:22:15,2026-05-26 14:22:15,/accounts/{account_id},53.610169
1779783750,2026-05-26T08:22:30,2026-05-26 14:22:30,/accounts/{account_id},53.586441
1779783765,2026-05-26T08:22:45,2026-05-26 14:22:45,/accounts/{account_id},53.552542
1779783780,2026-05-26T08:23:00,2026-05-26 14:23:00,/accounts/{account_id},53.742373
1779783795,2026-05-26T08:23:15,2026-05-26 14:23:15,/accounts/{account_id},53.650847
1779783810,2026-05-26T08:23:30,2026-05-26 14:23:30,/accounts/{account_id},53.488136
1779783825,2026-05-26T08:23:45,2026-05-26 14:23:45,/accounts/{account_id},53.732203
1779783840,2026-05-26T08:24:00,2026-05-26 14:24:00,/accounts/{account_id},53.637288
1779783855,2026-05-26T08:24:15,2026-05-26 14:24:15,/accounts/{account_id},53.298305
1779783870,2026-05-26T08:24:30,2026-05-26 14:24:30,/accounts/{account_id},53.135593
1779783885,2026-05-26T08:24:45,2026-05-26 14:24:45,/accounts/{account_id},53.193581
1779783900,2026-05-26T08:25:00,2026-05-26 14:25:00,/accounts/{account_id},52.292071
1779783915,2026-05-26T08:25:15,2026-05-26 14:25:15,/accounts/{account_id},52.651561
1779783930,2026-05-26T08:25:30,2026-05-26 14:25:30,/accounts/{account_id},52.366102
1779783945,2026-05-26T08:25:45,2026-05-26 14:25:45,/accounts/{account_id},52.6
1779783960,2026-05-26T08:26:00,2026-05-26 14:26:00,/accounts/{account_id},53.010169
1779783975,2026-05-26T08:26:15,2026-05-26 14:26:15,/accounts/{account_id},52.688136
1779783990,2026-05-26T08:26:30,2026-05-26 14:26:30,/accounts/{account_id},52.688136
1779784005,2026-05-26T08:26:45,2026-05-26 14:26:45,/accounts/{account_id},52.745763
1779784020,2026-05-26T08:27:00,2026-05-26 14:27:00,/accounts/{account_id},52.976271
1779784035,2026-05-26T08:27:15,2026-05-26 14:27:15,/accounts/{account_id},53.861017
1779784050,2026-05-26T08:27:30,2026-05-26 14:27:30,/accounts/{account_id},53.844068
1779784065,2026-05-26T08:27:45,2026-05-26 14:27:45,/accounts/{account_id},53.877966
1779784080,2026-05-26T08:28:00,2026-05-26 14:28:00,/accounts/{account_id},54.166102
1779784095,2026-05-26T08:28:15,2026-05-26 14:28:15,/accounts/{account_id},54.125424
1779784110,2026-05-26T08:28:30,2026-05-26 14:28:30,/accounts/{account_id},54.250847
1779784125,2026-05-26T08:28:45,2026-05-26 14:28:45,/accounts/{account_id},54.081356
1779784140,2026-05-26T08:29:00,2026-05-26 14:29:00,/accounts/{account_id},54.050847
1779784155,2026-05-26T08:29:15,2026-05-26 14:29:15,/accounts/{account_id},54.322034
1779784170,2026-05-26T08:29:30,2026-05-26 14:29:30,/accounts/{account_id},53.983051
1779784185,2026-05-26T08:29:45,2026-05-26 14:29:45,/accounts/{account_id},54.041044
1779784200,2026-05-26T08:30:00,2026-05-26 14:30:00,/accounts/{account_id},54.422184
1779784215,2026-05-26T08:30:15,2026-05-26 14:30:15,/accounts/{account_id},53.759322
1779784230,2026-05-26T08:30:30,2026-05-26 14:30:30,/accounts/{account_id},53.857627
1779784245,2026-05-26T08:30:45,2026-05-26 14:30:45,/accounts/{account_id},52.983051
1779784260,2026-05-26T08:31:00,2026-05-26 14:31:00,/accounts/{account_id},53.210169
1779784275,2026-05-26T08:31:15,2026-05-26 14:31:15,/accounts/{account_id},53.189831
1779784290,2026-05-26T08:31:30,2026-05-26 14:31:30,/accounts/{account_id},53.284746
1779784305,2026-05-26T08:31:45,2026-05-26 14:31:45,/accounts/{account_id},53.088136
1779784320,2026-05-26T08:32:00,2026-05-26 14:32:00,/accounts/{account_id},53.050847
1779784335,2026-05-26T08:32:15,2026-05-26 14:32:15,/accounts/{account_id},53.271186
1779784350,2026-05-26T08:32:30,2026-05-26 14:32:30,/accounts/{account_id},53.244068
1779784365,2026-05-26T08:32:45,2026-05-26 14:32:45,/accounts/{account_id},53.128814
1779784380,2026-05-26T08:33:00,2026-05-26 14:33:00,/accounts/{account_id},53.508475
1779784395,2026-05-26T08:33:15,2026-05-26 14:33:15,/accounts/{account_id},53.301695
1779784410,2026-05-26T08:33:30,2026-05-26 14:33:30,/accounts/{account_id},53.183051
1779784425,2026-05-26T08:33:45,2026-05-26 14:33:45,/accounts/{account_id},53.220339
1779784440,2026-05-26T08:34:00,2026-05-26 14:34:00,/accounts/{account_id},53.619103
1779784455,2026-05-26T08:34:15,2026-05-26 14:34:15,/accounts/{account_id},53.284746
1779784470,2026-05-26T08:34:30,2026-05-26 14:34:30,/accounts/{account_id},53.376271
1779784485,2026-05-26T08:34:45,2026-05-26 14:34:45,/accounts/{account_id},53.4
1779784500,2026-05-26T08:35:00,2026-05-26 14:35:00,/accounts/{account_id},53.840678
1779784515,2026-05-26T08:35:15,2026-05-26 14:35:15,/accounts/{account_id},53.789831
1779784530,2026-05-26T08:35:30,2026-05-26 14:35:30,/accounts/{account_id},53.440678
1779784545,2026-05-26T08:35:45,2026-05-26 14:35:45,/accounts/{account_id},53.372881
1779784560,2026-05-26T08:36:00,2026-05-26 14:36:00,/accounts/{account_id},53.159322
1779784575,2026-05-26T08:36:15,2026-05-26 14:36:15,/accounts/{account_id},52.776271
1779784590,2026-05-26T08:36:30,2026-05-26 14:36:30,/accounts/{account_id},52.142373
1779784605,2026-05-26T08:36:45,2026-05-26 14:36:45,/accounts/{account_id},52.074576
1779784620,2026-05-26T08:37:00,2026-05-26 14:37:00,/accounts/{account_id},51.649972
1779784635,2026-05-26T08:37:15,2026-05-26 14:37:15,/accounts/{account_id},51.155932
1779784650,2026-05-26T08:37:30,2026-05-26 14:37:30,/accounts/{account_id},50.928814
1779784665,2026-05-26T08:37:45,2026-05-26 14:37:45,/accounts/{account_id},50.216949
1779784680,2026-05-26T08:38:00,2026-05-26 14:38:00,/accounts/{account_id},49.955932
1779784695,2026-05-26T08:38:15,2026-05-26 14:38:15,/accounts/{account_id},49.711864
1779784710,2026-05-26T08:38:30,2026-05-26 14:38:30,/accounts/{account_id},49.515254
1779784725,2026-05-26T08:38:45,2026-05-26 14:38:45,/accounts/{account_id},49.555932
1779784740,2026-05-26T08:39:00,2026-05-26 14:39:00,/accounts/{account_id},49.135593
1779784755,2026-05-26T08:39:15,2026-05-26 14:39:15,/accounts/{account_id},49.762712
1779784770,2026-05-26T08:39:30,2026-05-26 14:39:30,/accounts/{account_id},49.99322
1779784785,2026-05-26T08:39:45,2026-05-26 14:39:45,/accounts/{account_id},50.857627
1779784800,2026-05-26T08:40:00,2026-05-26 14:40:00,/accounts/{account_id},50.983051
1779784815,2026-05-26T08:40:15,2026-05-26 14:40:15,/accounts/{account_id},51.308475
1779784830,2026-05-26T08:40:30,2026-05-26 14:40:30,/accounts/{account_id},51.389482
1779784845,2026-05-26T08:40:45,2026-05-26 14:40:45,/accounts/{account_id},51.749153
1779784860,2026-05-26T08:41:00,2026-05-26 14:41:00,/accounts/{account_id},51.915254
1779784875,2026-05-26T08:41:15,2026-05-26 14:41:15,/accounts/{account_id},52.176271
1779784890,2026-05-26T08:41:30,2026-05-26 14:41:30,/accounts/{account_id},52.413559
1779784905,2026-05-26T08:41:45,2026-05-26 14:41:45,/accounts/{account_id},52.776271
1779784920,2026-05-26T08:42:00,2026-05-26 14:42:00,/accounts/{account_id},52.881356
1779784935,2026-05-26T08:42:15,2026-05-26 14:42:15,/accounts/{account_id},53.694915
1779784950,2026-05-26T08:42:30,2026-05-26 14:42:30,/accounts/{account_id},53.769492
1779784965,2026-05-26T08:42:45,2026-05-26 14:42:45,/accounts/{account_id},52.859933
1779784980,2026-05-26T08:43:00,2026-05-26 14:43:00,/accounts/{account_id},53.810991
1779784995,2026-05-26T08:43:15,2026-05-26 14:43:15,/accounts/{account_id},53.840678
1779785010,2026-05-26T08:43:30,2026-05-26 14:43:30,/accounts/{account_id},53.823729
1779785025,2026-05-26T08:43:45,2026-05-26 14:43:45,/accounts/{account_id},53.895281
1779785040,2026-05-26T08:44:00,2026-05-26 14:44:00,/accounts/{account_id},53.915254
1779785055,2026-05-26T08:44:15,2026-05-26 14:44:15,/accounts/{account_id},53.566102
1779785070,2026-05-26T08:44:30,2026-05-26 14:44:30,/accounts/{account_id},53.501695
1779785085,2026-05-26T08:44:45,2026-05-26 14:44:45,/accounts/{account_id},53.671186
1779785100,2026-05-26T08:45:00,2026-05-26 14:45:00,/accounts/{account_id},53.301695
1779785115,2026-05-26T08:45:15,2026-05-26 14:45:15,/accounts/{account_id},53.454237
1779785130,2026-05-26T08:45:30,2026-05-26 14:45:30,/accounts/{account_id},53.755932
1779785145,2026-05-26T08:45:45,2026-05-26 14:45:45,/accounts/{account_id},54.138983
1779785160,2026-05-26T08:46:00,2026-05-26 14:46:00,/accounts/{account_id},54.39322
1779785175,2026-05-26T08:46:15,2026-05-26 14:46:15,/accounts/{account_id},54.691525
1779785190,2026-05-26T08:46:30,2026-05-26 14:46:30,/accounts/{account_id},54.99661
1779785205,2026-05-26T08:46:45,2026-05-26 14:46:45,/accounts/{account_id},55.216949
1779785220,2026-05-26T08:47:00,2026-05-26 14:47:00,/accounts/{account_id},55.654237
1779785235,2026-05-26T08:47:15,2026-05-26 14:47:15,/accounts/{account_id},55.918644
1779785250,2026-05-26T08:47:30,2026-05-26 14:47:30,/accounts/{account_id},55.630508
1779785265,2026-05-26T08:47:45,2026-05-26 14:47:45,/accounts/{account_id},55.047458
1779785280,2026-05-26T08:48:00,2026-05-26 14:48:00,/accounts/{account_id},55.762712
1779785295,2026-05-26T08:48:15,2026-05-26 14:48:15,/accounts/{account_id},54.674863
1779785310,2026-05-26T08:48:30,2026-05-26 14:48:30,/accounts/{account_id},55.081356
1779785325,2026-05-26T08:48:45,2026-05-26 14:48:45,/accounts/{account_id},54.813559
1779785340,2026-05-26T08:49:00,2026-05-26 14:49:00,/accounts/{account_id},54.118644
1779785355,2026-05-26T08:49:15,2026-05-26 14:49:15,/accounts/{account_id},54.142373
1779785370,2026-05-26T08:49:30,2026-05-26 14:49:30,/accounts/{account_id},53.833898
1779785385,2026-05-26T08:49:45,2026-05-26 14:49:45,/accounts/{account_id},54.094915
1779785400,2026-05-26T08:50:00,2026-05-26 14:50:00,/accounts/{account_id},53.983051
1779785415,2026-05-26T08:50:15,2026-05-26 14:50:15,/accounts/{account_id},53.959322
1779785430,2026-05-26T08:50:30,2026-05-26 14:50:30,/accounts/{account_id},53.623729
1779785445,2026-05-26T08:50:45,2026-05-26 14:50:45,/accounts/{account_id},53.291525
1779785460,2026-05-26T08:51:00,2026-05-26 14:51:00,/accounts/{account_id},53.277966
1779785475,2026-05-26T08:51:15,2026-05-26 14:51:15,/accounts/{account_id},53.20339
1779785490,2026-05-26T08:51:30,2026-05-26 14:51:30,/accounts/{account_id},52.891525
1779785505,2026-05-26T08:51:45,2026-05-26 14:51:45,/accounts/{account_id},52.383051
1779785520,2026-05-26T08:52:00,2026-05-26 14:52:00,/accounts/{account_id},52.061017
1779785535,2026-05-26T08:52:15,2026-05-26 14:52:15,/accounts/{account_id},51.498305
1779785550,2026-05-26T08:52:30,2026-05-26 14:52:30,/accounts/{account_id},51.583051
1779785565,2026-05-26T08:52:45,2026-05-26 14:52:45,/accounts/{account_id},51.572881
1779785580,2026-05-26T08:53:00,2026-05-26 14:53:00,/accounts/{account_id},51.512665
1779785595,2026-05-26T08:53:15,2026-05-26 14:53:15,/accounts/{account_id},51.901001
1779785610,2026-05-26T08:53:30,2026-05-26 14:53:30,/accounts/{account_id},52.074576
1779785625,2026-05-26T08:53:45,2026-05-26 14:53:45,/accounts/{account_id},52.135593
1779785640,2026-05-26T08:54:00,2026-05-26 14:54:00,/accounts/{account_id},52.559322
1779785655,2026-05-26T08:54:15,2026-05-26 14:54:15,/accounts/{account_id},52.450847
1779785670,2026-05-26T08:54:30,2026-05-26 14:54:30,/accounts/{account_id},52.454885
1779785685,2026-05-26T08:54:45,2026-05-26 14:54:45,/accounts/{account_id},52.244068
1779785700,2026-05-26T08:55:00,2026-05-26 14:55:00,/accounts/{account_id},51.538983
1779785715,2026-05-26T08:55:15,2026-05-26 14:55:15,/accounts/{account_id},52.094915
1779785730,2026-05-26T08:55:30,2026-05-26 14:55:30,/accounts/{account_id},52.20678
1779785745,2026-05-26T08:55:45,2026-05-26 14:55:45,/accounts/{account_id},52.223729
1779785760,2026-05-26T08:56:00,2026-05-26 14:56:00,/accounts/{account_id},52.383051
1779785775,2026-05-26T08:56:15,2026-05-26 14:56:15,/accounts/{account_id},52.725424
1779785790,2026-05-26T08:56:30,2026-05-26 14:56:30,/accounts/{account_id},52.79322
1779785805,2026-05-26T08:56:45,2026-05-26 14:56:45,/accounts/{account_id},53.352542
1779785820,2026-05-26T08:57:00,2026-05-26 14:57:00,/accounts/{account_id},53.159322
1779785835,2026-05-26T08:57:15,2026-05-26 14:57:15,/accounts/{account_id},53.616949
1779785850,2026-05-26T08:57:30,2026-05-26 14:57:30,/accounts/{account_id},53.830508
1779785865,2026-05-26T08:57:45,2026-05-26 14:57:45,/accounts/{account_id},54.088136
1779785880,2026-05-26T08:58:00,2026-05-26 14:58:00,/accounts/{account_id},54.328814
1779785895,2026-05-26T08:58:15,2026-05-26 14:58:15,/accounts/{account_id},54.444068
1779785910,2026-05-26T08:58:30,2026-05-26 14:58:30,/accounts/{account_id},53.198855
1779785925,2026-05-26T08:58:45,2026-05-26 14:58:45,/accounts/{account_id},54.518644
1779785940,2026-05-26T08:59:00,2026-05-26 14:59:00,/accounts/{account_id},54.355932
1779785955,2026-05-26T08:59:15,2026-05-26 14:59:15,/accounts/{account_id},54.410169
1779785970,2026-05-26T08:59:30,2026-05-26 14:59:30,/accounts/{account_id},54.457627
1779785985,2026-05-26T08:59:45,2026-05-26 14:59:45,/accounts/{account_id},54.498305
1779786000,2026-05-26T09:00:00,2026-05-26 15:00:00,/accounts/{account_id},54.823729
1779786015,2026-05-26T09:00:15,2026-05-26 15:00:15,/accounts/{account_id},55.067797
1779786030,2026-05-26T09:00:30,2026-05-26 15:00:30,/accounts/{account_id},54.522912
1779786045,2026-05-26T09:00:45,2026-05-26 15:00:45,/accounts/{account_id},54.769492
1779786060,2026-05-26T09:01:00,2026-05-26 15:01:00,/accounts/{account_id},54.484746
1779786075,2026-05-26T09:01:15,2026-05-26 15:01:15,/accounts/{account_id},54.013559
1779786090,2026-05-26T09:01:30,2026-05-26 15:01:30,/accounts/{account_id},53.379661
1779786105,2026-05-26T09:01:45,2026-05-26 15:01:45,/accounts/{account_id},52.362868
1779786120,2026-05-26T09:02:00,2026-05-26 15:02:00,/accounts/{account_id},53.077966
1779786135,2026-05-26T09:02:15,2026-05-26 15:02:15,/accounts/{account_id},52.776271
1779786150,2026-05-26T09:02:30,2026-05-26 15:02:30,/accounts/{account_id},52.80678
1779786165,2026-05-26T09:02:45,2026-05-26 15:02:45,/accounts/{account_id},52.983051
1779786180,2026-05-26T09:03:00,2026-05-26 15:03:00,/accounts/{account_id},52.447458
1779786195,2026-05-26T09:03:15,2026-05-26 15:03:15,/accounts/{account_id},52.979661
1779786210,2026-05-26T09:03:30,2026-05-26 15:03:30,/accounts/{account_id},53.091525
1779786225,2026-05-26T09:03:45,2026-05-26 15:03:45,/accounts/{account_id},53.284746
1779786240,2026-05-26T09:04:00,2026-05-26 15:04:00,/accounts/{account_id},53.518644
1779786255,2026-05-26T09:04:15,2026-05-26 15:04:15,/accounts/{account_id},53.789831
1779786270,2026-05-26T09:04:30,2026-05-26 15:04:30,/accounts/{account_id},53.735593
1779786285,2026-05-26T09:04:45,2026-05-26 15:04:45,/accounts/{account_id},53.877966
1779786300,2026-05-26T09:05:00,2026-05-26 15:05:00,/accounts/{account_id},53.185759
1779786315,2026-05-26T09:05:15,2026-05-26 15:05:15,/accounts/{account_id},52.118947
1779786330,2026-05-26T09:05:30,2026-05-26 15:05:30,/accounts/{account_id},53.932203
1779786345,2026-05-26T09:05:45,2026-05-26 15:05:45,/accounts/{account_id},53.401437
1779786360,2026-05-26T09:06:00,2026-05-26 15:06:00,/accounts/{account_id},55.002882
1779786375,2026-05-26T09:06:15,2026-05-26 15:06:15,/accounts/{account_id},54.210535
1779786390,2026-05-26T09:06:30,2026-05-26 15:06:30,/accounts/{account_id},53.885594
1779786405,2026-05-26T09:06:45,2026-05-26 15:06:45,/accounts/{account_id},56.083199
1779786420,2026-05-26T09:07:00,2026-05-26 15:07:00,/accounts/{account_id},56.477966
1779786435,2026-05-26T09:07:15,2026-05-26 15:07:15,/accounts/{account_id},55.738983
1779786450,2026-05-26T09:07:30,2026-05-26 15:07:30,/accounts/{account_id},55.386441
1779786465,2026-05-26T09:07:45,2026-05-26 15:07:45,/accounts/{account_id},55.233898
1779786480,2026-05-26T09:08:00,2026-05-26 15:08:00,/accounts/{account_id},55.338983
1779786495,2026-05-26T09:08:15,2026-05-26 15:08:15,/accounts/{account_id},55.20678
1779786510,2026-05-26T09:08:30,2026-05-26 15:08:30,/accounts/{account_id},54.711864
1779786525,2026-05-26T09:08:45,2026-05-26 15:08:45,/accounts/{account_id},54.39322
1779786540,2026-05-26T09:09:00,2026-05-26 15:09:00,/accounts/{account_id},54.298305
1779786555,2026-05-26T09:09:15,2026-05-26 15:09:15,/accounts/{account_id},54.145763
1779786570,2026-05-26T09:09:30,2026-05-26 15:09:30,/accounts/{account_id},54.108475
1779786585,2026-05-26T09:09:45,2026-05-26 15:09:45,/accounts/{account_id},53.867797
1779786600,2026-05-26T09:10:00,2026-05-26 15:10:00,/accounts/{account_id},54.033086
1779786615,2026-05-26T09:10:15,2026-05-26 15:10:15,/accounts/{account_id},54.416949
1779786630,2026-05-26T09:10:30,2026-05-26 15:10:30,/accounts/{account_id},53.691525
1779786645,2026-05-26T09:10:45,2026-05-26 15:10:45,/accounts/{account_id},53.60339
1779786660,2026-05-26T09:11:00,2026-05-26 15:11:00,/accounts/{account_id},53.562712
1779786675,2026-05-26T09:11:15,2026-05-26 15:11:15,/accounts/{account_id},52.420147
1779786690,2026-05-26T09:11:30,2026-05-26 15:11:30,/accounts/{account_id},52.494915
1779786705,2026-05-26T09:11:45,2026-05-26 15:11:45,/accounts/{account_id},51.830508
1779786720,2026-05-26T09:12:00,2026-05-26 15:12:00,/accounts/{account_id},50.713704
1779786735,2026-05-26T09:12:15,2026-05-26 15:12:15,/accounts/{account_id},51.888136
1779786750,2026-05-26T09:12:30,2026-05-26 15:12:30,/accounts/{account_id},51.389599
1779786765,2026-05-26T09:12:45,2026-05-26 15:12:45,/accounts/{account_id},51.132203
1779786780,2026-05-26T09:13:00,2026-05-26 15:13:00,/accounts/{account_id},51.179661
1779786795,2026-05-26T09:13:15,2026-05-26 15:13:15,/accounts/{account_id},50.962712
1779786810,2026-05-26T09:13:30,2026-05-26 15:13:30,/accounts/{account_id},51.054237
1779786825,2026-05-26T09:13:45,2026-05-26 15:13:45,/accounts/{account_id},51.20339
1779786840,2026-05-26T09:14:00,2026-05-26 15:14:00,/accounts/{account_id},51.230508
1779786855,2026-05-26T09:14:15,2026-05-26 15:14:15,/accounts/{account_id},50.79661
1779786870,2026-05-26T09:14:30,2026-05-26 15:14:30,/accounts/{account_id},50.871186
1779786885,2026-05-26T09:14:45,2026-05-26 15:14:45,/accounts/{account_id},50.79322
1779786900,2026-05-26T09:15:00,2026-05-26 15:15:00,/accounts/{account_id},50.610169
1779786915,2026-05-26T09:15:15,2026-05-26 15:15:15,/accounts/{account_id},50.40339
1779786930,2026-05-26T09:15:30,2026-05-26 15:15:30,/accounts/{account_id},50.593735
1779786945,2026-05-26T09:15:45,2026-05-26 15:15:45,/accounts/{account_id},51.027119
1779786960,2026-05-26T09:16:00,2026-05-26 15:16:00,/accounts/{account_id},50.755932
1779786975,2026-05-26T09:16:15,2026-05-26 15:16:15,/accounts/{account_id},50.697824
1779786990,2026-05-26T09:16:30,2026-05-26 15:16:30,/accounts/{account_id},51.491525
1779787005,2026-05-26T09:16:45,2026-05-26 15:16:45,/accounts/{account_id},51.650847
1779787020,2026-05-26T09:17:00,2026-05-26 15:17:00,/accounts/{account_id},51.888136
1779787035,2026-05-26T09:17:15,2026-05-26 15:17:15,/accounts/{account_id},51.410169
1779787050,2026-05-26T09:17:30,2026-05-26 15:17:30,/accounts/{account_id},51.894915
1779787065,2026-05-26T09:17:45,2026-05-26 15:17:45,/accounts/{account_id},52.081356
1779787080,2026-05-26T09:18:00,2026-05-26 15:18:00,/accounts/{account_id},51.745763
1779787095,2026-05-26T09:18:15,2026-05-26 15:18:15,/accounts/{account_id},51.857627
1779787110,2026-05-26T09:18:30,2026-05-26 15:18:30,/accounts/{account_id},51.749153
1779787125,2026-05-26T09:18:45,2026-05-26 15:18:45,/accounts/{account_id},51.874576
1779787140,2026-05-26T09:19:00,2026-05-26 15:19:00,/accounts/{account_id},52.210169
1779787155,2026-05-26T09:19:15,2026-05-26 15:19:15,/accounts/{account_id},51.864407
1779787170,2026-05-26T09:19:30,2026-05-26 15:19:30,/accounts/{account_id},51.542373
1779787185,2026-05-26T09:19:45,2026-05-26 15:19:45,/accounts/{account_id},51.233898
1779787200,2026-05-26T09:20:00,2026-05-26 15:20:00,/accounts/{account_id},51.579661
1779787215,2026-05-26T09:20:15,2026-05-26 15:20:15,/accounts/{account_id},51.789831
1779787230,2026-05-26T09:20:30,2026-05-26 15:20:30,/accounts/{account_id},51.871186
1779787245,2026-05-26T09:20:45,2026-05-26 15:20:45,/accounts/{account_id},51.633898
1779787260,2026-05-26T09:21:00,2026-05-26 15:21:00,/accounts/{account_id},51.842768
1779787275,2026-05-26T09:21:15,2026-05-26 15:21:15,/accounts/{account_id},51.644068
1779787290,2026-05-26T09:21:30,2026-05-26 15:21:30,/accounts/{account_id},51.674576
1779787305,2026-05-26T09:21:45,2026-05-26 15:21:45,/accounts/{account_id},51.477966
1779787320,2026-05-26T09:22:00,2026-05-26 15:22:00,/accounts/{account_id},51.833898
1779787335,2026-05-26T09:22:15,2026-05-26 15:22:15,/accounts/{account_id},52.637288
1779787350,2026-05-26T09:22:30,2026-05-26 15:22:30,/accounts/{account_id},52.888494
1779787365,2026-05-26T09:22:45,2026-05-26 15:22:45,/accounts/{account_id},53.115254
1779787380,2026-05-26T09:23:00,2026-05-26 15:23:00,/accounts/{account_id},53.935593
1779787395,2026-05-26T09:23:15,2026-05-26 15:23:15,/accounts/{account_id},54.061017
1779787410,2026-05-26T09:23:30,2026-05-26 15:23:30,/accounts/{account_id},53.525787
1779787425,2026-05-26T09:23:45,2026-05-26 15:23:45,/accounts/{account_id},52.868366
1779787440,2026-05-26T09:24:00,2026-05-26 15:24:00,/accounts/{account_id},52.838355
1779787455,2026-05-26T09:24:15,2026-05-26 15:24:15,/accounts/{account_id},52.830508
1779787470,2026-05-26T09:24:30,2026-05-26 15:24:30,/accounts/{account_id},53.081356
1779787485,2026-05-26T09:24:45,2026-05-26 15:24:45,/accounts/{account_id},53.301695
1779787500,2026-05-26T09:25:00,2026-05-26 15:25:00,/accounts/{account_id},53.654237
1779787515,2026-05-26T09:25:15,2026-05-26 15:25:15,/accounts/{account_id},53.138983
1779787530,2026-05-26T09:25:30,2026-05-26 15:25:30,/accounts/{account_id},52.644068
1779787545,2026-05-26T09:25:45,2026-05-26 15:25:45,/accounts/{account_id},52.715254
1779787560,2026-05-26T09:26:00,2026-05-26 15:26:00,/accounts/{account_id},52.481712
1779787575,2026-05-26T09:26:15,2026-05-26 15:26:15,/accounts/{account_id},52.884746
1779787590,2026-05-26T09:26:30,2026-05-26 15:26:30,/accounts/{account_id},53.447458
1779787605,2026-05-26T09:26:45,2026-05-26 15:26:45,/accounts/{account_id},53.250847
1779787620,2026-05-26T09:27:00,2026-05-26 15:27:00,/accounts/{account_id},53.118644
1779787635,2026-05-26T09:27:15,2026-05-26 15:27:15,/accounts/{account_id},52.783051
1779787650,2026-05-26T09:27:30,2026-05-26 15:27:30,/accounts/{account_id},52.979661
1779787665,2026-05-26T09:27:45,2026-05-26 15:27:45,/accounts/{account_id},53.061017
1779787680,2026-05-26T09:28:00,2026-05-26 15:28:00,/accounts/{account_id},53.376271
1779787695,2026-05-26T09:28:15,2026-05-26 15:28:15,/accounts/{account_id},54.101695
1779787710,2026-05-26T09:28:30,2026-05-26 15:28:30,/accounts/{account_id},53.867797
1779787725,2026-05-26T09:28:45,2026-05-26 15:28:45,/accounts/{account_id},55.188746
1779787740,2026-05-26T09:29:00,2026-05-26 15:29:00,/accounts/{account_id},55.644068
1779787755,2026-05-26T09:29:15,2026-05-26 15:29:15,/accounts/{account_id},56.613559
1779787770,2026-05-26T09:29:30,2026-05-26 15:29:30,/accounts/{account_id},57.620339
1779787785,2026-05-26T09:29:45,2026-05-26 15:29:45,/accounts/{account_id},56.725424
1779787800,2026-05-26T09:30:00,2026-05-26 15:30:00,/accounts/{account_id},57.535593
1779787815,2026-05-26T09:30:15,2026-05-26 15:30:15,/accounts/{account_id},58.579661
1779787830,2026-05-26T09:30:30,2026-05-26 15:30:30,/accounts/{account_id},58.905085
1779787845,2026-05-26T09:30:45,2026-05-26 15:30:45,/accounts/{account_id},60.240678
1779787860,2026-05-26T09:31:00,2026-05-26 15:31:00,/accounts/{account_id},61.284746
1779787875,2026-05-26T09:31:15,2026-05-26 15:31:15,/accounts/{account_id},61.80678
1779787890,2026-05-26T09:31:30,2026-05-26 15:31:30,/accounts/{account_id},61.861017
1779787905,2026-05-26T09:31:45,2026-05-26 15:31:45,/accounts/{account_id},62.750691
1779787920,2026-05-26T09:32:00,2026-05-26 15:32:00,/accounts/{account_id},63.257627
1779787935,2026-05-26T09:32:15,2026-05-26 15:32:15,/accounts/{account_id},64.016949
1779787950,2026-05-26T09:32:30,2026-05-26 15:32:30,/accounts/{account_id},64.186441
1779787965,2026-05-26T09:32:45,2026-05-26 15:32:45,/accounts/{account_id},64.620339
1779787980,2026-05-26T09:33:00,2026-05-26 15:33:00,/accounts/{account_id},64.925424
1779787995,2026-05-26T09:33:15,2026-05-26 15:33:15,/accounts/{account_id},65.420339
1779788010,2026-05-26T09:33:30,2026-05-26 15:33:30,/accounts/{account_id},66.057627
1779788025,2026-05-26T09:33:45,2026-05-26 15:33:45,/accounts/{account_id},66.395935
1779788040,2026-05-26T09:34:00,2026-05-26 15:34:00,/accounts/{account_id},67.142373
1779788055,2026-05-26T09:34:15,2026-05-26 15:34:15,/accounts/{account_id},67.464407
1779788070,2026-05-26T09:34:30,2026-05-26 15:34:30,/accounts/{account_id},67.155249
1779788085,2026-05-26T09:34:45,2026-05-26 15:34:45,/accounts/{account_id},66.789337
1779788100,2026-05-26T09:35:00,2026-05-26 15:35:00,/accounts/{account_id},67.901695
1779788115,2026-05-26T09:35:15,2026-05-26 15:35:15,/accounts/{account_id},68.305085
1779788130,2026-05-26T09:35:30,2026-05-26 15:35:30,/accounts/{account_id},68.027119
1779788145,2026-05-26T09:35:45,2026-05-26 15:35:45,/accounts/{account_id},67.494915
1779788160,2026-05-26T09:36:00,2026-05-26 15:36:00,/accounts/{account_id},67.650847
1779788175,2026-05-26T09:36:15,2026-05-26 15:36:15,/accounts/{account_id},67.833898
1779788190,2026-05-26T09:36:30,2026-05-26 15:36:30,/accounts/{account_id},67.447458
1779788205,2026-05-26T09:36:45,2026-05-26 15:36:45,/accounts/{account_id},67.301695
1779788220,2026-05-26T09:37:00,2026-05-26 15:37:00,/accounts/{account_id},67.436831
1779788235,2026-05-26T09:37:15,2026-05-26 15:37:15,/accounts/{account_id},67.379661
1779788250,2026-05-26T09:37:30,2026-05-26 15:37:30,/accounts/{account_id},67.433898
1779788265,2026-05-26T09:37:45,2026-05-26 15:37:45,/accounts/{account_id},67.162712
1779788280,2026-05-26T09:38:00,2026-05-26 15:38:00,/accounts/{account_id},65.943043
1779788295,2026-05-26T09:38:15,2026-05-26 15:38:15,/accounts/{account_id},66.918644
1779788310,2026-05-26T09:38:30,2026-05-26 15:38:30,/accounts/{account_id},65.742373
1779788325,2026-05-26T09:38:45,2026-05-26 15:38:45,/accounts/{account_id},65.895362
1779788340,2026-05-26T09:39:00,2026-05-26 15:39:00,/accounts/{account_id},65.401058
1779788355,2026-05-26T09:39:15,2026-05-26 15:39:15,/accounts/{account_id},65.074576
1779788370,2026-05-26T09:39:30,2026-05-26 15:39:30,/accounts/{account_id},64.922034
1779788385,2026-05-26T09:39:45,2026-05-26 15:39:45,/accounts/{account_id},65.216801
1779788400,2026-05-26T09:40:00,2026-05-26 15:40:00,/accounts/{account_id},64.776271
1779788415,2026-05-26T09:40:15,2026-05-26 15:40:15,/accounts/{account_id},64.423729
1779788430,2026-05-26T09:40:30,2026-05-26 15:40:30,/accounts/{account_id},64.772881
1779788445,2026-05-26T09:40:45,2026-05-26 15:40:45,/accounts/{account_id},65.084746
1779788460,2026-05-26T09:41:00,2026-05-26 15:41:00,/accounts/{account_id},64.528814
1779788475,2026-05-26T09:41:15,2026-05-26 15:41:15,/accounts/{account_id},64.640678
1779788490,2026-05-26T09:41:30,2026-05-26 15:41:30,/accounts/{account_id},64.548715
1779788505,2026-05-26T09:41:45,2026-05-26 15:41:45,/accounts/{account_id},64.088136
1779788520,2026-05-26T09:42:00,2026-05-26 15:42:00,/accounts/{account_id},63.613559
1779788535,2026-05-26T09:42:15,2026-05-26 15:42:15,/accounts/{account_id},64.094481
1779788550,2026-05-26T09:42:30,2026-05-26 15:42:30,/accounts/{account_id},63.952542
1779788565,2026-05-26T09:42:45,2026-05-26 15:42:45,/accounts/{account_id},64.0
1779788580,2026-05-26T09:43:00,2026-05-26 15:43:00,/accounts/{account_id},64.105085
1779788595,2026-05-26T09:43:15,2026-05-26 15:43:15,/accounts/{account_id},64.430072
1779788610,2026-05-26T09:43:30,2026-05-26 15:43:30,/accounts/{account_id},64.667797
1779788625,2026-05-26T09:43:45,2026-05-26 15:43:45,/accounts/{account_id},64.661017
1779788640,2026-05-26T09:44:00,2026-05-26 15:44:00,/accounts/{account_id},64.484746
1779788655,2026-05-26T09:44:15,2026-05-26 15:44:15,/accounts/{account_id},64.613997
1779788670,2026-05-26T09:44:30,2026-05-26 15:44:30,/accounts/{account_id},64.423729
1779788685,2026-05-26T09:44:45,2026-05-26 15:44:45,/accounts/{account_id},64.471186
1779788700,2026-05-26T09:45:00,2026-05-26 15:45:00,/accounts/{account_id},64.518644
1779788715,2026-05-26T09:45:15,2026-05-26 15:45:15,/accounts/{account_id},64.284746
1779788730,2026-05-26T09:45:30,2026-05-26 15:45:30,/accounts/{account_id},64.552542
1779788745,2026-05-26T09:45:45,2026-05-26 15:45:45,/accounts/{account_id},64.366102
1779788760,2026-05-26T09:46:00,2026-05-26 15:46:00,/accounts/{account_id},64.542373
1779788775,2026-05-26T09:46:15,2026-05-26 15:46:15,/accounts/{account_id},64.284746
1779788790,2026-05-26T09:46:30,2026-05-26 15:46:30,/accounts/{account_id},64.579661
1779788805,2026-05-26T09:46:45,2026-05-26 15:46:45,/accounts/{account_id},63.87244
1779788820,2026-05-26T09:47:00,2026-05-26 15:47:00,/accounts/{account_id},64.187827
1779788835,2026-05-26T09:47:15,2026-05-26 15:47:15,/accounts/{account_id},63.447458
1779788850,2026-05-26T09:47:30,2026-05-26 15:47:30,/accounts/{account_id},64.166972
1779788865,2026-05-26T09:47:45,2026-05-26 15:47:45,/accounts/{account_id},64.557768
1779788880,2026-05-26T09:48:00,2026-05-26 15:48:00,/accounts/{account_id},64.176271
1779788895,2026-05-26T09:48:15,2026-05-26 15:48:15,/accounts/{account_id},63.491095
1779788910,2026-05-26T09:48:30,2026-05-26 15:48:30,/accounts/{account_id},64.00339
1779788925,2026-05-26T09:48:45,2026-05-26 15:48:45,/accounts/{account_id},63.305717
1779788940,2026-05-26T09:49:00,2026-05-26 15:49:00,/accounts/{account_id},64.057627
1779788955,2026-05-26T09:49:15,2026-05-26 15:49:15,/accounts/{account_id},63.383051
1779788970,2026-05-26T09:49:30,2026-05-26 15:49:30,/accounts/{account_id},62.220781
1779788985,2026-05-26T09:49:45,2026-05-26 15:49:45,/accounts/{account_id},58.951636
1779789000,2026-05-26T09:50:00,2026-05-26 15:50:00,/accounts/{account_id},55.91152
1779789015,2026-05-26T09:50:15,2026-05-26 15:50:15,/accounts/{account_id},57.110187
1779789030,2026-05-26T09:50:30,2026-05-26 15:50:30,/accounts/{account_id},56.669251
1779789045,2026-05-26T09:50:45,2026-05-26 15:50:45,/accounts/{account_id},54.823729
1779789060,2026-05-26T09:51:00,2026-05-26 15:51:00,/accounts/{account_id},51.921461
1779789075,2026-05-26T09:51:15,2026-05-26 15:51:15,/accounts/{account_id},48.285902
1779789090,2026-05-26T09:51:30,2026-05-26 15:51:30,/accounts/{account_id},45.425242
1779789105,2026-05-26T09:51:45,2026-05-26 15:51:45,/accounts/{account_id},48.152356
1779789120,2026-05-26T09:52:00,2026-05-26 15:52:00,/accounts/{account_id},47.056552
1779789135,2026-05-26T09:52:15,2026-05-26 15:52:15,/accounts/{account_id},44.837527
1779789150,2026-05-26T09:52:30,2026-05-26 15:52:30,/accounts/{account_id},42.741247
1779789165,2026-05-26T09:52:45,2026-05-26 15:52:45,/accounts/{account_id},41.690609
1779789180,2026-05-26T09:53:00,2026-05-26 15:53:00,/accounts/{account_id},40.436084
1779789195,2026-05-26T09:53:15,2026-05-26 15:53:15,/accounts/{account_id},37.244586
1779789210,2026-05-26T09:53:30,2026-05-26 15:53:30,/accounts/{account_id},32.207
1779789225,2026-05-26T09:53:45,2026-05-26 15:53:45,/accounts/{account_id},36.245347
1779789240,2026-05-26T09:54:00,2026-05-26 15:54:00,/accounts/{account_id},34.724044
1779789255,2026-05-26T09:54:15,2026-05-26 15:54:15,/accounts/{account_id},34.039881
1779789270,2026-05-26T09:54:30,2026-05-26 15:54:30,/accounts/{account_id},30.42894
1779789285,2026-05-26T09:54:45,2026-05-26 15:54:45,/accounts/{account_id},29.615417
1779789300,2026-05-26T09:55:00,2026-05-26 15:55:00,/accounts/{account_id},29.166877
1779789315,2026-05-26T09:55:15,2026-05-26 15:55:15,/accounts/{account_id},32.451985
1779789330,2026-05-26T09:55:30,2026-05-26 15:55:30,/accounts/{account_id},32.594629
1779789345,2026-05-26T09:55:45,2026-05-26 15:55:45,/accounts/{account_id},28.731689
1779789360,2026-05-26T09:56:00,2026-05-26 15:56:00,/accounts/{account_id},29.110714
1779789375,2026-05-26T09:56:15,2026-05-26 15:56:15,/accounts/{account_id},30.221957
1779789390,2026-05-26T09:56:30,2026-05-26 15:56:30,/accounts/{account_id},28.564016
1779789405,2026-05-26T09:56:45,2026-05-26 15:56:45,/accounts/{account_id},26.909565
1779789420,2026-05-26T09:57:00,2026-05-26 15:57:00,/accounts/{account_id},25.432939
1779789435,2026-05-26T09:57:15,2026-05-26 15:57:15,/accounts/{account_id},21.91875
1779789450,2026-05-26T09:57:30,2026-05-26 15:57:30,/accounts/{account_id},30.240697
1779789465,2026-05-26T09:57:45,2026-05-26 15:57:45,/accounts/{account_id},30.17683
1779789480,2026-05-26T09:58:00,2026-05-26 15:58:00,/accounts/{account_id},26.548697
1779789495,2026-05-26T09:58:15,2026-05-26 15:58:15,/accounts/{account_id},28.968199
1779789510,2026-05-26T09:58:30,2026-05-26 15:58:30,/accounts/{account_id},28.628427
1779789525,2026-05-26T09:58:45,2026-05-26 15:58:45,/accounts/{account_id},28.442746
1779789540,2026-05-26T09:59:00,2026-05-26 15:59:00,/accounts/{account_id},28.387711
1779789555,2026-05-26T09:59:15,2026-05-26 15:59:15,/accounts/{account_id},23.149205
1779789570,2026-05-26T09:59:30,2026-05-26 15:59:30,/accounts/{account_id},24.551923
1779789585,2026-05-26T09:59:45,2026-05-26 15:59:45,/accounts/{account_id},25.842148
1779789600,2026-05-26T10:00:00,2026-05-26 16:00:00,/accounts/{account_id},28.361269
