timestamp,cpu_usage_percent
1779734520,20.272881355931073
1779734535,20.405084745761382
1779734550,20.561016949152155
1779734565,20.96864406779725
1779734580,21.24406779661081
1779734595,21.57288135592954
1779734610,20.4991525423716
1779734625,20.56186440677883
1779734640,20.65762711864486
1779734655,20.668644067797803
1779734670,20.80084745762687
1779734685,20.933898305085098
1779734700,21.027118644069876
1779734715,21.1610169491523
1779734730,21.305932203391365
1779734745,21.348305084744833
1779734760,21.37796610169447
1779734775,21.44406779660839
1779734790,21.55169491525404
1779734805,21.500847457627657
1779734820,21.50508474576227
1779734835,21.629661016950042
1779734850,21.453389830507984
1779734865,21.592372881356624
1779734880,21.8271186440676
1779734895,21.58389830508248
1779734910,21.64067796610175
1779734925,21.526271186440237
1779734940,21.426271186442058
1779734955,21.468644067797992
1779734970,21.394915254235368
1779734985,21.254237288134604
1779735000,21.160169491524393
1779735015,21.211864406779913
1779735030,21.238135593219166
1779735045,21.298305084747593
1779735060,21.308474576270154
1779735075,21.380508474576963
1779735090,21.59237288135416
1779735105,21.605084745764145
1779735120,21.822033898302617
1779735135,22.061864406779808
1779735150,22.077966101694035
1779735165,22.184745762711767
1779735180,22.127966101696195
1779735195,21.991525423730053
1779735210,22.06949152542359
1779735225,22.17796610169467
1779735240,22.19237288135677
1779735255,22.353389830508817
1779735270,22.28474576271118
1779735285,22.27796610169408
1779735300,22.22711864406647
1779735315,22.211016949152253
1779735330,22.213559322034737
1779735345,22.159322033897965
1779735360,22.189830508475517
1779735375,21.93728813559327
1779735390,21.804237288135052
1779735405,21.68389830508559
1779735420,21.51271186440851
1779735435,21.447457627118794
1779735450,21.401694915252456
1779735465,21.419491525422497
1779735480,21.322881355932253
1779735495,21.34745762711815
1779735510,21.310169491525965
1779735525,21.337288135593123
1779735540,21.243220338981672
1779735555,21.12881355932139
1779735570,21.088983050849187
1779735585,21.10932203389677
1779735600,20.97118644067728
1779735615,21.62033898305169
1779735630,21.583898305083714
1779735645,21.49999999999975
1779735660,21.52966101695063
1779735675,21.5610169491524
1779735690,21.550847457626134
1779735705,21.494067796611805
1779735720,21.476271186441764
1779735735,21.563559322034887
1779735750,21.555932203389883
1779735765,21.6677966101689
1779735780,21.601694915253745
1779735795,21.63135593220462
1779735810,21.6500000000001
1779735825,21.494067796610572
1779735840,21.529661016949397
1779735855,21.554237288135305
1779735870,21.60000000000163
1779735885,21.677966101693936
1779735900,21.62033898305046
1779735915,21.111016949151363
1779735930,21.04237288135371
1779735945,21.229661016947475
1779735960,21.187288135594006
1779735975,21.293220338983843
1779735990,21.292372881355938
1779736005,21.286440677965512
1779736020,21.28813559322009
1779736035,21.10254237288092
1779736050,21.38898305084618
1779736065,21.327118644066868
1779736080,21.278813559320508
1779736095,21.427118644067498
1779736110,21.444915254236307
1779736125,21.46694915254217
1779736140,21.47033898305011
1779736155,21.596610169492457
1779736170,21.517796610169793
1779736185,21.502542372883482
1779736200,21.495762711863918
1779736215,21.57711864406908
1779736230,21.674576271187227
1779736245,21.590677966102035
1779736260,21.61101694915457
1779736275,21.451694915254638
1779736290,21.420338983050403
1779736305,21.296610169493
1779736320,21.505084745759806
1779736335,21.47372881355928
1779736350,21.386440677964924
1779736365,21.35847457626985
1779736380,21.41101694915205
1779736395,21.321186440676442
1779736410,21.411864406778726
1779736425,21.396610169491183
1779736440,21.48135593220305
1779736455,21.594067796611206
1779736470,21.672033898305976
1779736485,21.738983050847803
1779736500,21.78305084745832
1779736515,21.81016949152671
1779736530,21.76694915254287
1779736545,21.807627118644213
1779736560,21.83220338983135
1779736575,22.003389830508425
1779736590,22.02796610169556
1779736605,22.10254237288116
1779736620,22.21949152542393
1779736635,22.06694915254479
1779736650,21.98474576271172
1779736665,22.06610169491442
1779736680,22.088983050849432
1779736695,22.026271186440983
1779736710,21.95762711864333
1779736725,21.9296610169495
1779736740,21.827118644066367
1779736755,21.695762711863964
1779736770,21.689830508476003
1779736785,21.769491525424122
1779736800,21.618644067795877
1779736815,21.445762711862983
1779736830,21.632203389831297
1779736845,21.665254237288877
1779736860,21.57457627118783
1779736875,21.48305084745763
1779736890,21.81101694915215
1779736905,21.772033898305377
1779736920,22.11440677966077
1779736935,21.9864406779663
1779736950,22.204237288135154
1779736965,22.176271186438857
1779736980,22.203069809697894
1779736995,22.15762711864462
1779737010,22.237288135592724
1779737025,22.3550847457634
1779737040,22.390677966101013
1779737055,22.417796610170626
1779737070,22.412711864406877
1779737085,22.42881355932357
1779737100,22.506779661018328
1779737115,22.47881355932204
1779737130,22.473728813559525
1779737145,22.259322033897366
1779737160,22.302542372881206
1779737175,22.27033898305031
1779737190,22.304237288134555
1779737205,22.22711864406647
1779737220,22.09406779660825
1779737235,21.915254237287396
1779737250,21.95762711864333
1779737265,21.964406779662895
1779737280,21.859322033898497
1779737295,21.85932203389974
1779737310,21.795762711863375
1779737325,21.73644067796532
1779737340,21.75847457627118
1779737355,21.739830508473247
1779737370,21.696610169490636
1779737385,21.690677966101457
1779737400,21.580508474575776
1779737415,21.47881355932302
1779737430,21.66779661016891
1779737445,21.731355932201566
1779737460,21.838983050848448
1779737475,21.836440677965953
1779737490,21.572881355932005
1779737505,21.525423728814797
1779737520,21.577118644066616
1779737535,21.51016949152602
1779737550,21.712711864407332
1779737565,21.7635593220337
1779737580,21.62966101694881
1779737595,21.570338983051982
1779737610,21.511016949152694
1779737625,21.54830508474488
1779737640,21.57033898304952
1779737655,21.553389830508628
1779737670,21.543220338982362
1779737685,21.51779661016855
1779737700,21.565254237289466
1779737715,21.42542372881292
1779737730,21.18050847457692
1779737745,21.259322033898354
1779737760,21.288135593221323
1779737775,21.306779661016794
1779737790,21.25677966101587
1779737805,21.220338983049114
1779737820,21.173728813559812
1779737835,20.997457627117754
1779737850,21.225423728814107
1779737865,21.272881355931318
1779737880,21.2847457627134
1779737895,21.277118644068395
1779737910,21.270338983050063
1779737925,21.329661016950585
1779737940,21.405932203389533
1779737955,21.3415254237302
1779737970,21.238135593221628
1779737985,21.36525423728819
1779738000,21.453389830509217
1779738015,21.450847457626733
1779738030,21.466101694914276
1779738045,21.377966101693247
1779738060,21.477118644068437
1779738075,21.384745762711567
1779738090,21.44152542372837
1779738105,21.47203389830592
1779738120,21.618644067798343
1779738135,21.58983050847536
1779738150,21.464406779659683
1779738165,21.55932203389781
1779738180,21.547457627118206
1779738195,21.653389830506796
1779738210,21.681355932203093
1779738225,21.717796610169838
1779738240,21.570338983051982
1779738255,21.807627118644213
1779738270,21.856779661017246
1779738285,21.982203389830456
1779738300,21.838983050848448
1779738315,21.85084745762682
1779738330,21.994915254236748
1779738345,22.107627118644913
1779738360,21.966949152541694
1779738375,21.94491525423581
1779738390,22.055932203389396
1779738405,22.158474576271292
1779738420,22.025423728813067
1779738435,22.01694915254262
1779738450,21.955932203389985
1779738465,21.94152542372788
1779738480,21.8550847457602
1779738495,21.838983050847215
1779738510,21.825423728815487
1779738525,21.759322033899096
1779738540,21.730508474576126
1779738555,21.698305084746462
1779738570,21.585593220338296
1779738585,21.63644067796714
1779738600,21.587288135594108
1779738615,21.743220338983647
1779738630,21.532203389831896
1779738645,21.49067796610017
1779738660,21.552758606664003
1779738675,21.49915254237308
1779738690,21.808474576269667
1779738705,21.868644067798094
1779738720,21.827118644068833
1779738735,21.85423728813599
1779738750,21.871186440676883
1779738765,22.02796610169433
1779738780,21.79152542372753
1779738795,21.97372881356001
1779738810,21.988983050847555
1779738825,22.077966101695257
1779738840,21.888135593219005
1779738855,22.014406779660135
1779738870,22.045762711863127
1779738885,22.283898305083262
1779738900,22.16694915254297
1779738915,22.24745762711776
1779738930,22.266101694915697
1779738945,22.370338983050953
1779738960,22.333050847456292
1779738975,22.271186440678214
1779738990,22.13813559322
1779739005,22.183898305085094
1779739020,22.229661016950185
1779739035,22.280508474576564
1779739050,22.339830508474634
1779739065,22.299152542373278
1779739080,22.39830508474725
1779739095,22.355084745762166
1779739110,22.394067796610173
1779739125,22.293220338982856
1779739140,22.546610169491778
1779739155,22.604237288135252
1779739170,22.49661016949084
1779739185,22.250847457628154
1779739200,22.257627118645253
1779739215,22.292372881356183
1779739230,22.30254237288244
1779739245,22.366101694913876
1779739260,22.394915254236846
1779739275,22.483898305084548
1779739290,22.37372881355888
1779739305,22.278813559320753
1779739320,22.36271186440718
1779739335,22.251694915253605
1779739350,22.19406779661136
1779739365,22.221186440677275
1779739380,22.289830508472463
1779739395,22.29322033898532
1779739410,22.344915254238384
1779739425,22.35593220338885
1779739440,22.397457627119334
1779739455,22.350847457626333
1779739470,22.465254237289077
1779739485,22.500847457627906
1779739500,22.61525423728572
1779739515,22.751694915253108
1779739530,22.71779661016885
1779739545,22.794915254235715
1779739560,22.881355932204617
1779739575,22.92881355932184
1779739590,22.844915254237886
1779739605,22.994915254238222
1779739620,22.969491525424424
1779739635,22.950847457626477
1779739650,23.04745762711795
1779739665,23.2042372881354
1779739680,23.130508474574007
1779739695,23.051694915255027
1779739710,23.057627118642987
1779739725,23.188135593218718
1779739740,23.09999999999892
1779739755,23.214406779661665
1779739770,23.351694915254484
1779739785,23.15593220339027
1779739800,23.010169491525765
1779739815,22.89152542372842
1779739830,22.905932203386826
1779739845,22.78135593220275
1779739860,22.541525423729258
1779739875,22.544915254237186
1779739890,22.48050847457662
1779739905,22.486440677967035
1779739920,22.455084745761578
1779739935,22.494067796610807
1779739950,22.277118644067407
1779739965,22.261864406779864
1779739980,22.143220338982516
1779739995,22.14745762711835
1779740010,22.135593220339977
1779740025,22.034745762711427
1779740040,22.110169491523703
1779740055,22.024576271187623
1779740070,21.998305084745915
1779740085,22.070338983050252
1779740100,22.05847457627188
1779740115,22.02627118643974
1779740130,22.103389830506604
1779740145,22.183050847458418
1779740160,22.182203389831745
1779740175,22.202542372880572
1779740190,22.14915254237293
1779740205,22.237288135592724
1779740220,22.30762711864496
1779740235,22.343220338983794
1779740250,22.399999999999352
1779740265,22.42966101695024
1779740280,22.53983050847468
1779740295,22.620338983050704
1779740310,22.73220338982972
1779740325,22.774576271185655
1779740340,22.87796610169299
1779740355,22.73050847457637
1779740370,22.71101694915052
1779740385,22.714406779660923
1779740400,22.77086257042099
1779740415,22.81525423728824
1779740430,22.61440677966151
1779740445,22.81355932203365
1779740460,22.799152542371548
1779740475,22.817796610169495
1779740490,22.950847457625244
1779740505,23.0381355932196
1779740520,23.002542372880775
1779740535,23.037288135592927
1779740550,23.103389830508082
1779740565,23.02796610169334
1779740580,22.912711864406386
1779740595,22.955084745763553
1779740610,22.85677966101749
1779740625,22.77372881355898
1779740640,22.697457627118787
1779740655,22.58898305084893
1779740670,22.605932203389834
1779740685,22.433050847459402
1779740700,22.318644067796654
1779740715,22.294915254237434
1779740730,22.31694915254332
1779740745,22.33559322033879
1779740760,22.455932203390727
1779740775,22.360169491524683
1779740790,21.99576271186342
1779740805,21.827966101695505
1779740820,21.942372881355787
1779740835,21.93728813559327
1779740850,21.846610169489754
1779740865,22.005084745763014
1779740880,22.131355932205366
1779740895,21.861016949154322
1779740910,21.92372881355784
1779740925,21.885593220338983
1779740940,21.945762711864948
1779740955,21.944067796610366
1779740970,21.91271186440614
1779740985,21.97372881356001
1779741000,21.8381355932193
1779741015,22.02033898305178
1779741030,22.013559322032215
1779741045,21.953389830506254
1779741060,21.796610169492514
1779741075,21.83559322034051
1779741090,21.822033898305083
1779741105,21.744915254235764
1779741120,21.721186440679
1779741135,21.655932203390527
1779741150,21.52966101695064
1779741165,21.326271186440195
1779741180,21.399152542372434
1779741195,21.316949152543064
1779741210,21.34067796610106
1779741225,21.444067796610867
1779741240,21.52627118644147
1779741255,21.403389830508278
1779741270,21.21440677965993
1779741285,21.349999999999405
1779741300,21.500000000000984
1779741315,21.24067796610165
1779741330,21.223728813559518
1779741345,21.033050847459055
1779741360,21.281355932202995
1779741375,21.329661016950585
1779741390,21.44915254237214
1779741405,21.45762711864505
1779741420,21.527118644069375
1779741435,21.49576271186515
1779741450,21.404237288136187
1779741465,21.45169491525587
1779741480,21.482203389830957
1779741495,21.44745762711633
1779741510,21.423728813559574
1779741525,21.446610169489656
1779741540,21.6500000000001
1779741555,21.6677966101689
1779741570,21.66440677965974
1779741585,21.77288135593205
1779741600,21.694915254236058
1779741615,21.847457627118892
1779741630,21.59152542372872
1779741645,21.680508474577653
1779741660,21.772881355933293
1779741675,21.715254237288583
1779741690,21.616101694915844
1779741705,21.708474576270255
1779741720,21.623728813559616
1779741735,21.521186440676487
1779741750,21.431355932203346
1779741765,21.4127118644054
1779741780,21.327966101694763
1779741795,21.257627118645004
1779741810,21.265254237287547
1779741825,21.14661016949143
1779741840,21.11016949152592
1779741855,20.911016949151318
1779741870,20.90169491525542
1779741885,20.910169491527107
1779741900,21.198305084744483
1779741915,21.083050847457528
1779741930,21.116101694916345
1779741945,20.827118644068587
1779741960,20.750847457625945
1779741975,20.833898305085686
1779741990,20.682203389829525
1779742005,20.757627118644262
1779742020,20.67881355932283
1779742035,20.68305084745743
1779742050,20.725423728814597
1779742065,20.90593220339003
1779742080,20.91779661016964
1779742095,20.961016949152246
1779742110,20.959322033898896
1779742125,20.961864406780162
1779742140,20.90593220339003
1779742155,20.766949152542622
1779742170,20.910169491524634
1779742185,20.756779661016367
1779742200,20.66186440677946
1779742215,20.67627118644033
1779742230,20.786440677967242
1779742245,20.857627118644906
1779742260,20.864406779660772
1779742275,20.927118644066766
1779742290,21.032203389829917
1779742305,21.199999999999065
1779742320,21.183898305083616
1779742335,21.158474576269803
1779742350,21.21864406779701
1779742365,21.195762711864454
1779742380,21.028813559319527
1779742395,20.922881355932155
1779742410,21.007627118644024
1779742425,20.977118644068938
1779742440,20.967796610169344
1779742455,20.93305084745718
1779742470,20.955084745763063
1779742485,21.027118644068644
1779742500,21.00677966101735
1779742515,20.88644067796541
1779742530,20.88305084745872
1779742545,20.975423728813112
1779742560,20.99237288135648
1779742575,21.13220338983056
1779742590,20.81779661016654
1779742605,20.824576271186103
1779742620,20.860169491523695
1779742635,20.955084745763063
1779742650,20.878813559321642
1779742665,20.96101694915348
1779742680,21.033050847459055
1779742695,21.078813559321684
1779742710,21.176271186439845
1779742725,21.06440677966083
1779742740,20.98728813559273
1779742755,21.051694915253304
1779742770,21.154237288136436
1779742785,21.26016949152627
1779742800,21.21864406779701
1779742815,22.013559322035924
1779742830,22.052542372881454
1779742845,22.124576271185802
1779742860,22.073728813560656
1779742875,22.07033898305273
1779742890,22.038135593220588
1779742905,22.003389830508425
1779742920,21.9398305084733
1779742935,22.093220338981578
1779742950,22.019491525423884
1779742965,21.976271186440034
1779742980,22.050000000000203
1779742995,21.972881355932106
1779743010,21.962711864405847
1779743025,21.962711864408313
1779743040,21.89745762711737
1779743055,22.107627118644913
1779743070,21.944915254238275
1779743085,21.96101694915249
1779743100,22.081355932204428
1779743115,21.219491525423685
1779743130,21.065254237288734
1779743145,21.051694915254537
1779743160,21.044915254237438
1779743175,21.002542372881507
1779743190,20.994915254236503
1779743205,21.013559322031984
1779743220,21.070338983050007
1779743235,20.99830508474443
1779743250,21.122033898306757
1779743265,21.07033898305124
1779743280,21.107627118642192
1779743295,21.24745762711875
1779743310,21.172033898304
1779743325,21.2355932203379
1779743340,21.270338983050063
1779743355,21.27881355932174
1779743370,21.216101694914514
1779743385,21.096610169490493
1779743400,21.141525423728915
1779743415,21.154237288136436
1779743430,21.064406779662058
1779743445,21.18050847457569
1779743460,21.246610169490832
1779743475,21.216101694915746
1779743490,21.268644067797947
1779743505,21.06016949152498
1779743520,21.031355932203244
1779743535,20.79152542372975
1779743550,20.629661016949797
1779743565,20.57118644067718
1779743580,20.41864406779681
1779743595,20.495762711864906
1779743610,20.16525423728789
1779743625,20.15847457627079
1779743640,20.07881355932144
1779743655,20.09830508474606
1779743670,19.836440677965463
1779743685,19.819491525423338
1779743700,19.754237288134856
1779743715,19.625423728812475
1779743730,19.49491525423551
1779743745,19.50254237288298
1779743760,19.356779661017253
1779743775,19.267796610170773
1779743790,19.2313559322028
1779743805,19.268644067796213
1779743820,19.225423728812373
1779743835,19.444067796609133
1779743850,19.366101694914374
1779743865,19.421186440676586
1779743880,19.432203389829528
1779743895,19.555084745761476
1779743910,19.672881355932148
1779743925,19.728813559322276
1779743940,19.705084745763056
1779743955,19.783898305084502
1779743970,19.845762711863824
1779743985,19.91525423728814
1779744000,19.761016949153188
1779744015,19.844067796611697
1779744030,19.83728813559337
1779744045,19.84915254237545
1779744060,19.900000000000595
1779744075,20.03728813559342
1779744090,20.256779661018086
1779744105,20.254237288135602
1779744120,20.299999999999464
1779744135,20.33728813559288
1779744150,20.38813559322049
1779744165,20.393220338983
1779744180,20.32966101695034
1779744195,20.25932203389934
1779744210,20.427118644068486
1779744225,20.39237288135386
1779744240,20.45847457627026
1779744255,20.40932203389969
1779744270,20.47033898305233
1779744285,20.408474576270553
1779744300,20.69745762711953
1779744315,20.496610169491582
1779744330,20.478813559322774
1779744345,20.439830508474778
1779744360,20.388135593221723
1779744375,20.387288135593806
1779744390,20.30847457627114
1779744405,20.281355932203983
1779744420,20.38305084745674
1779744435,20.181355932202106
1779744450,20.209322033898403
1779744465,20.06525423728849
1779744480,20.012711864406295
1779744495,19.744915254235273
1779744510,19.81101694915166
1779744525,19.75423728813609
1779744540,19.77118644067698
1779744555,19.605084745763644
1779744570,19.560169491523993
1779744585,19.41355932203158
1779744600,19.29999999999921
1779744615,19.326271186442167
1779744630,19.449152542372882
1779744645,19.43813559321994
1779744660,19.398305084746504
1779744675,19.255932203389925
1779744690,19.293220338983353
1779744705,19.238135593219894
1779744720,19.216101694914023
1779744735,19.16610169491555
1779744750,19.266949152542868
1779744765,19.148305084746752
1779744780,19.239830508474487
1779744795,19.295762711863375
1779744810,19.43728813559451
1779744825,19.2669491525441
1779744840,19.425423728814895
1779744855,19.50254237288176
1779744870,19.47881355932253
1779744885,19.60423728813452
1779744900,19.82372881355917
1779744915,19.75338983050695
1779744930,19.57203389830484
1779744945,19.674576271185508
1779744960,19.751694915253605
1779744975,19.94491525423655
1779744990,19.887288135594304
1779745005,19.897457627116864
1779745020,20.124576271185312
1779745035,20.050847457626375
1779745050,20.16525423728912
1779745065,20.367796610169197
1779745080,20.345762711865788
1779745095,20.391525423728417
1779745110,20.55169491525256
1779745125,20.544067796610022
1779745140,20.39915254237219
1779745155,20.43305084745768
1779745170,20.475423728814846
1779745185,20.624576271186047
1779745200,20.62372881355937
1779745215,20.682203389830754
1779745230,20.777966101696798
1779745245,20.886440677966643
1779745260,20.927966101695905
1779745275,21.07711864406834
1779745290,21.335593220337312
1779745305,21.185593220339427
1779745320,21.192372881355293
1779745335,21.280508474576322
1779745350,21.203389830510698
1779745365,21.128813559323856
1779745380,21.06101694915289
1779745395,21.13728813559308
1779745410,20.900847457627513
1779745425,20.99406779661106
1779745440,21.000847457626925
1779745455,21.09152542372921
1779745470,21.05423728813579
1779745485,20.874576271187028
1779745500,21.111864406778036
1779745515,21.065254237288734
1779745530,20.866949152542034
1779745545,21.044915254237438
1779745560,20.916101694915056
1779745575,20.805084745761484
1779745590,20.601694915254733
1779745605,20.573728813558432
1779745620,20.482203389830712
1779745635,20.492372881355735
1779745650,20.470338983051096
1779745665,20.556779661015078
1779745680,20.591525423728473
1779745695,20.671186440677825
1779745710,20.682203389831987
1779745725,20.726271186440037
1779745740,20.670338983051153
1779745755,20.604237288135984
1779745770,20.622881355931465
1779745785,20.644067796610667
1779745800,20.602542372881416
1779745815,20.638135593221474
1779745830,20.67966101694827
1779745845,20.75169491525508
1779745860,20.875423728812482
1779745875,20.811016949151906
1779745890,21.012711864409006
1779745905,21.144067796608933
1779745920,21.260169491525026
1779745935,21.310169491525976
1779745950,21.355084745763154
1779745965,21.313559322033893
1779745980,21.247457627117516
1779745995,21.230508474575384
1779746010,21.116949152543018
1779746025,21.22627118643954
1779746040,21.227118644067456
1779746055,21.12711864406681
1779746070,21.19152542372862
1779746085,21.181355932204827
1779746100,21.06271186440747
1779746115,21.151694915253938
1779746130,20.988135593220637
1779746145,21.033050847456593
1779746160,20.864406779660772
1779746175,20.84830508474409
1779746190,20.627966101696448
1779746205,20.583898305085935
1779746220,20.34237288135663
1779746235,20.27372881356144
1779746250,20.229661016950928
1779746265,20.18898305084711
1779746280,20.343220338985766
1779746295,20.28305084745733
1779746310,20.244067796610565
1779746325,20.16779661016792
1779746340,20.249999999998526
1779746355,20.232203389832193
1779746370,20.15932203389994
1779746385,20.21101694915052
1779746400,20.04406779661052
1779746415,19.955084745761575
1779746430,19.96949152542491
1779746445,20.16525423728789
1779746460,20.021186440676743
1779746475,19.960169491526557
1779746490,19.911016949152295
1779746505,20.055084745763452
1779746520,19.905932203388545
1779746535,19.821186440676687
1779746550,19.794067796609525
1779746565,19.688135593220935
1779746580,19.654237288135445
1779746595,19.500847457627167
1779746610,19.488983050846322
1779746625,19.407627118644854
1779746640,19.261016949153674
1779746655,19.240677966102382
1779746670,19.26779661016955
1779746685,19.265254237285824
1779746700,19.2949152542367
1779746715,19.400847457626536
1779746730,19.28305084745585
1779746745,19.25084745762742
1779746760,19.213559322034
1779746775,19.17966101694851
1779746790,19.168644067796812
1779746805,19.219491525423184
1779746820,19.266949152541635
1779746835,19.34322033898428
1779746850,19.460169491527058
1779746865,19.605084745763655
1779746880,19.59322033898404
1779746895,19.638135593219996
1779746910,19.581355932204424
1779746925,19.500000000001727
1779746940,19.916949152541484
1779746955,19.878813559322627
1779746970,19.92796610169566
1779746985,19.8186440677942
1779747000,19.80338983050789
1779747015,19.745762711865645
1779747030,19.708474576270994
1779747045,19.66949152542423
1779747060,19.654237288135445
1779747075,19.703389830507245
1779747090,19.746610169489852
1779747105,19.64745762711835
1779747120,19.5355932203381
1779747135,19.4754237288146
1779747150,19.34576271186431
1779747165,19.313559322034646
1779747180,19.24491525423576
1779747195,19.201694915253153
1779747210,19.299152542372532
1779747225,19.20000000000104
1779747240,19.00847457627144
1779747255,19.09830508474458
1779747270,19.06694915254281
1779747285,19.17711864406726
1779747300,19.1500000000001
1779747315,19.21016949152483
1779747330,19.27457627118664
1779747345,19.38898305084692
1779747360,19.54406779661224
1779747375,19.618644067797852
1779747390,19.483898305085045
1779747405,19.738135593219408
1779747420,19.9864406779658
1779747435,20.11186440678149
1779747450,20.22203389830469
1779747465,20.33898305084746
1779747480,20.27372881356021
1779747495,20.67033898305237
1779747510,20.38813559321926
1779747525,20.683898305084103
1779747540,20.811864406781044
1779747555,20.84915254237323
1779747570,20.922881355932155
1779747585,21.041525423730747
1779747600,21.128813559322623
1779747615,21.2355932203379
1779747630,21.41949152542373
1779747645,21.37118644067738
1779747660,21.324576271188068
1779747675,21.218644067795765
1779747690,21.255932203390415
1779747705,21.23728813559248
1779747720,21.100847457626337
1779747735,21.094915254237144
1779747750,21.033898305083266
1779747765,20.999152542371114
1779747780,21.03898305084825
1779747795,20.87627118644162
1779747810,20.899152542372935
1779747825,20.84576271186407
1779747840,20.766949152542622
1779747855,20.69322033898122
1779747870,20.576271186442163
1779747885,20.5059322033887
1779747900,20.392372881357556
1779747915,20.189830508475026
1779747930,20.1271186440678
1779747945,20.11440677966274
1779747960,20.08813559321857
1779747975,20.0245762711859
1779747990,19.99152542372955
1779748005,20.052542372880964
1779748020,19.882203389831798
1779748035,19.788135593220346
1779748050,19.737288135593968
1779748065,19.65847457627252
1779748080,19.789830508473692
1779748095,19.53559322033933
1779748110,19.42118644067782
1779748125,19.44830508474621
1779748140,19.510169491526753
1779748155,19.283898305083767
1779748170,19.276271186441218
1779748185,19.190677966101454
1779748200,19.166101694913085
1779748215,19.229661016950683
1779748230,19.13474576271256
1779748245,19.152542372882596
1779748260,19.229661016951916
1779748275,19.300847457625892
1779748290,19.32542372881425
1779748305,19.365254237286457
1779748320,19.374576271187284
1779748335,19.38474576271354
1779748350,19.308474576269663
1779748365,19.437288135593267
1779748380,19.386440677965666
1779748395,19.412711864407374
1779748410,19.477118644066714
1779748425,19.603389830509066
1779748440,19.509322033897615
1779748455,19.619491525424525
1779748470,19.620338983051198
1779748485,19.633898305085385
1779748500,19.824576271185844
1779748515,19.563559322035616
1779748530,19.717796610168115
1779748545,19.446610169491628
1779748560,19.190677966101454
1779748575,19.250847457626186
1779748590,19.17542372881391
1779748605,19.12118644067713
1779748620,19.031355932203986
1779748635,19.016949152541883
1779748650,19.005084745762268
1779748665,19.144067796608443
1779748680,19.09322033898453
1779748695,19.118644067797106
1779748710,19.183050847458915
1779748725,19.160169491525124
1779748740,19.16864406779557
1779748755,19.133898305085882
1779748770,19.151694915252214
1779748785,19.08813559322202
1779748800,19.25169491525409
1779748815,19.165254237288877
1779748830,19.220338983052333
1779748845,19.388135593220234
1779748860,19.379661016948567
1779748875,19.357627118645148
1779748890,19.361016949151853
1779748905,19.344915254237637
1779748920,19.456779661017887
1779748935,19.4864406779663
1779748950,19.48474576271049
1779748965,19.434745762712012
1779748980,19.454237288135403
1779748995,19.564406779659837
1779749010,19.611864406778277
1779749025,19.607627118643677
1779749040,19.498305084744683
1779749055,19.47033898305085
1779749070,19.55932203389732
1779749085,19.43813559321994
1779749100,19.423728813559073
1779749115,19.630508474577457
1779749130,19.54661016949226
1779749145,19.378813559321895
1779749160,19.350847457625587
1779749175,19.416949152543218
1779749190,19.352542372882642
1779749205,19.41016949152612
1779749220,19.56610169491565
1779749235,19.29152542372876
1779749250,19.206779661016903
1779749265,19.301694915253798
1779749280,19.284745762711676
1779749295,19.20762711864358
1779749310,19.1669491525447
1779749325,19.26016949152577
1779749340,19.16186440678095
1779749355,19.120338983050456
1779749370,18.961864406778428
1779749385,19.02627118644147
1779749400,18.990677966100165
1779749415,19.131355932203398
1779749430,19.126271186439638
1779749445,19.033050847458565
1779749460,18.959322033898406
1779749475,18.97033898305258
1779749490,19.002542372881017
1779749505,19.072881355934477
1779749520,19.027118644068143
1779749535,19.073728813558688
1779749550,18.890677966100753
1779749565,19.154237288135946
1779749580,19.099999999999163
1779749595,19.163559322033063
1779749610,19.218644067795275
1779749625,19.238983050847814
1779749640,19.287288135592927
1779749655,19.35593220339058
1779749670,19.43389830508534
1779749685,19.52796610169433
1779749700,19.669491525422988
1779749715,19.793220338984085
1779749730,19.817796610169978
1779749745,19.91355932203479
1779749760,19.93389830508361
1779749775,20.111016949151118
1779749790,20.159322033898707
1779749805,20.180508474577906
1779749820,19.981355932204526
1779749835,20.131355932203643
1779749850,20.19830508474547
1779749865,20.079661016948116
1779749880,20.128813559321145
1779749895,20.031355932205464
1779749910,20.03813559322133
1779749925,20.066101694916384
1779749940,20.10000000000065
1779749955,20.106779661016503
1779749970,19.847457627119635
1779749985,19.79576271186534
1779750000,19.51186440678011
1779750015,20.40084745762678
1779750030,21.245762711865403
1779750045,21.31694915254183
1779750060,21.385593220339484
1779750075,21.23644067796704
1779750090,21.226271186440783
1779750105,21.3805084745745
1779750120,21.320338983051002
1779750135,21.281355932202995
1779750150,21.375423728813214
1779750165,21.198305084744483
1779750180,21.236440677965806
1779750195,21.205932203389487
1779750210,21.055084745762464
1779750225,21.077118644067106
1779750240,20.89491525423586
1779750255,20.94576271186347
1779750270,20.877966101694966
1779750285,20.812711864406484
1779750300,20.713559322034982
1779750315,19.218644067795275
1779750330,18.900847457627023
1779750345,18.718644067795775
1779750360,18.633898305082674
1779750375,18.600000000002126
1779750390,18.55762711864496
1779750405,18.615254237288436
1779750420,18.552542372882442
1779750435,18.645762711863522
1779750450,18.576271186441673
1779750465,18.62796610169719
1779750480,18.634745762713045
1779750495,18.7076271186453
1779750510,18.782203389830897
1779750525,18.882203389831552
1779750540,18.943220338985423
1779750555,18.951694915254635
1779750570,18.965254237288832
1779750585,19.14237288135633
1779750600,19.206779661015673
1779750615,19.44576271186371
1779750630,19.501694915255086
1779750645,19.692372881355535
1779750660,19.813559322035378
1779750675,19.995762711864163
1779750690,20.121186440677373
1779750705,20.19830508474547
1779750720,20.24999999999976
1779750735,20.288135593221078
1779750750,20.301694915254043
1779750765,20.54745762711796
1779750780,20.38305084745674
1779750795,20.48983050847325
1779750810,20.42796610169393
1779750825,20.57288135593176
1779750840,20.650847457627762
1779750855,20.74491525423552
1779750870,20.792372881356425
1779750885,20.842372881354898
1779750900,20.799152542373523
1779750915,20.812711864406484
1779750930,20.792372881355192
1779750945,20.84067796610032
1779750960,20.7677966101693
1779750975,20.74491525423675
1779750990,20.683050847456197
1779751005,20.627966101695215
1779751020,20.705932203389978
1779751035,20.614406779662254
1779751050,20.75932203389762
1779751065,20.813559322034394
1779751080,20.871186440676638
1779751095,20.996610169492314
1779751110,20.866949152542034
1779751125,21.04491525423621
1779751140,21.005932203390675
1779751155,20.8822033898308
1779751170,20.985593220340615
1779751185,20.98305084745813
1779751200,21.148305084744777
1779751215,21.139830508475566
1779751230,21.11016949152592
1779751245,21.064406779660814
1779751260,21.06355932203414
1779751275,21.04152542372827
1779751290,21.079661016952066
1779751305,21.218644067795765
1779751320,21.27542372881257
1779751335,21.170338983051884
1779751350,21.26186440678085
1779751365,21.32627118643895
1779751380,21.310169491527198
1779751395,21.272033898305875
1779751410,21.136440677966405
1779751425,21.244915254237483
1779751440,21.194067796609872
1779751455,21.217796610171558
1779751470,21.23474576271246
1779751485,21.106779661016752
1779751500,21.12288135593221
1779751515,21.119491525424273
1779751530,21.061016949151657
1779751545,21.16694915254519
1779751560,21.23728813559371
1779751575,21.327966101692297
1779751590,21.211016949150764
1779751605,21.221186440679496
1779751620,21.163559322034786
1779751635,21.222033898304936
1779751650,21.158474576271036
1779751665,21.18050847457691
1779751680,21.345762711866033
1779751695,21.19661016949237
1779751710,21.277118644067162
1779751725,21.043220338981627
1779751740,20.898305084746262
1779751755,20.969491525423933
1779751770,20.86779661016871
1779751785,20.965254237289322
1779751800,21.002542372881507
1779751815,21.02542372881405
1779751830,20.97711864406524
1779751845,20.85084745762904
1779751860,20.850847457626575
1779751875,20.844915254238614
1779751890,20.765254237288033
1779751905,20.76610169491595
1779751920,20.713559322034982
1779751935,20.68728813559204
1779751950,20.646610169490685
1779751965,20.61779661016896
1779751980,20.625423728813953
1779751995,20.544915254236695
1779752010,20.529661016950396
1779752025,20.638135593221474
1779752040,20.78050847457682
1779752055,20.846610169491974
1779752070,20.848305084746556
1779752085,20.79915254237229
1779752100,20.79830508474685
1779752115,20.75169491525385
1779752130,20.824576271186103
1779752145,20.86016949152494
1779752160,20.705932203389988
1779752175,20.764406779658895
1779752190,20.773728813558478
1779752205,20.84406779660948
1779752220,20.836440677965705
1779752235,20.77627118644221
1779752250,20.94915254237264
1779752265,20.91440677966171
1779752280,21.036440677968226
1779752295,21.194067796609872
1779752310,21.45000000000006
1779752325,21.46694915254218
1779752340,21.581355932203692
1779752355,21.734745762713192
1779752370,21.896610169493158
1779752385,22.21949152542393
1779752400,22.569491525424322
1779752415,22.890677966101748
1779752430,23.17542372881366
1779752445,23.505084745763995
1779752460,23.794915254237193
1779752475,24.399999999998624
1779752490,24.82203389830583
1779752505,25.14237288135658
1779752520,25.649152542371944
1779752535,26.08728813559337
1779752550,26.515254237289763
1779752565,26.86440677966102
1779752580,27.102542372881167
1779752595,27.59237288135563
1779752610,27.672881355932898
1779752625,28.00593220338993
1779752640,28.325423728812773
1779752655,29.061864406777836
1779752670,29.73135593220231
1779752685,30.11355932203483
1779752700,30.655932203392744
1779752715,31.03983050847492
1779752730,31.622033898305034
1779752745,31.948305084744977
1779752760,32.261864406779864
1779752775,32.661016949153286
1779752790,32.84406779661244
1779752805,33.46610169491476
1779752820,33.74661016949207
1779752835,34.16271186440638
1779752850,34.331355932203444
1779752865,34.79576271186411
1779752880,35.19152542372838
1779752895,35.49406779660785
1779752910,35.82711864406611
1779752925,36.1855932203382
1779752940,36.293220338983836
1779752955,36.22372881356198
1779752970,36.05084745762539
1779752985,35.92627118644132
1779753000,36.00254237288151
1779753015,36.0686440677979
1779753030,36.249999999998764
1779753045,36.60084745762584
1779753060,36.55847457627114
1779753075,36.723728813560264
1779753090,36.83983050847388
1779753105,36.802542372880474
1779753120,37.05508474576394
1779753135,36.9864406779663
1779753150,37.22711864406647
1779753165,37.13983050847458
1779753180,37.20084745762598
1779753195,37.329661016948364
1779753210,37.4042372881352
1779753225,37.137288135593316
1779753240,37.46355932203449
1779753255,37.644915254239066
1779753270,37.84661016949122
1779753285,37.95762711864234
1779753300,38.30762711864397
1779753315,38.43983050847552
1779753330,38.30084745762811
1779753345,38.12881355932311
1779753360,37.98559322033987
1779753375,38.00169491525286
1779753390,38.10254237288141
1779753405,37.97542372881484
1779753420,38.04915254237253
1779753435,38.50423728813486
1779753450,38.31864406779815
1779753465,38.20445631650428
1779753480,38.28644067796477
1779753495,38.26186440677888
1779753510,38.342372881356134
1779753525,38.400847457626284
1779753540,38.322033898306074
1779753555,38.43983050847552
1779753570,38.45508474576306
1779753585,38.107627118643926
1779753600,37.632203389831545
1779753615,37.76186440678183
1779753630,38.148305084746504
1779753645,38.258474576269705
1779753660,38.447457627118055
1779753675,38.273728813559714
1779753690,38.34576271186529
1779753705,38.344067796610716
1779753720,38.094915254236405
1779753735,38.14661016949069
1779753750,38.02203389830415
1779753765,38.155084745762366
1779753780,38.000847457627415
1779753795,37.93559322033771
1779753810,38.00169491525409
1779753825,38.008474576269954
1779753840,37.8042372881353
1779753855,37.60084745762732
1779753870,37.66440677966245
1779753885,37.46779661017157
1779753900,37.296610169489554
1779753915,36.99152542372881
1779753930,36.937288135594514
1779753945,36.87542372881396
1779753960,36.868644067796865
1779753975,36.77966101694916
1779753990,36.751694915255314
1779754005,36.55932203389904
1779754020,36.71016949152484
1779754035,36.53898305084775
1779754050,36.511016949151454
1779754065,36.44237288135505
1779754080,36.54067796610111
1779754095,36.90847457627153
1779754110,36.906779661014475
1779754125,37.27118644067945
1779754140,37.22627118644102
1779754155,37.42627118644107
1779754170,37.28474576271241
1779754185,37.655084745764086
1779754200,37.97457627118816
1779754215,38.58983050847462
1779754230,38.84067796610352
1779754245,38.666101694916044
1779754260,38.75508474576128
1779754275,38.637288135593074
1779754290,39.1135593220346
1779754305,39.0618644067803
1779754320,39.26355932203124
1779754335,39.27627118644123
1779754350,39.09491525423788
1779754365,39.19576271186397
1779754380,39.100847457627076
1779754395,39.09745762712038
1779754410,39.163559322035525
1779754425,39.107627118644174
1779754440,38.99067796610264
1779754455,39.2779661016958
1779754470,40.02033898305007
1779754485,39.99067796610042
1779754500,39.835828838935484
1779754515,39.18983050847354
1779754530,39.30508474576173
1779754545,39.4016949152532
1779754560,39.40593220339028
1779754575,39.36610169491437
1779754590,39.281355932203745
1779754605,38.96016949152632
1779754620,39.00593220339141
1779754635,39.12372881355716
1779754650,38.91101694915206
1779754665,39.17203389830475
1779754680,39.0762711864387
1779754695,39.01610169491521
1779754710,39.06525423728947
1779754725,39.223728813560264
1779754740,39.13220338982883
1779754755,38.60338983050882
1779754770,38.5296610169499
1779754785,38.18135593220284
1779754800,38.20508474576207
1779754815,38.194915254239504
1779754830,38.07372881355967
1779754845,38.10932203389974
1779754860,37.94745762711855
1779754875,37.900847457626774
1779754890,37.65762711864289
1779754905,38.00169491525532
1779754920,38.194067796611606
1779754935,38.54745762711993
1779754950,38.64830508474601
1779754965,38.41525423728839
1779754980,38.388983050847905
1779754995,38.41186440678045
1779755010,38.60762711864343
1779755025,38.705932203389494
1779755040,38.8101694915235
1779755055,38.77881355932051
1779755070,38.6923728813553
1779755085,38.7881355932201
1779755100,38.71779661017034
1779755115,38.67288135593191
1779755130,38.981355932203044
1779755145,38.9593220338984
1779755160,39.20000000000103
1779755175,39.376271186440626
1779755190,39.521186440678456
1779755205,39.010169491524785
1779755220,38.83220338983061
1779755235,38.496193194530925
1779755250,38.43983050847305
1779755265,38.43389830508509
1779755280,38.55084745762787
1779755295,38.58135593220542
1779755310,38.37796610169497
1779755325,38.27966101694891
1779755340,38.09661016948975
1779755355,38.000000000000746
1779755370,38.05423728813382
1779755385,38.02457627118787
1779755400,38.056779661017536
1779755415,38.06271186440673
1779755430,38.249152542371355
1779755445,38.246610169492556
1779755460,38.0135593220337
1779755475,38.06694915254134
1779755490,38.19745762711953
1779755505,38.222452729135625
1779755520,38.44830508474597
1779755535,38.338135593220294
1779755550,38.17203389830449
1779755565,38.161864406778236
1779755580,37.938983050846865
1779755595,37.810169491526956
1779755610,37.66525423728789
1779755625,37.89830508474675
1779755640,38.073728813560905
1779755655,38.22457627118669
1779755670,38.020338983052035
1779755685,38.21610169491747
1779755700,38.24406779661007
1779755715,38.2364406779663
1779755730,38.03898305084874
1779755745,38.136440677965666
1779755760,38.177118644068244
1779755775,38.17881355932159
1779755790,38.24152542373128
1779755805,38.12881355932311
1779755820,38.06864406779839
1779755835,38.101694915252274
1779755850,38.05254237288294
1779755865,38.266101694915946
1779755880,38.32203389830484
1779755895,38.34915254237199
1779755910,38.47033898305183
1779755925,38.05593220338963
1779755940,38.177966101693684
1779755955,38.178813559324055
1779755970,38.121186440679345
1779755985,38.025423728814545
1779756000,37.91864406779681
1779756015,37.6983050847467
1779756030,37.86186440678001
1779756045,37.790677966102336
1779756060,37.66525423728789
1779756075,37.74406779661304
1779756090,37.70338983050675
1779756105,37.775423728813564
1779756120,37.52966101695212
1779756120,37.52966101695212
1779756135,37.46398280666201
1779756150,37.45932203389866
1779756165,37.6381355932195
1779756180,38.20762711864333
1779756195,38.18389830508411
1779756210,38.34237288135737
1779756225,38.226271186440044
1779756240,38.23559322033716
1779756255,38.343220338981574
1779756270,38.17881355932282
1779756285,38.083898305084695
1779756300,38.08305084745679
1779756315,38.00550504742273
1779756330,38.226271186441274
1779756345,38.15847457627031
1779756360,38.13474576270984
1779756375,38.082203389828884
1779756390,38.04830508474463
1779756405,38.13242168564437
1779756420,38.14491525423733
1779756435,38.216101694915004
1779756450,38.43305084745842
1779756465,37.89661016949217
1779756480,37.84999999999916
1779756495,37.93728813559228
1779756510,38.02033898305079
1779756525,38.272881355933045
1779756540,38.19491525423704
1779756555,38.06271186440549
1779756570,37.98135593220403
1779756585,37.788983050846525
1779756600,37.71567942833659
1779756615,37.76016949152602
1779756630,37.70847457627296
1779756645,38.02796610169581
1779756660,38.04830508474832
1779756675,38.12627118644063
1779756690,38.012711864407024
1779756705,38.02542372881579
1779756720,37.811016949152396
1779756735,37.82966101694911
1779756750,38.08898305084721
1779756765,38.33983050847487
1779756780,38.083898305084695
1779756795,37.94406779661061
1779756810,37.88220338982884
1779756825,37.71949152542097
1779756840,37.833898305083714
1779756855,38.16271186440614
1779756870,37.87288135593294
1779756885,38.30508474576272
1779756900,37.943220338982705
1779756915,37.71610169491427
1779756930,37.730508474576375
1779756945,37.64491525423783
1779756960,37.5847457627131
1779756975,37.54661016949301
1779756990,37.66694915254247
1779757005,37.66101694915081
1779757020,37.8889830508484
1779757035,37.52966101694841
1779757050,37.31186440677834
1779757065,37.00169491525508
1779757080,37.16949152542176
1779757095,37.10932203389825
1779757110,37.02118644067846
1779757125,37.115254237287445
1779757140,37.14152542372793
1779757155,37.13050847457622
1779757170,37.29152542372827
1779757185,37.354237288134264
1779757200,37.49152542372832
1779757215,38.16271186440614
1779757230,38.07542372881302
1779757245,38.2296610169492
1779757260,38.33050847457529
1779757275,38.29661016949103
1779757290,38.1036078333004
1779757305,37.88813559322048
1779757320,38.0593220338988
1779757335,38.35423728813697
1779757350,38.47457627118644
1779757365,38.480508474576865
1779757380,38.563559322032916
1779757395,38.62627118644137
1779757410,38.81440677966304
1779757425,39.0406779661011
1779757440,38.850847457627324
1779757455,39.03135593220275
1779757470,39.019491525424364
1779757485,38.746610169492065
1779757500,38.72203389830371
1779757515,38.21101694915497
1779757530,38.23474576271172
1779757545,38.32881355932194
1779757560,38.293220338983105
1779757575,38.64237288135436
1779757590,38.82796610169477
1779757605,38.994915254236005
1779757620,38.96355932203548
1779757635,38.880508474575734
1779757650,38.82203389830434
1779757665,38.53559322033908
1779757680,39.17203389830721
1779757695,38.994067796610565
1779757710,39.53305084745807
1779757725,39.66101694915254
1779757740,39.755932203390664
1779757755,40.081355932203934
1779757770,40.45762711864358
1779757785,40.702542372880814
1779757800,41.13220338983056
1779757815,41.242372881356225
1779757830,41.46016949152631
1779757845,41.407627118642885
1779757860,41.361864406777784
1779757875,41.14237288135683
1779757890,41.18474576271276
1779757905,41.290677966101356
1779757920,41.25508474576252
1779757935,41.07118644067669
1779757950,41.09067796610254
1779757965,40.95762711864308
1779757980,40.82796610169525
1779757995,40.802542372880225
1779758010,39.98983050847373
1779758025,40.23728813559346
1779758040,39.844915254237144
1779758055,39.88644067796516
1779758070,39.35254237288017
1779758085,39.107627118644174
1779758100,38.75762711864377
1779758115,38.51355932203444
1779758130,38.72966101694995
1779758145,38.634745762711816
1779758160,38.594067796608
1779758175,38.72203389830741
1779758190,38.949152542373376
1779758205,38.66101694915229
1779758220,38.492372881356474
1779758235,38.7745762711859
1779758250,38.865254237288184
1779758265,38.60932203389924
1779758280,38.50000000000024
1779758295,38.527966101694076
1779758310,38.617796610169684
1779758325,38.286440677967235
1779758340,38.01016949152331
1779758355,37.76016949152602
1779758370,37.55084745762638
1779758385,37.559322033898056
1779758400,37.55593220339013
1779758415,37.16546269962172
1779758430,36.62203389830504
1779758445,36.572881355932005
1779758460,36.5864406779662
1779758475,36.56016949152572
1779758490,36.991525423731275
1779758505,37.44152542372861
1779758520,37.645762711864506
1779758535,37.7872881355907
1779758550,38.294067796608545
1779758565,39.062711864403276
1779758580,39.36186440677976
1779758595,39.708474576270994
1779758610,40.25169491525433
1779758625,41.02542372881529
1779758640,41.9898305084767
1779758655,42.9525423728823
1779758670,43.83050847457726
1779758685,44.61525423728868
1779758700,45.74830508474839
1779758715,46.84322033898305
1779758730,47.86101694915333
1779758745,48.650847457627265
1779758760,49.41271186440738
1779758775,50.07288135593225
1779758790,50.22627118644053
1779758805,51.132700345419025
1779758820,51.8796610169498
1779758835,52.79491525423694
1779758850,53.385593220337505
1779758865,53.79661016949178
1779758880,54.41694915254322
1779758895,54.9008474576285
1779758910,55.45254237288106
1779758925,55.859322033899495
1779758940,56.23220338982997
1779758955,56.617796610169194
1779758970,56.8652542372877
1779758985,56.843220338981816
1779759000,56.95338983050748
1779759015,57.10593220338909
1779759030,57.49152542372832
1779759045,57.615254237288184
1779759060,57.86271186440791
1779759075,58.21525423728957
1779759090,58.24491525423922
1779759105,58.08983050847636
1779759120,58.18983050847453
1779759135,58.3313559322032
1779759150,58.343220338981574
1779759165,58.49576271186317
1779759180,58.319491525424816
1779759195,58.141525423730634
1779759210,58.2754237288143
1779759225,58.15932203389944
1779759240,58.032203389830414
1779759255,58.06186440678005
1779759270,58.33644067796817
1779759285,58.58305084745753
1779759300,58.44067796609973
1779759315,58.38813559321999
1779759330,58.47796610169438
1779759345,58.574576271185855
1779759360,58.73305084745664
1779759375,58.65084745762728
1779759390,58.79322033898138
1779759405,58.593220338982555
1779759420,58.65932203389772
1779759435,58.635593220337256
1779759450,58.77966101695088
1779759465,59.07796610169329
1779759480,59.185593220340174
1779759495,59.02118644067895
1779759510,58.73728813559248
1779759525,58.68644067796733
1779759540,58.62033898304971
1779759555,58.60932203389802
1779759570,58.47203389830642
1779759585,58.35762711864368
1779759600,58.55593220339037
1779759615,58.365254237287445
1779759630,58.10423728813352
1779759645,57.94661016949063
1779759660,57.88050847457672
1779759675,57.676271186442065
1779759690,57.65000000000035
1779759705,57.62796610169324
1779759720,57.657627118644115
1779759735,57.32372881355917
1779759750,56.911864406779465
1779759765,56.78983050847418
1779759780,56.583898305084944
1779759795,56.77203389830539
1779759810,57.27203389830612
1779759825,57.05508474576395
1779759840,57.00803736987255
1779759855,56.845207829098584
1779759870,56.93305084745867
1779759885,56.99786777492668
1779759900,56.815254237287995
1779759915,56.988983050847565
1779759930,56.930508474577415
1779759945,57.12627118644038
1779759960,57.02796610169679
1779759975,57.20254237288057
1779759990,57.273728813558236
1779760005,57.26101694915195
1779760020,56.988983050847565
1779760035,57.123728813557896
1779760050,57.329661016948364
1779760065,57.6525423728816
1779760080,58.54915254237327
1779760095,58.4940677966086
1779760110,58.245762711865886
1779760125,58.18644067796659
1779760140,58.100847457628056
1779760155,58.294067796609774
1779760170,58.219491525424175
1779760185,58.18305084745743
1779760200,58.45762711864432
1779760215,58.24067796610214
1779760230,58.39491525423709
1779760245,58.13898305084815
1779760260,58.37288135593245
1779760275,58.30932203389856
1779760290,58.19406779660914
1779760305,58.567796610169985
1779760320,58.47288135593186
1779760335,58.724576271186194
1779760350,58.73305084745911
1779760365,57.875423728815434
1779760380,57.56779661016851
1779760395,57.840677966103286
1779760410,58.31271186440772
1779760425,58.29491525423644
1779760440,58.268644067795975
1779760455,57.92457627118599
1779760470,57.94491525423729
1779760485,57.733898305083066
1779760500,57.75932203389934
1779760515,57.81016949152572
1779760530,57.41949152542398
1779760545,57.15000000000083
1779760560,57.08644067796694
1779760575,57.42627118644108
1779760590,57.36215347692395
1779760605,57.08728813559485
1779760620,56.988135593219646
1779760635,56.789830508472946
1779760650,56.78474576271291
1779760665,56.797457627119186
1779760680,56.627966101695456
1779760695,56.51694915254064
1779760710,56.40762711864289
1779760725,56.3717381134777
1779760740,56.499152542371846
1779760755,56.77118644067871
1779760770,56.46271186440634
1779760785,56.25762711864254
1779760800,56.225423728815336
1779760815,56.140677966101
1779760830,56.29152542372926
1779760845,56.34322033898355
1779760860,56.11271186440594
1779760875,56.094915254237144
1779760890,55.78644067796476
1779760905,55.847457627118644
1779760920,55.84830508474532
1779760935,56.09491525423837
1779760950,56.09576271186382
1779760965,56.03898305084948
1779760980,56.11355932203386
1779760995,56.31864406779519
1779761010,56.110169491525916
1779761025,55.85423728813451
1779761040,55.943220338982215
1779761055,55.77711864406765
1779761070,55.96864406779724
1779761085,55.99915254237234
1779761100,55.940677966100964
1779761115,55.87627118644162
1779761130,55.83559322033903
1779761145,56.075423728815
1779761160,55.92796610169467
1779761175,56.11355932203386
1779761190,56.06101694915166
1779761205,55.94661016949014
1779761220,55.771186440677226
1779761235,55.534745762710436
1779761250,55.36186440677877
1779761265,55.22457627118595
1779761280,55.100000000001884
1779761295,55.07627118644018
1779761310,55.22966101694846
1779761325,55.53050847457459
1779761340,55.58898305084845
1779761355,55.96864406779603
1779761370,55.85254237288115
1779761385,55.9030908684105
1779761400,56.355084745763165
1779761415,56.509322033898115
1779761430,56.5364406779665
1779761445,56.64406779660845
1779761460,56.80762711864422
1779761475,56.59067796610328
1779761490,56.91694915254322
1779761505,56.8771186440673
1779761520,56.86779661017019
1779761535,56.86779661016895
1779761550,56.887288135593565
1779761565,57.01355932203469
1779761580,56.79830508474463
1779761595,56.7457627118649
1779761610,56.8627118644052
1779761625,56.57796610169452
1779761640,56.44576271186421
1779761655,56.21525423728908
1779761670,56.51016949152602
1779761685,56.471186440679254
1779761700,56.54237288135568
1779761715,56.17203389830523
1779761730,56.16694915254272
1779761745,56.351694915253994
1779761760,56.18898305084736
1779761775,56.150847457627265
1779761790,56.57372881355991
1779761805,56.731355932202796
1779761820,56.827966101695516
1779761835,57.06101694915313
1779761850,56.9995627074191
1779761865,57.0822033898311
1779761880,57.02457627118762
1779761895,57.044067796609774
1779761910,56.95762711864333
1779761925,56.882203389831055
1779761940,57.436440677964875
1779761955,57.35932203390048
1779761970,57.233608363445356
1779761985,57.41355932203478
1779762000,57.206779661015176
1779762015,57.22288135593063
1779762030,57.490677966100414
1779762045,57.39237288135682
1779762060,57.20762711864431
1779762075,57.22796610169561
1779762090,56.97881355932376
1779762105,57.03135593220225
1779762120,56.884745762712306
1779762135,56.93305084745744
1779762150,56.965254237288335
1779762165,56.74152542372659
1779762180,56.80254237288417
1779762195,56.93559322033992
1779762210,56.978813559322525
1779762225,56.875423728815186
1779762240,56.721186440680235
1779762255,56.503389830507686
1779762270,56.78050847457583
1779762285,56.6389830508484
1779762300,56.78220338983287
1779762315,56.875423728815186
1779762330,56.78135593220127
1779762345,56.93220338983199
1779762360,56.97796610169339
1779762375,56.90932203389944
1779762390,56.907627118643624
1779762405,56.84152542372847
1779762420,56.76724225598397
1779762435,56.81694915254134
1779762450,56.47203389830469
1779762465,56.849999999998914
1779762480,56.97711864406795
1779762495,56.916101694917764
1779762510,56.861864406780995
1779762525,56.88135593220191
1779762540,56.7813559322025
1779762555,56.57118644068113
1779762570,56.60932203389875
1779762585,56.56610169491367
1779762600,56.50423728813683
1779762615,56.38559322033825
1779762630,55.99152542372856
1779762645,56.403389830508274
1779762660,56.4906779661014
1779762675,57.01610169491471
1779762690,56.97457627118916
1779762705,57.279661016951124
1779762720,57.485593220339126
1779762735,57.62711864406656
1779762750,57.564406779659336
1779762765,57.66186440677872
1779762780,57.73389830508553
1779762795,57.783898305084016
1779762810,57.66779661016914
1779762825,57.61271186440816
1779762840,57.74491525423847
1779762855,57.84689595324502
1779762870,58.027966101692094
1779762885,57.9525423728823
1779762900,58.007064358886595
1779762915,58.39830508474749
1779762930,58.25593220338968
1779762945,57.97542372881483
1779762960,58.0737288135609
1779762975,57.68898305084957
1779762990,57.730508474577604
1779763005,57.27881355932322
1779763020,57.59576271186357
1779763035,57.45932203389742
1779763050,57.42796610169072
1779763065,57.51949152542708
1779763080,57.43644067796857
1779763095,57.44915254237486
1779763110,57.46525423729154
1779763125,57.70847457626927
1779763140,57.774576271183186
1779763155,57.36694915254178
1779763170,57.206779661017634
1779763185,57.390677966102245
1779763200,57.56440677966057
1779763215,57.37259235655958
1779763230,57.29491525423867
1779763245,57.154237288131746
1779763260,56.94576271186249
1779763275,56.717796610172314
1779763290,56.68135593220063
1779763305,56.85593220338934
1779763320,56.460169491526315
1779763335,56.368644067797355
1779763350,56.37148222724224
1779763365,56.30762711863855
1779763380,56.90029220140496
1779763395,57.18389830508386
1779763410,57.444915254237785
1779763425,57.37881355932263
1779763440,57.37372881355765
1779763455,57.885593220337995
1779763470,58.010169491529474
1779763485,58.05508474576173
1779763500,57.93559322033277
1779763515,58.08135593220467
1779763530,58.251694915256316
1779763545,58.327118644066125
1779763560,58.366949152538325
1779763575,58.511016949149486
1779763590,58.63220338982686
1779763605,58.64999999999812
1779763620,58.77203389830588
1779763635,59.118644067794634
1779763650,58.854237288141405
1779763665,58.76525423728754
1779763680,58.251694915253836
1779763695,58.39661016949045
1779763710,58.32542372881031
1779763725,58.44322033898591
1779763740,58.20762711864455
1779763755,58.027118644065425
1779763770,58.05593220338964
1779763785,57.45254237288402
1779763800,57.55508474576222
1779763815,57.534745762712156
1779763830,57.932203389828544
1779763845,57.724576271185946
1779763860,57.69576271186174
1779763875,57.797457627121894
1779763890,57.898305084746745
1779763905,57.86271186440668
1779763920,57.65000000000404
1779763935,57.54661016949301
1779763950,57.64322033898325
1779763965,57.2805084745741
1779763980,57.171186440680046
1779763995,56.918351988825755
1779764010,56.92796610169738
1779764025,56.921186440676586
1779764040,56.95000000000079
1779764055,56.72372881355903
1779764070,57.08305084745901
1779764085,57.25423728813609
1779764100,57.31779661016751
1779764115,57.34745762711471
1779764130,57.21949152542639
1779764145,57.32711864406957
1779764160,56.791525423732466
1779764175,56.936440677971525
1779764190,56.85254237288264
1779764205,56.803389830510845
1779764220,56.817796610170475
1779764235,56.85762711864268
1779764250,57.01355932203469
1779764265,57.0186440677972
1779764280,57.19661016949015
1779764295,57.54067796610505
1779764310,57.657627118642885
1779764325,57.47372881355952
1779764340,57.454237288134905
1779764355,57.24237288135772
1779764370,57.37118644067639
1779764385,57.293220338982856
1779764400,57.01101694915343
1779764415,57.33898305084794
1779764430,57.42542372881809
1779764445,57.40593220338855
1779764460,57.36864406779514
1779764475,57.435593220340664
1779764490,57.611864406780256
1779764505,57.761864406779374
1779764520,57.81694915254158
1779764535,58.077118644067596
1779764550,58.010169491526995
1779764565,58.115254237286464
1779764580,58.21610169491625
1779764595,58.010169491526995
1779764610,58.239830508473
1779764625,58.42033898305213
1779764640,58.47542372881682
1779764655,58.57118644067669
1779764670,58.63389830508514
1779764685,58.57033898304631
1779764700,58.696610169488665
1779764715,58.10084745762929
1779764730,58.015817056386524
1779764745,58.22372881356248
1779764760,58.68559322034066
1779764775,58.4915254237298
1779764790,58.01864406779869
1779764805,58.19491525423581
1779764820,57.94152542372812
1779764835,57.86610169491585
1779764850,57.67966101694876
1779764865,57.79661016949152
1779764880,57.658474576268326
1779764895,57.36525423728597
1779764910,56.898305084745274
1779764925,56.746610169492804
1779764940,56.53135593220645
1779764955,56.64915254236973
1779764970,56.63135593220092
1779764985,56.72428287648964
1779765000,56.67372881355932
1779765015,57.01016949152306
1779765030,56.756193304316874
1779765045,56.41949152542374
1779765060,56.26271186440629
1779765075,56.488983050850514
1779765090,56.794915254239164
1779765105,57.12203389830578
1779765120,57.06271186440648
1779765135,56.969491525422946
1779765150,56.63050847457796
1779765165,56.631355932203384
1779765180,56.5364406779665
1779765195,56.55169491525898
1779765210,56.5796610169528
1779765225,56.55762711864447
1779765240,56.31101694915264
1779765255,56.2855932203376
1779765270,56.314406779664274
1779765285,56.14915254237268
1779765300,56.12966101694808
1779765315,56.08898305084795
1779765330,56.24152542372832
1779765345,56.383898305083655
1779765360,55.990677966099426
1779765375,56.06016949152621
1779765390,55.60762711864269
1779765405,55.526271186437526
1779765420,55.57542372880933
1779765435,55.70847457627247
1779765450,55.74152542372881
1779765465,55.68050847457864
1779765480,55.66779661016742
1779765495,55.855084745764884
1779765510,55.995762711864415
1779765525,56.05847457626793
1779765540,56.398305084743306
1779765555,56.483898305088
1779765570,56.45508474576133
1779765585,56.37203389830282
1779765600,56.328813559321446
1779765615,56.193220338981966
1779765630,56.12796610169719
1779765645,56.2177966101691
1779765660,56.64745762711885
1779765675,56.53983050847566
1779765690,56.71440677965944
1779765705,56.708474576271485
1779765720,56.81186440677759
1779765735,56.87457627118604
1779765750,56.945762711863715
1779765765,56.709322033896925
1779765780,56.75254237288077
1779765795,56.672881355936354
1779765810,56.559322033895356
1779765825,56.316949152540595
1779765840,56.50169491525434
1779765855,56.583898305084944
1779765870,56.75508474576202
1779765885,56.58474576271285
1779765900,56.861864406782225
1779765915,56.95338983050996
1779765930,57.20423728813885
1779765945,57.05338983050936
1779765960,56.98135593220379
1779765975,56.63644067796591
1779765990,56.60128880045405
1779766005,56.31355932203637
1779766020,56.17118644067609
1779766035,56.14152542372891
1779766050,56.4194915254262
1779766065,56.57711864406908
1779766080,56.572033898306564
1779766095,56.47542372881139
1779766110,56.63305084745674
1779766125,56.46779661017503
1779766140,56.17203389830647
1779766155,55.856779661015764
1779766170,55.693220338977525
1779766185,55.63559322033898
1779766200,55.43983050847478
1779766215,55.39999999999763
1779766230,55.16864406779336
1779766245,55.12457627118901
1779766260,55.245762711866384
1779766275,55.5161016949125
1779766290,55.38389830508464
1779766305,55.583050847458026
1779766320,55.772033898303896
1779766335,55.66694915254444
1779766350,55.68305084745744
1779766365,55.49915254237654
1779766380,55.59830508474557
1779766395,55.473728813559035
1779766410,55.41271186440638
1779766425,55.24745762711727
1779766440,55.5872881355951
1779766455,55.715254237288335
1779766470,55.716101694918706
1779766485,55.6516949152569
1779766500,55.54661016949252
1779766515,55.55338983050837
1779766530,55.587288135590164
1779766545,55.21186440677967
1779766560,55.1378314429279
1779766575,55.34661016949123
1779766590,55.39322033898178
1779766605,55.438983050844406
1779766620,55.02581382183776
1779766635,55.22203389830715
1779766650,55.305084745760745
1779766665,55.53728813559293
1779766680,55.62118644067935
1779766695,55.722033898301724
1779766710,55.736440677961376
1779766725,56.12203389830677
1779766740,55.97966101695142
1779766755,56.06779661016752
1779766770,55.98644067796729
1779766785,55.90084745762505
1779766800,55.76525423728804
1779766815,56.14830508474724
1779766830,56.15677966101893
1779766845,56.13135593220389
1779766860,55.96779661016811
1779766875,55.800847457625636
1779766890,55.694915254238275
1779766905,55.47372881355657
1779766920,55.416101694915554
1779766935,55.15254237288036
1779766950,54.98898305084706
1779766965,55.08728813559313
1779766980,54.929661016950234
1779766995,54.946610169488665
1779767010,54.57796610169403
1779767025,54.61186440678322
1779767040,54.70762711864061
1779767055,54.63220338982834
1779767070,55.1864406779671
1779767085,55.119491525424024
1779767100,54.9355932203382
1779767115,54.80169491525453
1779767130,55.01694915254336
1779767145,54.98474576271
1779767160,55.005932203392895
1779767175,54.864406779663
1779767190,54.888135593219744
1779767205,54.872033898304295
1779767220,54.747457627117754
1779767235,55.01610169491792
1779767250,55.09661016949271
1779767265,54.97966101694748
1779767280,54.67288135593339
1779767295,54.71694915254021
1779767310,54.89661016949143
1779767325,54.9474576271215
1779767340,54.8542372881355
1779767355,54.94491525423778
1779767370,54.995762711865396
1779767385,55.15000000000158
1779767400,55.126271186439894
1779767415,55.11440677966151
1779767430,55.13898305084618
1779767445,55.166949152544944
1779767460,55.12118644067985
1779767475,55.46271186440362
1779767490,55.87457627118704
1779767505,55.99661016948985
1779767520,56.12542372881346
1779767535,56.22542372881287
1779767550,56.13644067796639
1779767565,56.09999999999842
1779767580,56.409322033898704
1779767595,56.34915254237397
1779767610,56.08728813559214
1779767625,55.990677966099426
1779767640,55.82966101694984
1779767655,55.581355932202214
1779767670,55.44491525423483
1779767685,55.396610169490934
1779767700,55.455084745759855
1779767715,55.45084745762525
1779767730,55.61271186440767
1779767745,55.47796610169363
1779767760,55.43898305084933
1779767775,54.98305084745417
1779767790,55.0881355932235
1779767805,54.98389830508701
1779767820,54.968644067797
1779767835,54.91525423728567
1779767850,55.05084745762762
1779767865,55.062711864408456
1779767880,55.288679923254016
1779767895,55.310169491528185
1779767910,55.50677966101537
1779767925,55.68813559321748
1779767940,55.849152542371996
1779767955,56.02627118644197
1779767970,56.16271186440688
1779767985,56.05169491525454
1779768000,55.68898305084785
1779768015,55.8322033898311
1779768030,55.95932203389889
1779768045,56.07203389830213
1779768060,56.133898305082674
1779768075,56.077118644067106
1779768090,56.18728813559154
1779768105,55.912711864403434
1779768120,56.103389830510054
1779768135,56.048305084745365
1779768150,55.97343032834041
1779768165,55.895762711860066
1779768180,55.6016949152498
1779768195,55.55254237287801
1779768210,55.4110169491555
1779768225,55.720338983050844
1779768240,55.37711864406878
1779768255,55.91016949152217
1779768270,55.92033898305213
1779768285,56.03220338982992
1779768300,56.24576271186786
1779768315,56.214406779662404
1779768330,55.99322033898315
1779768345,56.24406779660958
1779768360,56.17966101695024
1779768375,56.0864406779667
1779768390,56.09745762711963
1779768405,56.16355932203232
1779768420,55.80762711864398
1779768435,56.07796610169502
1779768450,56.10762711864219
1779768465,56.57881355931996
1779768480,56.83644067796718
1779768495,57.03813559321935
1779768510,56.79745762712043
1779768525,56.74661016949034
1779768540,56.7813559322025
1779768555,57.02033898305302
1779768570,57.03389830508474
1779768585,57.22372881355853
1779768600,57.78050847457854
1779768615,59.005932203388944
1779768630,59.18983050847477
1779768645,59.29067796610209
1779768660,59.68305084745842
1779768675,59.7127118644056
1779768690,60.013559322034205
1779768705,60.53474576271167
1779768720,60.68559322033869
1779768735,60.8033898305069
1779768750,60.62881355932066
1779768765,60.608474576275526
1779768780,60.53728813559539
1779768795,60.45111558565765
1779768810,60.593220338983045
1779768825,60.839830508474876
1779768840,60.51101694915491
1779768855,60.36694915254375
1779768870,60.17881355932085
1779768885,60.233898305085546
1779768900,59.502542372884214
1779768915,59.014406779660625
1779768930,58.80254237288342
1779768945,58.432203389830505
1779768960,58.388983050846676
1779768975,58.53135593220448
1779768990,58.511864406779864
1779769005,58.484745762711476
1779769020,58.565254237288734
1779769035,58.48644067796729
1779769050,58.55169491525207
1779769065,58.515254237291494
1779769080,58.29322033898187
1779769095,58.43474576271177
1779769110,58.42627118643762
1779769125,58.69067796610318
1779769140,58.74830508474665
1779769155,58.64915254237022
1779769170,58.87711864406779
1779769185,58.641525423728915
1779769200,58.48474576271641
1779769215,58.44661016949014
1779769230,58.60847457627256
1779769245,58.85338983051104
1779769260,58.71864406779454
1779769275,58.94830508474547
1779769290,59.04152542373148
1779769305,58.99322033898513
1779769320,59.06694915254158
1779769335,58.959322033898395
1779769350,58.98305084745763
1779769365,59.259322033899096
1779769380,59.50084745763087
1779769395,59.57118644067816
1779769410,59.5453266576954
1779769425,59.58983050847241
1779769440,59.89322033898473
1779769455,59.86186440678174
1779769470,60.02881355932173
1779769485,60.08559322033731
1779769500,60.288135593222314
1779769515,60.11694915254277
1779769530,60.12118644067738
1779769545,60.08389830508889
1779769560,59.8627118644047
1779769575,59.90677966102139
1779769590,60.34237288135908
1779769605,60.658474576270294
1779769620,60.74491525423551
1779769635,60.902542372880866
1779769650,61.0271186440674
1779769665,61.027118644064934
1779769680,61.0618644067771
1779769695,60.86610169491535
1779769710,60.604237288133525
1779769725,61.737288135593225
1779769740,61.3135593220339
1779769755,61.28559322033513
1779769770,61.25084745763038
1779769785,61.186440677966104
1779769800,60.911864406780445
1779769815,60.914406779664176
1779769830,60.807627118641506
1779769845,60.50593220338993
1779769860,60.55847457626843
1779769875,60.53389830508622
1779769890,60.74576271186589
1779769905,60.70423728813292
1779769920,60.412711864408855
1779769935,60.03305084745881
1779769950,59.86186440677926
1779769965,59.33685420148378
1779769980,59.02881355932519
1779769995,59.176271186438115
1779770010,58.595762711861354
1779770025,57.86864406779464
1779770040,58.19406779661036
1779770055,58.05423728813628
1779770070,57.93644067796808
1779770085,58.04661016949251
1779770100,58.33813559321905
1779770115,58.376271186440384
1779770130,58.62288135593221
1779770145,58.88305084745822
1779770160,58.98135593220428
1779770175,58.20593220338874
1779770190,57.82542372881326
1779770205,57.94999999999734
1779770220,58.239830508473
1779770235,58.7991525423718
1779770250,58.600847457623864
1779770265,58.82881355932391
1779770280,59.095608549010706
1779770295,59.54688442790417
1779770310,59.52881355931976
1779770325,59.461291787853476
1779770340,59.31440677966131
1779770355,59.63050847457498
1779770370,59.840950230843035
1779770385,59.695762711864695
1779770400,59.47118644067876
1779770415,59.473728813560015
1779770430,59.427118644067
1779770445,59.17881355932184
1779770460,59.08813559322201
1779770475,58.928813559320844
1779770490,58.66271186440688
1779770505,58.54237288135495
1779770520,58.116101694919294
1779770535,58.20932203389791
1779770550,58.3144067796623
1779770565,58.00338983050868
1779770580,57.71101694915175
1779770595,57.51271186440382
1779770610,57.31779661016751
1779770625,57.2282560796205
1779770640,57.05084745762811
1779770655,57.03135593220102
1779770670,57.01016949152306
1779770685,57.043220338984334
1779770700,57.13389830508662
1779770715,57.10000000000483
1779770730,57.244915254236496
1779770745,57.18474576271178
1779770760,57.17627118644255
1779770775,57.51016949152257
1779770790,57.46045789520062
1779770805,57.561016949152645
1779770820,57.652542372880376
1779770835,57.59067796610229
1779770850,57.283050847460295
1779770865,57.52627118644048
1779770880,57.742372881354754
1779770895,57.89999999999763
1779770910,58.17033898305115
1779770925,58.203389830509956
1779770940,57.963559322031536
1779770955,58.0169491525404
1779770970,58.032203389827956
1779770985,58.099152542371016
1779771000,58.02118644067501
1779771015,58.129235212563366
1779771030,57.8677966101692
1779771045,57.62372881355616
1779771060,57.7228813559326
1779771075,57.68474576271374
1779771090,57.75084745762643
1779771105,57.834745762712856
1779771120,57.87627118644334
1779771135,58.027118644065425
1779771150,58.156779661016955
1779771165,58.386440677967876
1779771180,58.40508474576458
1779771195,58.34406779660948
1779771210,58.23898305084756
1779771225,58.254237288132636
1779771240,58.245762711865886
1779771255,57.98983050847448
1779771270,58.07966101694886
1779771285,57.84830508474458
1779771300,57.92288135593389
1779771315,57.96016949152977
1779771330,57.98050847457983
1779771345,58.05762711864298
1779771360,58.1296610169461
1779771375,58.09661016949468
1779771390,57.95762711864357
1779771405,57.77711864406938
1779771420,57.74999999999852
1779771435,57.782203389831885
1779771450,57.83220338983159
1779771465,57.683898305080895
1779771480,57.82457627118536
1779771495,57.91525423729258
1779771510,57.92966101694728
1779771525,57.93898305084934
1779771540,58.10423728813352
1779771555,58.388983050846676
1779771570,58.18983050847576
1779771585,58.35028237096689
1779771600,58.35338983050906
1779771615,59.34209723455427
1779771630,59.96806801309783
1779771645,59.78305084745783
1779771660,59.839830508475856
1779771675,60.07118644067767
1779771690,60.05169491525305
1779771705,60.13050847457697
1779771720,60.18050847457667
1779771735,60.12711864406533
1779771750,59.86864406780006
1779771765,59.84576271186381
1779771780,59.54237288136136
1779771795,59.69830508474596
1779771810,59.741525423729804
1779771825,59.821186440679156
1779771840,59.827966101695004
1779771855,59.84576271186381
1779771870,60.1771186440675
1779771885,60.116101694917326
1779771900,59.93135593220359
1779771915,58.719911322934415
1779771930,58.77881355932174
1779771945,58.82203389830312
1779771960,58.53644067796453
1779771975,58.36101694915037
1779771990,58.664406779660226
1779772005,58.922033898304996
1779772020,58.78898305084923
1779772035,58.70508474576282
1779772050,58.82288135593349
1779772065,58.66779661016939
1779772080,58.883898305081196
1779772095,59.06949152542285
1779772110,59.120338983050445
1779772125,59.12711864406632
1779772140,58.94576271186668
1779772155,58.798305084746346
1779772170,58.90423728813372
1779772185,59.030508474581
1779772200,58.81610169491269
1779772215,58.70762711864407
1779772230,59.05000000000069
1779772245,58.86101694914988
1779772260,59.19152542373058
1779772275,59.14322033898177
1779772290,58.844636234821536
1779772305,58.90677966101745
1779772320,59.060169491523254
1779772335,59.080508474573314
1779772350,58.920907938360486
1779772365,59.22203389830815
1779772380,58.91949152542373
1779772395,58.87118644067737
1779772410,58.77288135593625
1779772425,58.651694915256414
1779772440,58.72372881355952
1779772455,58.68983050847281
1779772470,58.71271186440905
1779772485,58.484745762711476
1779772500,58.976271186441764
1779772515,59.28559322034451
1779772530,59.18644067796315
1779772545,59.140677966102984
1779772560,59.07457627118535
1779772575,58.955932203391704
1779772590,58.908474576273264
1779772605,58.79067796610505
1779772620,58.768644067796714
1779772635,58.63559322034095
1779772650,58.51525423728903
1779772665,58.55762711864496
1779772680,58.841525423730204
1779772695,58.78644067796305
1779772710,58.53050847457657
1779772725,58.6542372881352
1779772740,58.872033898302824
1779772755,58.880508474572025
1779772770,59.086440677963736
1779772785,59.327552483582714
1779772800,58.63093522984782
1779772815,58.578813559320466
1779772830,58.78559322034007
1779772845,58.70423728813243
1779772860,58.5440677966083
1779772875,58.65254237287938
1779772890,59.01525423729099
1779772905,59.06440677966279
1779772920,59.21990623823987
1779772935,59.35593220338934
1779772950,59.189830508472305
1779772965,58.942372881352576
1779772980,58.71468668008922
1779772995,58.72627118643832
1779773010,59.88728813559431
1779773025,59.98983050847744
1779773040,59.88728813559431
1779773055,59.855084745760934
1779773070,59.922881355931914
1779773085,59.78474576271364
1779773100,59.687288135595495
1779773115,59.75254237288274
1779773130,59.65762711864091
1779773145,60.07430558851039
1779773160,59.91186440677897
1779773175,59.7516949152499
1779773190,60.0711864406826
1779773205,60.55677966102001
1779773220,60.437288135593526
1779773235,60.66440677966318
1779773250,60.74406779661007
1779773265,60.893220338983745
1779773280,60.786440677966006
1779773295,60.64237288135486
1779773310,59.708474576271
1779773325,59.89491525423808
1779773340,59.81101694915165
1779773355,59.989830508474974
1779773370,60.01864406779425
1779773385,60.07288135593842
1779773400,60.40677966101596
1779773415,60.41837571780167
1779773430,60.518644067793744
1779773445,60.472033898305675
1779773460,60.46440677965944
1779773475,60.52796610169827
1779773490,59.90169491525641
1779773505,59.90254237288431
1779773520,60.09067796609982
1779773535,59.87457627118555
1779773550,59.97796610169412
1779773565,60.32542372881573
1779773580,60.38813559322419
1779773595,60.302542372879486
1779773610,60.07627118644265
1779773625,60.06949152542679
1779773640,59.87372881355518
1779773655,59.96694915254612
1779773670,59.74322033898315
1779773685,60.08050847457479
1779773700,60.09549217282621
1779773715,60.30932203389534
1779773730,60.72314763967939
1779773745,60.844067796607014
1779773760,60.84067796609784
1779773775,60.69067796609874
1779773790,60.18898305084834
1779773805,60.31271186440698
1779773820,60.33349491689519
1779773835,60.510169491527
1779773850,60.1771186440675
1779773865,59.87033898305094
1779773880,59.59661016949074
1779773895,59.46949152542294
1779773910,59.45142000962955
1779773925,59.601694915258186
1779773940,59.47796610169709
1779773955,59.6703389830472
1779773970,59.972033898301234
1779773985,59.677966101693436
1779774000,59.0186440677977
1779774015,58.62796610169718
1779774030,58.31355932203193
1779774045,58.1720338983045
1779774060,58.12457627118852
1779774075,58.29067796610061
1779774090,58.49237288135771
1779774105,58.20932203390284
1779774120,58.23050847457834
1779774135,58.27288135592934
1779774150,58.452542372880565
1779774165,58.78728813559589
1779774180,58.865254237291886
1779774195,59.10677966101379
1779774210,59.114406779662495
1779774225,59.06440677966279
1779774240,59.06186440677907
1779774255,58.895762711864506
1779774270,58.41355932203627
1779774285,58.319491525424816
1779774300,58.3923728813583
1779774315,58.40508474576212
1779774330,58.48813559322063
1779774345,58.522881355932796
1779774360,58.48559322033691
1779774375,58.43050847457716
1779774390,58.54491525423373
1779774405,58.46525423728932
1779774420,58.64576271186846
1779774435,58.58389830508297
1779774450,58.2644067796626
1779774465,58.175423728813655
1779774480,58.049999999999216
1779774495,58.159322033898206
1779774510,57.97881355932402
1779774525,57.97542372880991
1779774540,57.59661016949271
1779774555,57.802542372879486
1779774570,57.703389830510446
1779774585,57.86525423729041
1779774600,57.807627118642
1779774615,57.77033898305351
1779774630,57.675423728811694
1779774645,57.619491525424024
1779774660,57.40423728814012
1779774675,57.442372881356526
1779774690,57.362711864412105
1779774705,57.33644067796669
1779774720,57.32966101695083
1779774735,57.35762711864466
1779774750,57.508474576274146
1779774765,57.550847457625146
1779774780,57.39491525423808
1779774795,57.19462504830493
1779774810,57.092372881356134
1779774825,56.994915254237974
1779774840,57.32033898305124
1779774855,57.15000000000208
1779774870,57.30762711864249
1779774885,57.57372881355893
1779774900,57.53983050847468
1779774915,57.504237288139535
1779774930,57.44237288135405
1779774945,57.47711864407115
1779774960,57.64322033898325
1779774975,57.69322033898049
1779774990,57.822881355929546
1779775005,57.74915254237308
1779775020,57.77542372881604
1779775035,57.85254237288166
1779775050,58.02542372881702
1779775065,58.00169491525533
1779775080,58.18813559321995
1779775095,58.12627118643693
1779775110,58.10677966101725
1779775125,58.382203389833265
1779775140,58.35564986881317
1779775155,58.83898305084894
1779775170,58.76073736092919
1779775185,59.01525423729099
1779775200,58.938983050845884
1779775215,59.677966101695915
1779775230,59.98135593220329
1779775245,60.30762711864446
1779775260,60.23559322033889
1779775275,60.30084745762614
1779775290,59.944915254232846
1779775305,59.82457627118338
1779775320,59.8296610169459
1779775335,59.75932203389613
1779775350,59.7593220338986
1779775365,59.98559322034036
1779775380,60.157627118642885
1779775395,60.24518477840948
1779775410,60.73983050847793
1779775425,60.97796610169808
1779775440,61.0694915254258
1779775455,61.04661016949202
1779775470,60.78983050847271
1779775485,60.653389830507784
1779775500,60.538983050848735
1779775515,60.232203389827255
1779775530,60.20000000000129
1779775545,60.22457627118348
1779775560,60.43135593219816
1779775575,60.56525423728676
1779775590,60.79875388563215
1779775605,60.99915254237111
1779775620,61.11779661016969
1779775635,61.166949152541484
1779775650,61.26440677966457
1779775665,60.930508474574694
1779775680,61.00338983050818
1779775695,60.76864406779967
1779775710,60.1135593220336
1779775725,59.52881355931976
1779775740,59.48050847457834
1779775755,59.3415254237297
1779775770,59.13135593219846
1779775785,59.33728813559509
1779775800,59.48135593220378
1779775815,59.41355932203282
1779775830,59.468644067797506
1779775845,59.284745762711665
1779775860,59.12796610169423
1779775875,59.15593220339053
1779775890,59.12627118643841
1779775905,58.851694915252764
1779775920,58.73474576271246
1779775935,58.57203389830706
1779775950,58.70508474576282
1779775965,58.720338983047895
1779775980,58.51864406779572
1779775995,58.75932203389712
1779776010,58.77033898305007
1779776025,59.19491525423729
1779776040,59.52966101695014
1779776055,59.910169491523156
1779776070,59.822033898304596
1779776085,59.739830508476444
1779776100,59.47627118643881
1779776115,59.476271186441274
1779776130,59.3940677966082
1779776145,59.42118644068398
1779776160,59.343220338980586
1779776175,59.03362056692205
1779776190,58.86610169491486
1779776205,59.08050847457824
1779776220,59.07711864406908
1779776235,59.10677966101873
1779776250,59.06694915254158
1779776265,59.03559322033859
1779776280,59.06440677966279
1779776295,59.04067796610604
1779776310,58.968644067797996
1779776325,58.60762711864219
1779776340,58.39067796610249
1779776355,58.41101694915254
1779776370,58.58898305084549
1779776385,58.499152542376045
1779776400,58.54406779661077
1779776415,58.51271186440776
1779776430,58.79576271186263
1779776445,58.61949152542304
1779776460,58.60169491525671
1779776475,58.94067796609923
1779776490,58.71779661017156
1779776505,58.547457627119925
1779776520,58.368644067794136
1779776535,58.52033898304907
1779776550,58.4449152542368
1779776565,58.69576271186323
1779776580,58.838983050851404
1779776595,58.82457627118931
1779776610,58.57711864406464
1779776625,58.79322033898384
1779776640,58.45338983050847
1779776655,58.52033898305153
1779776670,58.290677966103075
1779776685,58.383898305084145
1779776700,58.50254237288027
1779776715,58.571186440679156
1779776730,58.44067796610219
1779776745,58.69067796610318
1779776760,58.88559322033948
1779776775,59.45169491525167
1779776790,60.12457627118407
1779776805,60.17118644067708
1779776820,60.116949152540315
1779776835,60.4186440677968
1779776850,60.388135593219246
1779776865,60.29210367527767
1779776880,60.362980589962014
1779776895,60.532203389825476
1779776910,60.59406779661343
1779776925,60.580241221977346
1779776940,60.42711864406603
1779776955,60.5067796610129
1779776970,60.64491525423611
1779776985,60.40847457626685
1779777000,60.1098990501596
1779777015,60.134745762711574
1779777030,59.92372881355982
1779777045,59.85338983050759
1779777060,59.637561779242276
1779777075,58.79576271186756
1779777090,58.489830508473986
1779777105,58.46779661016811
1779777120,58.564406779660814
1779777135,58.480508474576865
1779777150,58.244915254240446
1779777165,58.202542372884515
1779777180,57.98135593220527
1779777195,58.120764873578146
1779777210,58.228388763273585
1779777225,58.48389830508356
1779777240,58.436440677965116
1779777255,58.39830508474873
1779777270,58.51694915253991
1779777285,58.703389830509465
1779777300,58.69745762711904
1779777315,58.71610169491574
1779777330,58.66949152542274
1779777345,58.688983050847355
1779777360,58.61016949152344
1779777375,58.62288135593221
1779777390,58.706779661016164
1779777405,58.9550847457638
1779777420,58.64406779661018
1779777435,58.5406779661016
1779777450,58.69576271186816
1779777465,58.60000000000336
1779777480,58.57372881356041
1779777495,58.76949152542461
1779777510,58.59661016948926
1779777525,58.71949152542244
1779777540,58.684745762710286
1779777555,58.7042372881349
1779777570,58.976271186441764
1779777585,58.885314476708814
1779777600,58.76158482430014
1779777615,58.994915254240944
1779777630,58.91722767981491
1779777645,58.79067796610258
1779777660,58.8983050847433
1779777675,58.93474576270881
1779777690,58.90847457626833
1779777705,58.76864406779918
1779777720,58.813559322033896
1779777720,58.813559322033896
1779777735,59.257627118643285
1779777750,59.05254237287948
1779777765,59.019491525428066
1779777780,59.008474576270196
1779777795,58.95423728813589
1779777810,59.053389830507385
1779777825,59.10847457627207
1779777840,59.186440677965614
1779777855,58.83050847457479
1779777870,58.68983050847527
1779777885,58.68728813559401
1779777900,58.611016949156294
1779777915,58.56101694915166
1779777930,58.296610169488574
1779777945,58.3394068414258
1779777960,58.06186440678005
1779777975,58.001694915252855
1779777990,58.03092912809195
1779778005,57.981355932202796
1779778020,57.868644067797106
1779778035,57.95254237288353
1779778050,57.905084745762615
1779778065,57.98813559321619
1779778080,58.042372881357906
1779778095,58.16355932203281
1779778110,58.082203389832586
1779778125,57.96271186440363
1779778140,58.01440677966161
1779778155,58.14745762711736
1779778170,57.96610169491525
1779778185,58.05084745762712
1779778200,58.08559322034175
1779778215,58.07288135593299
1779778230,58.23389830508504
1779778245,58.276271186438514
1779778260,58.60084745762879
1779778275,58.70677966101863
1779778290,58.938135593220444
1779778305,59.0186440677977
1779778320,58.96101694915669
1779778335,58.96271186440757
1779778350,59.161864406778484
1779778365,59.445762711863715
1779778380,59.49322033898463
1779778395,59.41186440677699
1779778410,59.48389830508258
1779778425,59.774576271183676
1779778440,60.01525423728755
1779778455,60.24322033898266
1779778470,60.64661016949192
1779778485,60.795762711863134
1779778500,61.025423728814054
1779778515,61.3135593220339
1779778530,61.439830508476255
1779778545,61.86271186440767
1779778560,61.9864406779663
1779778575,62.46186440677868
1779778590,62.72542372881386
1779778605,63.01949152542659
1779778620,63.22881355932006
1779778635,63.321186440680634
1779778650,63.70593220339072
1779778665,63.95677966101715
1779778680,64.32457627118387
1779778695,64.59152542372823
1779778710,64.95423728813736
1779778725,65.88389830508416
1779778740,67.6177966101682
1779778755,68.93474576271375
1779778770,70.2127118644051
1779778785,71.79067796609962
1779778800,72.14830508474626
1779778815,72.9076271186414
1779778830,73.10677966101477
1779778845,73.31271186440648
1779778860,73.7025423728865
1779778875,73.7822033898309
1779778890,74.50338983050719
1779778905,74.55169491525602
1779778920,74.99406779660957
1779778935,75.29915254237278
1779778950,75.5915254237297
1779778965,76.04915254237328
1779778980,76.32288135593348
1779778995,76.77203389830538
1779779010,77.09237288135367
1779779025,75.90169491525542
1779779040,74.97203389830617
1779779055,73.77542372881011
1779779070,72.76694915253941
1779779085,71.91186440677947
1779779100,72.41760961091252
1779779115,72.11864406780154
1779779130,72.35508474576339
1779779145,72.53135593220053
1779779160,72.3966101694939
1779779175,72.23983050847151
1779779190,72.38135593220389
1779779205,72.11694915254327
1779779220,72.35169491525424
1779779235,72.11949152542205
1779779250,71.96440677965796
1779779265,71.72542372881237
1779779280,71.65423728813718
1779779295,71.85084745762435
1779779310,71.93050847457864
1779779325,72.05677966101854
1779779340,71.97033898304839
1779779355,72.13728813559332
1779779370,72.77457627118812
1779779385,72.82966101695281
1779779400,73.25593220338845
1779779415,74.15762711864635
1779779430,75.27457627119058
1779779445,76.26016949152503
1779779460,77.3305084745738
1779779475,78.4457627118647
1779779490,79.5262711864385
1779779505,80.78728813559391
1779779520,81.63801110515895
1779779535,82.68983050847379
1779779550,83.76260178035055
1779779565,85.1881355932229
1779779580,86.21864406779454
1779779595,86.82618187242095
1779779610,86.83644067796472
1779779625,86.89576271186648
1779779640,87.19830508474348
1779779655,86.90847457626536
1779779670,86.95593220339121
1779779685,86.593220338987
1779779700,85.82796610169403
1779779715,84.98728813559619
1779779730,84.02372881356021
1779779745,83.05677966101754
1779779760,82.08389830508445
1779779775,81.07288135593002
1779779790,79.82118644067668
1779779805,78.62118644068133
1779779820,77.71949152542344
1779779835,77.26779661017275
1779779850,75.79576271186066
1779779865,74.46101694915373
1779779880,73.53135593220202
1779779895,73.36186440678074
1779779910,73.43728813558809
1779779925,73.46694915254267
1779779940,73.54915254237328
1779779955,73.75
1779779970,73.67372881355735
1779779985,73.79152542373296
1779780000,73.66440677966023
1779780015,73.73813559322409
1779780030,73.68135593220111
1779780045,73.5728813559325
1779780060,73.52372881356071
1779780075,73.30593220338815
1779780090,73.61016949152592
1779780105,73.84067796610229
1779780120,73.5881355932225
1779780135,73.44237288136047
1779780150,73.6542372881352
1779780165,73.83050847457726
1779780180,73.67627118644107
1779780195,73.72966101694995
1779780210,73.5550847457637
1779780225,73.55423728813825
1779780240,73.15847457627277
1779780255,72.57966101694934
1779780270,72.33050847457628
1779780285,72.21525423728932
1779780300,71.98220338982922
1779780315,71.99830508474714
1779780330,72.38644067796886
1779780345,72.18559322033474
1779780360,72.11864406779661
1779780375,72.30932203390077
1779780390,72.08644067796818
1779780405,71.9683590002619
1779780420,72.27457627119107
1779780435,72.14322033898375
1779780450,71.98644067796877
1779780465,71.68135593220556
1779780480,71.76101694915245
1779780495,71.65932203389475
1779780510,71.327966101696
1779780525,71.58389830508494
1779780540,71.49999999999852
1779780555,71.94915254237043
1779780570,71.82542372881426
1779780585,71.47542372881632
1779780600,71.25508474576499
1779780615,71.036440677967
1779780630,70.96101694915224
1779780645,70.94745762711558
1779780660,70.72881355932499
1779780675,70.41694915254347
1779780690,70.52118644067501
1779780705,70.27033898304857
1779780720,70.26949152542315
1779780735,70.33983050847536
1779780750,70.5177966101683
1779780765,70.54725794750836
1779780780,70.52627118644
1779780795,70.8898305084721
1779780810,71.2796610169521
1779780825,71.6211864406759
1779780840,71.6118644067763
1779780855,71.75847457627118
1779780870,72.03644067796353
1779780885,72.5355932203376
1779780900,72.54745762711845
1779780915,72.37203389830677
1779780930,72.30762711864742
1779780945,72.44491525423778
1779780960,72.71864406779798
1779780975,72.9025423728789
1779780990,73.03898305084627
1779781005,73.00762711864328
1779781020,72.69830508474546
1779781035,72.47881355932205
1779781050,72.15489596540073
1779781065,72.17457627118674
1779781080,71.99915254237506
1779781095,71.56440677966033
1779781110,71.39576271186205
1779781125,70.9593220338989
1779781140,70.80423728813481
1779781155,70.83220338983111
1779781170,71.01016949152651
1779781185,71.56355932203489
1779781200,72.70677966101715
1779781215,73.75254237288125
1779781230,74.73932556846549
1779781245,75.96949152542393
1779781260,76.18050847457322
1779781275,76.33575365590575
1779781290,76.3881355932232
1779781305,76.61949152542255
1779781320,76.61440677966249
1779781335,77.00254237287929
1779781350,77.60932203389899
1779781365,77.68983050847625
1779781380,77.68305084745792
1779781395,77.96779661017106
1779781410,78.46779661017058
1779781425,78.38898305084913
1779781440,78.59152542373414
1779781455,78.80338983050888
1779781470,78.70169491525365
1779781485,77.8211864406762
1779781500,76.98474576271049
1779781515,76.10593220338883
1779781530,75.54491525423916
1779781545,74.57033898305025
1779781560,74.27881355932371
1779781575,74.14491525423512
1779781590,74.2661016949125
1779781605,74.52457627119009
1779781620,74.61440677965953
1779781635,74.55067491982848
1779781650,74.29067796609716
1779781665,74.45169491525414
1779781680,74.56271186440895
1779781695,74.29406779660879
1779781710,74.42627118644157
1779781725,74.8220338983046
1779781740,74.71186440678015
1779781755,74.77288135593525
1779781770,74.90847457627228
1779781785,74.5144067796626
1779781800,74.69304876642778
1779781815,74.56525423729022
1779781830,74.0940677966075
1779781845,74.12288135593418
1779781860,74.29067796609962
1779781875,74.45677966101665
1779781890,74.55110625993733
1779781905,74.43813559322241
1779781920,74.22372881355903
1779781935,74.25423728813412
1779781950,74.04406779661026
1779781965,73.58117682153856
1779781980,73.69576271186568
1779781995,73.42711864406799
1779782010,73.02966101695162
1779782025,72.67542372881415
1779782040,72.68644067796215
1779782055,72.37033898304847
1779782070,72.36694915254425
1779782085,72.286440677967
1779782100,72.04086751954361
1779782115,71.73813559322113
1779782130,71.63644067796344
1779782145,71.50338983050769
1779782160,71.19152542373355
1779782175,70.79322033898434
1779782190,70.53305084745585
1779782205,70.51440677966161
1779782220,70.45593220339022
1779782235,70.17711864407244
1779782250,70.34426885241436
1779782265,70.27627118644146
1779782280,70.49830508474122
1779782295,71.16610169491358
1779782310,70.97881355932599
1779782325,70.99999999999902
1779782340,70.88155334540302
1779782355,70.78644067796847
1779782370,70.62118644067935
1779782385,70.50084745762494
1779782400,70.70677966101418
1779782415,70.82457627118733
1779782430,70.84067796610279
1779782445,70.9864406779673
1779782460,71.44830508474547
1779782475,71.59322033898454
1779782490,71.70593220339269
1779782505,71.7237288135615
1779782520,71.5406779661011
1779782535,71.64915254237218
1779782550,71.39830508474576
1779782565,71.37796610169325
1779782580,70.47542372881485
1779782595,70.18983050847625
1779782610,70.23559322033888
1779782625,70.39830508474428
1779782640,70.33644067796867
1779782655,70.36355932203212
1779782670,70.53813559322084
1779782685,70.72542372881583
1779782700,70.63728813559234
1779782715,70.9313559322026
1779782730,71.02627118644196
1779782745,70.53220338983041
1779782760,70.03728813559343
1779782775,69.71440677966388
1779782790,69.6313559322029
1779782805,69.58050847457282
1779782820,69.91016949152562
1779782835,69.59152542372821
1779782850,70.19830508474547
1779782865,70.08644067796767
1779782880,70.01525423729001
1779782895,70.29132400897899
1779782910,70.24237288135475
1779782925,70.18728813559501
1779782940,70.06206737581282
1779782955,70.29661016948906
1779782970,70.244915254236
1779782985,70.15169491525492
1779783000,70.03983050847468
1779783015,69.88644067796393
1779783030,69.88220338982933
1779783045,69.94830508474448
1779783060,70.24322033898513
1779783075,70.45169491525809
1779783090,70.55508474576419
1779783105,70.55762711864546
1779783120,70.44067796610268
1779783135,70.55593220338963
1779783150,70.51949152542413
1779783165,70.69491525423828
1779783180,70.61101694915186
1779783195,70.5627118644055
1779783210,70.4593220338994
1779783225,70.46440677966437
1779783240,70.53220338982794
1779783255,70.4771186440682
1779783270,70.63813559322024
1779783285,70.84745762712112
1779783300,70.66779661016989
1779783315,70.97457627118644
1779783330,71.30593220339011
1779783345,71.20084745762574
1779783360,71.68983050847231
1779783375,71.48135593220182
1779783390,71.62627118644333
1779783405,71.77542372881209
1779783420,71.87457627118606
1779783435,71.91610169491408
1779783450,72.0728813559315
1779783465,72.28220338983238
1779783480,72.4076271186419
1779783495,72.71440677965846
1779783510,72.85677966101379
1779783525,72.75762711864722
1779783540,72.86355932203212
1779783555,72.71440677966092
1779783570,72.54152542373049
1779783585,72.67203389830253
1779783600,73.06610169491466
1779783615,72.72881355932054
1779783630,72.8508474576283
1779783645,72.83220338982913
1779783660,72.87711864407125
1779783675,72.90847457626684
1779783690,73.04237288135545
1779783705,73.1330508474602
1779783720,73.29237288135396
1779783735,73.10338983050808
1779783750,73.0067796610203
1779783765,72.9915254237303
1779783780,73.0228813559333
1779783795,72.97457627118693
1779783810,73.20677966101665
1779783825,73.26779661016928
1779783840,73.3627118644062
1779783855,73.41016949152464
1779783870,73.7025423728791
1779783885,73.65593220338855
1779783900,73.61440677966053
1779783915,73.88220338983278
1779783930,74.09322033898206
1779783945,74.23813559322113
1779783960,74.1966101694931
1779783975,73.91525423728912
1779783990,73.97796610169512
1779784005,74.26779661017078
1779784020,74.47881355932253
1779784035,74.67033898304966
1779784050,74.1677966101689
1779784065,74.46677604594107
1779784080,74.62542372881494
1779784095,74.50593220338845
1779784110,74.53983050847764
1779784125,74.51271186440678
1779784140,74.75169491525236
1779784155,74.77881355932074
1779784170,74.5288135593247
1779784185,74.60576003905408
1779784200,74.77457627118862
1779784215,74.47796610169462
1779784230,74.38415880516311
1779784245,74.3194915254263
1779784260,74.38050847457647
1779784275,74.84237288135711
1779784290,74.41440677966072
1779784305,74.52881355931977
1779784320,74.24406779661155
1779784335,74.4500000000008
1779784350,74.32457627118634
1779784365,74.53050847458051
1779784380,74.30084745762466
1779784395,74.1957627118652
1779784410,74.2627118644058
1779784425,74.07542372881326
1779784440,73.72881355932697
1779784455,73.63389830508514
1779784470,73.47288135593556
1779784485,73.34763832109367
1779784500,73.06779661017048
1779784515,72.6686440677983
1779784530,72.21186440677769
1779784545,71.947457627122
1779784560,71.7322033898307
1779784575,71.2381355932241
1779784590,71.10254237288216
1779784605,70.69152542372912
1779784620,70.6516949152569
1779784635,70.62118644068181
1779784650,70.65847457627031
1779784665,70.29152542372901
1779784680,70.48389830508405
1779784695,70.33728813559411
1779784710,70.02627118644048
1779784725,70.44491525423729
1779784740,70.26779661016978
1779784755,70.7474576271217
1779784770,70.92118644068005
1779784785,70.89406779661165
1779784800,71.24322033898167
1779784815,71.44067796609923
1779784830,71.4237288135608
1779784845,71.6347457627101
1779784860,72.23813559321816
1779784875,72.35574478470696
1779784890,72.70762711864258
1779784905,72.5949152542369
1779784920,72.92033898305016
1779784935,72.72457627118841
1779784950,72.48050847457293
1779784965,72.9822033898307
1779784980,72.68983050847626
1779784995,73.04067796610208
1779785010,72.97796610169362
1779785025,72.9671324262241
1779785040,73.11864406779809
1779785055,73.18898305084538
1779785070,73.02542372881456
1779785085,73.00169491525286
1779785100,73.00593220338747
1779785115,73.17966101695073
1779785130,73.06949152542136
1779785145,73.18898305084785
1779785160,72.84812100421148
1779785175,72.74745762711726
1779785190,72.62288135592826
1779785205,72.5389830508443
1779785220,72.55141577710842
1779785235,72.85254237288166
1779785250,72.8644067796625
1779785265,72.7008474576292
1779785280,72.75847457627268
1779785295,72.95677966101813
1779785310,73.23474576271049
1779785325,73.16694915253952
1779785340,73.34576271186529
1779785355,73.31949152542234
1779785370,73.54915254237575
1779785385,73.7025423728791
1779785400,73.31016949152769
1779785415,73.40593220338756
1779785430,73.03220338983041
1779785445,72.73728813559717
1779785460,72.84576271186579
1779785475,72.37203389830677
1779785490,72.4601694915278
1779785505,72.33813559322004
1779785520,72.20762711864555
1779785535,72.00932203389762
1779785550,72.39406779660771
1779785565,72.145762711865
1779785580,72.03559322034056
1779785595,71.51186440678184
1779785610,70.87288135593614
1779785625,71.13559322033602
1779785640,70.63644067796196
1779785655,70.45508474575985
1779785670,70.33389830508494
1779785685,70.64067796610642
1779785700,70.47627118644029
1779785715,71.14830508474478
1779785730,71.20932203390235
1779785745,71.36460091796283
1779785760,71.72711864406818
1779785775,71.5898305084729
1779785790,71.76496710136173
1779785805,71.73389830508899
1779785820,71.46440677966092
1779785835,72.10677966101824
1779785850,71.98135593220378
1779785865,72.21355932203105
1779785880,72.32542372881376
1779785895,72.50169491525335
1779785910,72.55084745762761
1779785925,72.31779661016999
1779785940,72.08813559321905
1779785955,72.43389830508484
1779785970,72.50762711864131
1779785985,72.87966101695005
1779786000,72.66610169491703
1779786015,72.90593220339052
1779786030,73.4313559322026
1779786045,74.43830889282314
1779786060,75.4991525423716
1779786075,76.911864406777
1779786090,77.97033898304986
1779786105,79.37288135592776
1779786120,80.37966101695004
1779786135,79.57542372881522
1779786150,79.84491525423837
1779786165,80.00254237288125
1779786180,80.07033898304977
1779786195,80.31016949152325
1779786210,80.25508474576597
1779786225,80.40593220338805
1779786240,80.41271186440639
1779786255,80.29661016949152
1779786270,80.29915254237278
1779786285,79.7516949152573
1779786300,79.75698552217906
1779786315,79.48644067796383
1779786330,78.76694915254336
1779786345,77.7550847457635
1779786360,76.6999999999998
1779786375,75.66610169491408
1779786390,74.3533898305056
1779786405,73.01168143512659
1779786420,72.44830508474448
1779786435,72.9855932203374
1779786450,72.93305084745644
1779786465,72.87457627118752
1779786480,72.76355932203518
1779786495,72.85762711864416
1779786510,73.09830508474803
1779786525,73.22711864406918
1779786540,73.15762711864733
1779786555,73.47288135593062
1779786570,73.39237288135337
1779786585,73.90745022000277
1779786600,74.1028057341768
1779786615,74.26101694915491
1779786630,74.01186440677935
1779786645,74.302542372878
1779786660,74.15084745763293
1779786675,73.82355134611043
1779786690,74.25169491525531
1779786705,74.4644067796629
1779786720,74.4076271186424
1779786735,73.83983050847685
1779786750,73.66694915254148
1779786765,73.97966101694846
1779786780,73.70762711864161
1779786795,73.28625956786138
1779786810,73.01101694915491
1779786825,72.92118644068053
1779786840,72.67645643080031
1779786855,72.73644067796432
1779786870,72.21610169491723
1779786885,71.94576271186371
1779786900,71.88813559322271
1779786915,71.64067796610053
1779786930,71.5686440677974
1779786945,71.2432203389866
1779786960,71.46440677965845
1779786975,71.39745762712032
1779786990,71.47372881356051
1779787005,71.39406779660868
1779787020,71.57711864406662
1779787035,71.44576271186422
1779787050,71.43983050847379
1779787065,71.60508474576044
1779787080,71.99237288135672
1779787095,71.99745762711677
1779787110,72.60169491525275
1779787125,72.46271186440659
1779787140,72.687288135595
1779787155,72.53644067797045
1779787170,72.62796610169325
1779787185,72.22288135593062
1779787200,72.1711864406751
1779787215,72.38559322033848
1779787230,72.42627118644107
1779787245,72.60593220338735
1779787260,72.43983050847773
1779787275,72.64830508474823
1779787290,72.93305084745892
1779787305,73.7042372881349
1779787320,74.57966101694984
1779787335,75.59770578604187
1779787350,76.57372881355991
1779787365,77.91355932203183
1779787380,78.92627118643712
1779787395,79.66355932203874
1779787410,80.76101694915097
1779787425,81.82627118644216
1779787440,83.14830508475019
1779787455,84.56271186440895
1779787470,85.7906779661006
1779787485,86.99067796610585
1779787500,88.03559322033958
1779787515,87.82711864406907
1779787530,88.07550457284859
1779787545,87.72372881356051
1779787560,87.9466101694931
1779787575,87.53728813559341
1779787590,86.99406779661007
1779787605,85.65423728813569
1779787620,84.60847457627405
1779787635,83.38728813559332
1779787650,82.07796610169402
1779787665,80.58050847457676
1779787680,79.51440677966013
1779787695,78.40084745762505
1779787710,77.27627118644442
1779787725,76.09814303825719
1779787740,74.51949152542511
1779787755,73.72983911973557
1779787770,72.60084745762731
1779787785,71.49999999999852
1779787800,70.99661016948986
1779787815,70.82542372881278
1779787830,71.06016949152375
1779787845,71.1322033898318
1779787860,71.27881355931926
1779787875,71.58474576271531
1779787890,72.30084745762909
1779787905,72.64642472152443
1779787920,72.98898305084904
1779787935,73.57372881356041
1779787950,74.04237288135445
1779787965,74.67457627118674
1779787980,75.0457627118651
1779787995,75.44152542373305
1779788010,75.67575354910451
1779788025,75.93898305084885
1779788040,76.34237288135563
1779788055,76.56186440677413
1779788070,77.27796610169038
1779788085,77.55847457627138
1779788100,78.31864406779444
1779788115,78.40338983051124
1779788130,78.99999999999852
1779788145,79.46101694915126
1779788160,79.86440677966299
1779788175,80.20762711864505
1779788190,80.4313559322031
1779788205,80.76355932203222
1779788220,80.91440677965925
1779788235,81.07444796235848
1779788250,81.08474576271334
1779788265,81.31864406779641
1779788280,81.51525423728606
1779788295,81.62372881356208
1779788310,82.0177966101693
1779788325,82.390677966101
1779788340,82.58559322034225
1779788355,82.74491525423848
1779788370,82.95593220338776
1779788385,83.07983308644043
1779788400,83.25254237288175
1779788415,83.29135550530992
1779788430,83.22627118643881
1779788445,83.14322033898523
1779788460,83.08474576271136
1779788475,83.0584745762709
1779788490,82.80508474576074
1779788505,82.8177966101695
1779788520,83.02627118644
1779788535,83.07033898304927
1779788550,83.32966101694737
1779788565,83.13813559322024
1779788580,83.21034023382852
1779788595,83.31949152542235
1779788610,83.17203389830203
1779788625,83.17966101694827
1779788640,82.89661016949094
1779788655,82.76271186440727
1779788670,82.54915254236933
1779788685,82.48474576271245
1779788700,82.25932203389861
1779788715,82.41271186440935
1779788730,82.46525423729031
1779788745,82.3932203389798
1779788760,82.56525423728971
1779788775,82.76440677966555
1779788790,82.76101694915639
1779788805,82.63813559322567
1779788820,82.7627118644048
1779788835,82.92542372881513
1779788850,82.74406779661057
1779788865,82.5228813559313
1779788880,82.51355932203172
1779788895,82.6618644067775
1779788910,82.68220338983001
1779788925,82.84999999999792
1779788940,83.01525423728951
1779788955,83.62711864406681
1779788970,84.40593220338904
1779788985,85.23813559322015
1779789000,86.12457627118802
1779789015,86.7813559322025
1779789030,87.75000000000098
1779789045,88.63474576271305
1779789060,89.41864406779779
1779789075,90.18559322034166
1779789090,91.22542372881287
1779789105,92.1737288135613
1779789120,92.92372881355932
1779789135,93.66016949152316
1779789150,94.59576271186036
1779789165,95.48813559321866
1779789180,96.1983050847494
1779789195,96.98389830508503
1779789210,97.7372881355947
1779789225,98.5406779661016
1779789240,99.27542372881209
1779789255,99.46694915254169
1779789270,99.56525423729268
1779789285,99.61610169491289
1779789300,99.61016949152246
1779789315,99.61186440677828
1779789330,99.5101694915206
1779789345,99.47542372881337
1779789360,99.44152542372665
1779789375,99.43898305084785
1779789390,99.4576271186421
1779789405,99.45762711864457
1779789420,99.45762711864457
1779789435,99.48305084745714
1779789450,99.48220338982676
1779789465,99.40678368282249
1779789480,99.39322033898276
1779789495,99.39152542372693
1779789510,99.46016949152828
1779789525,99.4593220338979
1779789540,99.47033898305084
1779789555,99.42711864406948
1779789570,99.4237288135603
1779789585,99.42457627118574
1779789600,99.43728813559697
1779789615,99.48813559322211
1779789630,99.52372881355971
1779789645,99.54067796610308
1779789660,99.51779661017176
1779789675,99.50593220338845
1779789690,99.44916001138968
1779789705,99.42034291292723
1779789720,99.33220338983259
1779789735,99.22288135593111
1779789750,99.06016949152571
1779789765,99.08983667907661
1779789780,98.96610169491673
1779789795,98.87288135593566
1779789810,98.81779661017097
1779789825,98.57372881356041
1779789840,98.42966101695171
1779789855,98.27711864407135
1779789870,98.08728813559263
1779789885,97.84491525423789
1779789900,97.67033898305164
1779789915,97.55932203390176
1779789930,97.0398305084801
1779789945,96.64067796610297
1779789960,95.90932203390166
1779789975,95.17118644067708
1779789990,94.06864406779493
1779790005,92.9466101694931
1779790020,91.70508474576232
1779790035,90.39159056548976
1779790050,88.83389830508642
1779790065,86.994067796615
1779790080,85.28813559321985
1779790095,83.38559322033997
1779790110,81.49576271186638
1779790125,79.34237288135515
1779790140,76.96016949152829
1779790155,74.67288135593093
1779790170,72.28644067796452
1779790185,69.57288135593151
1779790200,67.12966101695201
1779790215,65.05254237288342
1779790230,62.72203389830222
1779790245,60.963559322033504
1779790260,58.92033898305164
1779790275,57.454237288137364
1779790290,55.878813559321635
1779790305,54.46440677966042
1779790320,53.1996827097116
1779790335,52.28983050847369
1779790350,51.311016949150165
1779790365,50.58983050847635
1779790380,50.03728813559588
1779790395,49.68389830508633
1779790410,49.4588172283566
1779790425,49.21355932203646
1779790440,49.244915254237
1779790455,49.19237288135356
1779790470,49.436440677964136
1779790485,49.71694915253774
1779790500,49.84067796610376
1779790515,49.83050847457628
1779790530,49.857627118644665
1779790545,49.81440677966083
1779790560,49.96830486986392
1779790575,50.094067796611455
1779790590,50.20779590578004
1779790605,50.334745762710384
1779790620,50.37372881356208
1779790635,50.47288135593359
1779790650,50.50593220338994
1779790665,50.5135593220337
1779790680,50.293220338984824
1779790695,50.21101694915422
1779790710,50.23898305084559
1779790725,50.27203389830439
1779790740,50.32881355932244
1779790755,50.107627118645645
1779790770,49.92881355931986
1779790785,49.69067796609973
1779790800,49.381355932201906
1779790815,49.111016949155804
1779790830,49.23644067796778
1779790845,49.228813559324
1779790860,49.033898305085245
1779790875,49.119491525422546
1779790890,48.95169491525463
1779790905,48.537288135594906
1779790920,48.35677966101824
1779790935,48.507627118640315
1779790950,48.41405704445276
1779790965,48.5838983050879
1779790980,48.704237288139836
1779790995,48.55593220338914
1779791010,48.779661016949646
1779791025,48.62203389830183
1779791040,48.725423728810405
1779791055,48.59491525423838
1779791070,48.8059322033926
1779791085,48.66355932203233
1779791100,48.93305084745793
1779791115,49.21949152542196
1779791130,49.122033898303805
1779791145,49.2872881355954
1779791160,49.31864406779345
1779791175,49.36153191662635
1779791190,49.60338983050907
1779791205,49.97966101694994
1779791220,49.94491525423778
1779791235,50.35847457627207
1779791250,50.326271186441176
1779791265,50.07457627118437
1779791280,50.163559322033315
1779791295,50.055084745762215
1779791310,49.99406779660958
1779791325,50.15169491525246
1779791340,50.019491525422154
1779791355,49.96864406779454
1779791370,50.08728813559312
1779791385,50.212711864402635
1779791400,50.17627118644206
1779791415,50.04067796610505
1779791430,50.05762711864348
1779791445,50.320338983050746
1779791460,50.204237288135886
1779791475,49.795762711864114
1779791490,49.53389830508475
1779791505,49.54745762711894
1779791520,49.28761987409844
1779791535,49.283050847455854
1779791550,49.217796610168605
1779791565,49.45932203389791
1779791580,49.4762711864388
1779791595,49.447457627119526
1779791610,49.17711864406602
1779791625,49.17762154319591
1779791640,49.261864406780354
1779791655,49.45593220338874
1779791670,49.12033898305046
1779791685,49.10084745762584
1779791700,49.42966101695073
1779791715,48.919491525426196
1779791730,49.01610169491397
1779791745,49.05000000000069
1779791760,49.1364406779659
1779791775,49.36525423728646
1779791790,49.753389830510656
1779791805,49.429661016948266
1779791820,49.35677966101725
1779791835,49.638135593218756
1779791850,49.93898305084983
1779791865,50.05847457627139
1779791880,49.94830508474448
1779791895,50.11949152542403
1779791910,49.822881355930036
1779791925,49.655084745762124
1779791940,49.64491525423955
1779791955,49.53135593220349
1779791970,49.806779661021984
1779791985,49.55254237288146
1779792000,49.52118644068093
1779792015,49.61101694915284
1779792030,49.56949152542235
1779792045,49.38084116109508
1779792060,49.229157768421416
1779792075,49.0076271186423
1779792090,48.933050847452996
1779792105,48.939830508476255
1779792120,49.129661016945114
1779792135,48.44745762711806
1779792150,48.18050847457371
1779792165,48.06355932203341
1779792180,47.847457627116675
1779792195,47.882203389831304
1779792210,47.99322033898118
1779792225,48.16864406779779
1779792240,48.44237288135801
1779792255,48.20254237287958
1779792270,48.19999999999832
1779792285,48.14576271186648
1779792300,48.17457627118329
1779792315,48.228813559317594
1779792330,47.908474576271786
1779792345,47.865254237287935
1779792360,48.08389830508099
1779792375,48.06440677966132
1779792390,48.07033898305421
1779792405,48.04576271186707
1779792420,47.94322033897901
1779792435,47.87288135593171
1779792450,47.808474576267436
1779792465,47.78813559321491
1779792480,47.85254237287673
1779792495,47.5355932203376
1779792510,47.6627118644054
1779792525,47.744915254236005
1779792540,48.12881355932066
1779792555,48.46694915254021
1779792570,48.54661016949202
1779792585,48.71355932203449
1779792600,48.49237288135277
1779792615,49.02288135593478
1779792630,49.378813559325586
1779792645,49.47457627119039
1779792660,49.50084745762594
1779792675,49.58813559322153
1779792690,49.49322033898217
1779792705,49.67711864407046
1779792720,49.91864406779977
1779792735,49.722033898305185
1779792750,49.72966101694895
1779792765,49.82033898304877
1779792780,49.87881355932262
1779792795,49.97627118643832
1779792810,49.84152542372675
1779792825,49.44067796609875
1779792840,49.26779661016831
1779792855,48.756779661018335
1779792870,48.72542372881286
1779792885,48.58050847457627
1779792900,48.238135593217194
1779792915,47.94830508474646
1779792930,47.750847457626435
1779792945,47.60847457627355
1779792960,47.45254237288156
1779792975,47.347457627117166
1779792990,47.47662727710331
1779793005,47.48474576270999
1779793020,47.4855932203379
1779793035,47.41355932203233
1779793050,47.59152542372773
1779793065,47.54237288135593
1779793080,47.566101694915154
1779793095,47.59745762712062
1779793110,47.58220338983061
1779793125,47.46186440677867
1779793140,47.86355932203459
1779793155,47.911864406778484
1779793170,48.19830508474744
1779793185,48.184745762710776
1779793200,48.316949152543565
1779793215,49.282203389830414
1779793230,50.145762711864506
1779793245,50.65508474576114
1779793260,50.33135593220122
1779793275,50.27372881356267
1779793290,50.25593220339388
1779793305,50.05254237287849
1779793320,49.95677966102109
1779793335,50.14999999999912
1779793350,49.98728813559371
1779793365,50.13305084745823
1779793380,50.105932203389834
1779793395,50.73983050847299
1779793410,50.75169491525384
1779793425,50.84067796610279
1779793440,50.705932203391214
1779793455,50.67627118644157
1779793470,50.64237288135731
1779793485,50.85677966101824
1779793500,50.776271186443445
1779793515,50.10932203389653
1779793530,49.54491525423769
1779793545,49.57457627118733
1779793560,49.75423728813856
1779793575,49.96016949152779
1779793590,50.01271186440629
1779793605,50.45338983051144
1779793620,50.17372881355834
1779793635,50.19491525423383
1779793650,50.59491525423887
1779793665,50.57966101694886
1779793680,49.94322033898443
1779793695,49.91016949152562
1779793710,49.91355932203232
1779793725,49.88389830508514
1779793740,49.840677966103776
1779793755,49.766949152544846
1779793770,49.8508474576288
1779793785,49.91016949152316
1779793800,49.9186440677973
1779793815,49.79915254237328
1779793830,50.09067796610229
1779793845,49.815254237288734
1779793860,49.87033898305094
1779793875,49.812711864407476
1779793890,49.76271186440777
1779793905,49.635593220337505
1779793920,49.69067796609971
1779793935,49.630508474579926
1779793950,49.69745762712052
1779793965,49.53135593220349
1779793980,49.551694915256014
1779793995,49.362711864405206
1779794010,49.319491525426294
1779794025,49.48220338982922
1779794040,49.37457627118358
1779794055,49.51694915254385
1779794070,49.675423728812184
1779794085,49.54576271186313
1779794100,49.28135593220251
1779794115,48.877619509283136
1779794130,49.08898305084992
1779794145,49.24322033897871
1779794160,49.32796610169551
1779794175,49.088983050844995
1779794190,48.927118644069964
1779794205,48.89152542372743
1779794220,48.944915254238765
1779794235,49.15254237287889
1779794250,49.27627118644492
1779794265,49.441525423729104
1779794280,49.618644067796616
1779794295,49.90847457626981
1779794310,49.87966101694808
1779794325,50.09322033898601
1779794340,50.130846570529954
1779794355,50.16101694915205
1779794370,50.325423728815736
1779794385,50.50169491525532
1779794400,50.67711864406701
1779794415,50.82372881355942
1779794430,50.82627118643821
1779794445,50.8279661016965
1779794460,51.11779661016476
1779794475,51.531355932206445
1779794490,51.46525423728636
1779794505,51.52288135593477
1779794520,51.50762711863983
1779794535,51.154237288132734
1779794550,50.767796610166826
1779794565,50.86525423728499
1779794580,51.39661016949242
1779794595,51.87288135593023
1779794610,51.6220338983038
1779794625,51.713559322036474
1779794640,51.568644067799866
1779794655,51.54406779661027
1779794670,51.4406779661017
1779794685,51.49491525423847
1779794700,51.31694915253813
1779794715,51.13898305084519
1779794730,51.00508474576646
1779794745,50.720338983045906
1779794760,50.736440677963834
1779794775,50.31440677966279
1779794790,50.57881355932095
1779794805,50.49491525423699
1779794820,50.846610169493204
1779794835,51.05254237287997
1779794850,51.3033898305064
1779794865,51.14322033898227
1779794880,50.1737288135608
1779794895,49.93813559321946
1779794910,49.84237288135218
1779794925,49.96016949152533
1779794940,50.21016949152878
1779794955,50.298305084744875
1779794970,50.253225489331996
1779794985,50.16694915254247
1779795000,50.451694915255615
1779795015,50.156779661017445
1779795030,50.405932203392986
1779795045,50.72033898305332
1779795060,50.85508474576241
1779795075,50.94406779660889
1779795090,50.959322033896434
1779795105,50.82033898305273
1779795120,50.83983050847487
1779795135,50.79576271186313
1779795150,50.93644067796512
1779795165,51.139830508478035
1779795180,51.174907288762974
1779795195,51.2491525423721
1779795210,51.140677966098536
1779795225,51.0059322033919
1779795240,50.784745762710195
1779795255,50.42372881356179
1779795270,50.56694915254257
1779795285,50.3711864406759
1779795300,51.00084745762692
1779795315,50.99999999999901
1779795330,50.68813559321994
1779795345,50.56016949152424
1779795360,50.3330508474595
1779795375,50.30084745762613
1779795390,50.412711864408855
1779795405,50.28305084745733
1779795420,50.13983050847162
1779795435,50.187288135592524
1779795450,49.76101694915195
1779795465,49.55423728813481
1779795480,49.54322033898186
1779795495,49.5288135593247
1779795510,49.513559322039626
1779795525,49.59745762712111
1779795540,49.755084745761536
1779795555,49.77542372881159
1779795570,49.8500000000009
1779795585,49.72881355932351
1779795600,49.188983050844406
1779795615,49.26186440677789
1779795630,49.27881355932124
1779795645,49.47542372881336
1779795660,49.50762711864674
1779795675,49.59152542373069
1779795690,49.628813559321635
1779795705,49.962711864406586
1779795720,50.28440870785693
1779795735,50.549152542373776
1779795750,51.10254237288214
1779795765,51.05677966101459
1779795780,51.31864406779641
1779795795,51.28135593220053
1779795810,51.71610169491279
1779795825,51.980508474575885
1779795840,51.82966101694886
1779795855,51.81271186440304
1779795870,51.83559322034175
1779795885,52.01694915254386
1779795900,52.220338983049366
1779795915,52.450847457630665
1779795930,52.39067796610101
1779795945,52.4754237288178
1779795960,52.604237288134016
1779795975,52.557627118641
1779795990,52.55338983050887
1779796005,52.514932304630136
1779796020,52.35508474576094
1779796035,52.27627118644196
1779796050,52.16779661016594
1779796065,51.982203389831696
1779796080,51.92372881356031
1779796095,52.159322033899194
1779796110,52.093220338981574
1779796125,52.12881355931918
1779796140,52.21440677965895
1779796155,52.48813559321916
1779796170,52.37033898305094
1779796185,52.42881355931986
1779796200,52.2491525423711
1779796215,52.24322033898068
1779796230,52.37966101694806
1779796245,52.266949152542374
1779796260,52.227966101695614
1779796275,52.597457627118146
1779796290,52.73305084745763
1779796305,52.70000000000128
1779796320,52.657627118645344
1779796335,52.82881355931997
1779796350,53.044067796613724
1779796365,53.38474576271206
1779796380,53.38273479819817
1779796395,53.16101694915156
1779796410,52.92203389830351
1779796425,53.016949152540406
1779796440,53.12966101694856
1779796455,53.38813559322122
1779796470,53.15677966101695
1779796485,52.988135593218665
1779796500,52.99830508474616
1779796515,53.04237288135544
1779796530,52.903709127396546
1779796545,52.90762711864387
1779796560,52.93135593220556
1779796575,52.688135593220444
1779796590,52.25169491525483
1779796605,52.41949152542274
1779796620,52.62033898304948
1779796635,52.47372881355952
1779796650,52.40593220338855
1779796665,52.12881355932164
1779796680,52.412711864409346
1779796695,52.277118644067414
1779796710,52.28305084745782
1779796725,52.15338983051123
1779796740,52.19830508474597
1779796755,52.411864406778975
1779796770,52.56440677966181
1779796785,52.766949152541876
1779796800,53.00762711864575
1779796815,53.62288135593221
1779796830,53.98189140265526
1779796845,54.25508474576202
1779796860,54.44152542372911
1779796875,54.88728813559432
1779796890,54.96440677965994
1779796905,55.293220338982366
1779796920,55.22118644067925
1779796935,55.12796610169324
1779796950,55.2796610169531
1779796965,55.12033898305193
1779796980,54.748305084748125
1779796995,54.922033898304
1779797010,54.911864406778975
1779797025,54.784745762711175
1779797040,54.5406779661006
1779797055,54.6322033898308
1779797070,54.51525423729298
1779797085,54.781815778140775
1779797100,54.708474576270994
1779797115,54.14915254237219
1779797130,53.91271186440787
1779797145,53.67966101695024
1779797160,53.41694915254297
1779797175,53.51440677965865
1779797190,53.37457627118457
1779797205,53.17881355932036
1779797220,53.31949152542481
1779797235,53.283898305079816
1779797250,53.38644067796541
1779797265,53.38728813559332
1779797280,53.74576271186293
1779797295,53.583050847457535
1779797310,53.646610169491424
1779797325,53.71186440677867
1779797340,53.69322033898196
1779797355,53.639830508473096
1779797370,53.76694915254336
1779797385,53.38389830508415
1779797400,53.60254237287968
1779797415,53.631670293758745
1779797430,53.92118644067707
1779797445,54.28983050847172
1779797460,54.256779661015365
1779797475,54.122881355929245
1779797490,54.322033898302614
1779797505,54.294915254239164
1779797520,54.21694915254069
1779797535,54.24915254237407
1779797550,54.43813559322241
1779797565,54.434436843640995
1779797580,54.25254237288076
1779797595,54.30847457626843
1779797610,54.2457627118649
1779797625,54.56440677965737
1779797640,54.49152542372882
1779797655,54.584745762709886
1779797670,54.51271186440678
1779797685,54.372033898304785
1779797700,54.06440677966033
1779797715,53.87288135593319
1779797730,53.77881355932173
1779797745,53.50423728813362
1779797760,53.64322033898473
1779797775,53.7144067796624
1779797790,53.89322033898325
1779797805,53.98813559322014
1779797820,54.027118644069375
1779797835,54.08728813559165
1779797850,54.26271186440825
1779797865,54.477118644066714
1779797880,54.473728813560015
1779797895,54.199999999999804
1779797910,54.1779661016964
1779797925,54.05508474576074
1779797940,54.1152542372904
1779797955,54.27966101694669
1779797970,54.19830508474646
1779797985,54.050000000000686
1779798000,53.99237288135721
1779798015,54.05762711864446
1779798030,54.11016949152297
1779798045,53.93983050847626
1779798060,53.71186440678114
1779798075,53.46440677966141
1779798090,53.54491525423867
1779798105,53.35423728813451
1779798120,53.621186440678855
1779798135,53.55593220338915
1779798150,53.65000000000306
1779798165,53.84237288135564
1779798180,54.05254237287702
1779798195,54.470338983048386
1779798210,54.37627118643693
1779798225,54.28050847457706
1779798240,54.17203389830597
1779798255,54.16186440678095
1779798270,54.30169491525503
1779798285,54.43135593220161
1779798300,54.7161016949123
1779798315,55.03220338983337
1779798330,55.50423728813658
1779798345,55.53474576271413
1779798360,55.65338983051025
1779798375,55.599152542371
1779798390,55.235593220338885
1779798405,55.03050847457756
1779798420,54.64745762711836
1779798435,54.464406779657956
1779798450,54.07765476376072
1779798465,53.70932203389742
1779798480,53.692372881359
1779798495,53.78135593220299
1779798510,53.877118644070265
1779798525,54.03474576270821
1779798540,53.99322033897772
1779798555,53.740677966105345
1779798570,53.809322033896834
1779798585,53.56440677966082
1779798600,53.545447765744804
1779798615,53.38389830508415
1779798630,52.896610169490934
1779798645,53.003389830508674
1779798660,52.813559322039815
1779798675,52.84152542372872
1779798690,52.8220338983041
1779798705,52.97966101694698
1779798720,53.12711864406731
1779798735,53.3889830508516
1779798750,53.52033898305154
1779798765,53.49067796609943
1779798780,53.46864406779355
1779798795,53.273728813557256
1779798810,53.02542372881208
1779798825,53.36016949152986
1779798840,53.463559322033504
1779798855,53.70762711864654
1779798870,53.91949152542126
1779798885,54.21271186440856
1779798900,54.038135593222314
1779798915,53.77627118643802
1779798930,53.619491525423044
1779798945,53.669491525425215
1779798960,53.738983050852
1779798975,54.05932203389534
1779798990,53.888135593218266
1779799005,54.28983050847172
1779799020,54.20000000000227
1779799035,53.98983050847349
1779799050,54.03305084745487
1779799065,53.808474576276325
1779799080,53.749152542372094
1779799095,53.9127118644054
1779799110,53.84576271186234
1779799125,53.92542372881661
1779799140,53.96694915254218
1779799155,53.81949152542186
1779799170,53.551694915256995
1779799185,53.611016949151356
1779799200,54.04661016949153
1779799215,53.90254237288037
1779799230,54.55677966101853
1779799245,54.555932203390626
1779799260,54.39915254237071
1779799275,54.31271186440549
1779799290,54.31271186440549
1779799305,54.42711864406948
1779799320,54.416101694914076
1779799320,54.416101694914076
1779799335,54.529661016950136
1779799350,54.28983050847172
1779799365,54.53983050847518
1779799380,54.592372881356134
1779799395,54.566949152543565
1779799410,54.776271186439494
1779799425,54.555932203390626
1779799440,54.689830508476746
1779799455,54.573728813561885
1779799470,54.46525423729081
1779799485,54.6169491525408
1779799500,54.37542372881149
1779799515,54.08135593220615
1779799530,53.76271186440875
1779799545,53.71779661017156
1779799560,53.58983050847339
1779799575,53.42711864407046
1779799590,53.49745762712023
1779799605,53.27711864406888
1779799620,53.01949152542412
1779799635,53.02881355932125
1779799650,53.23559322034086
1779799665,53.00508474576695
1779799680,52.91864406779927
1779799695,52.87203389830627
1779799710,52.61864406779859
1779799725,52.21864406779848
1779799740,52.1279661016962
1779799755,51.923728813557844
1779799770,51.83305084745802
1779799785,51.772033898302915
1779799800,51.659322033897226
1779799815,51.74661016948787
1779799830,51.94576271186618
1779799845,51.96271186440461
1779799860,51.95932203390038
1779799875,52.04491525423522
1779799890,51.660169491525124
1779799905,51.935593220338696
1779799920,51.9406779661012
1779799935,51.857627118645155
1779799950,51.224576271184965
1779799965,49.73644067796482
1779799980,48.29067796610062
1779799995,46.58135593220123
1779800010,45.15508474576656
1779800025,43.8101694915198
1779800040,42.33474576271335
1779800055,40.8000000000002
1779800070,39.18644067796808
1779800085,37.72457627118841
1779800100,36.06694915254207
1779800115,34.41355932203035
1779800130,32.73559322034135
1779800145,31.20423728813737
1779800160,29.386440677966895
1779800175,27.915254237287645
1779800190,26.740677966099923
1779800205,25.150000000001583
1779800220,23.603389830512523
1779800235,22.00762711864427
1779800250,21.5042372881356
1779800265,21.550847457626134
1779800280,21.639830508472603
1779800295,21.73644067796532
1779800310,21.781355932207436
1779800325,21.89661016948945
1779800340,21.889830508473594
1779800355,21.96440677966043
1779800370,22.00508474576548
1779800385,22.137288135593323
1779800400,22.133898305084156
1779800415,22.982203389830712
1779800430,23.118644067795625
1779800445,22.993220338983644
1779800460,22.912711864403924
1779800475,23.033898305083767
1779800490,22.877118644068783
1779800505,22.936440677965606
1779800520,22.89322033898671
1779800535,23.015254237287053
1779800550,22.993220338983644
1779800565,23.09576271186431
1779800580,23.08135593220714
1779800595,23.114406779656083
1779800610,22.944067796606916
1779800625,22.88559322034046
1779800640,22.995762711862433
1779800655,22.916949152540987
1779800670,22.920338983050158
1779800685,22.976271186442755
1779800700,22.924576271182296
1779800715,22.28050847457903
1779800730,22.35254237287968
1779800745,22.505932203392888
1779800760,22.49915254237209
1779800775,22.627118644070265
1779800790,22.896610169490938
1779800805,22.79322033898483
1779800820,22.862711864401753
1779800835,22.927118644066024
1779800850,22.71864406779799
1779800865,22.739830508473503
1779800880,22.775423728818488
1779800895,22.76779661016979
1779800910,22.667796610167912
1779800925,22.64067796609953
1779800940,22.587288135595585
1779800955,22.606779661015274
1779800970,22.555084745762223
1779800985,22.48983050847744
1779801000,22.455932203393193
1779801015,22.290677966099125
1779801030,22.05169491525355
1779801045,21.815254237291693
1779801060,21.779661016946683
1779801075,21.770338983049562
1779801090,21.63389830507971
1779801105,21.575423728810804
1779801120,21.64237288135633
1779801135,21.652542372881356
1779801150,21.68983050847231
1779801165,21.58305084745704
1779801180,21.675423728815147
1779801195,21.58220338982666
1779801210,21.582203389829125
1779801225,21.638135593219253
1779801240,21.60000000000286
1779801255,21.638983050847173
1779801270,21.595762711865795
1779801285,21.67203389830351
1779801300,21.716101694912794
1779801315,21.679661016949748
1779801330,21.655084745762622
1779801345,21.540677966103573
1779801360,21.41610169491703
1779801375,21.588983050847467
1779801390,21.600847457623374
1779801405,21.63813559322172
1779801420,21.51271186440481
1779801435,21.278813559324206
1779801450,21.5677966101695
1779801465,21.58559322033583
1779801480,21.817796610168017
1779801495,21.794067796603855
1779801510,21.825423728814254
1779801525,21.861016949151857
1779801540,21.910169491526112
1779801555,21.896610169491925
1779801570,21.914406779660723
1779801585,21.965254237288335
1779801600,22.02542372881553
1779801615,22.057627118643975
1779801630,22.188135593220938
1779801645,22.31440677966082
1779801660,22.468644067792077
1779801675,22.360169491525916
1779801690,22.434745762712758
1779801705,22.42203389830647
1779801720,22.394067796607708
1779801735,22.324576271185848
1779801750,22.35847457627257
1779801765,22.158474576271292
1779801780,22.066101694915652
1779801795,22.073728813559423
1779801810,22.040677966103072
1779801825,22.05423728813727
1779801840,22.01949152542264
1779801855,21.908474576272763
1779801870,21.837288135595088
1779801885,21.64830508474429
1779801900,21.555084745760745
1779801915,21.51610169491398
1779801930,21.39999999999911
1779801945,21.325423728812275
1779801960,21.223728813559518
1779801975,21.084745762708412
1779801990,20.939830508471815
1779802005,20.883898305086625
1779802020,20.762711864404316
1779802035,20.769491525422644
1779802050,20.72627118644127
1779802065,20.672881355927466
1779802080,20.711016949156193
1779802095,20.64915254237565
1779802110,20.71101694915126
1779802125,20.800847457628112
1779802140,20.761016949150967
1779802155,20.80932203389978
1779802170,20.90932203389673
1779802185,21.06610169491664
1779802200,21.325423728812275
1779802215,21.356779661017743
1779802230,21.25677966101833
1779802245,21.38644067796739
1779802260,21.409322033898704
1779802275,21.252542372881255
1779802290,21.546610169489067
1779802305,21.629661016952507
1779802320,21.635593220338002
1779802335,21.613559322034593
1779802350,21.586440677963736
1779802365,21.85677966101478
1779802380,21.84661016949222
1779802395,22.072033898306074
1779802410,22.119491525419587
1779802425,22.182203389828047
1779802440,22.31186440677957
1779802455,22.401694915253945
1779802470,22.347457627119628
1779802485,22.084745762714817
1779802500,22.217796610168115
1779802515,22.426271186443536
1779802530,22.594067796608986
1779802545,22.72033898305381
1779802560,22.807627118641992
1779802575,22.85847457626714
1779802590,23.06271186440796
1779802605,23.155932203391504
1779802620,23.130508474576473
1779802635,23.427118644065526
1779802650,23.350847457625346
1779802665,23.34830508474408
1779802680,23.1906779661012
1779802695,23.03898305084874
1779802710,22.85084745762831
1779802725,22.874576271189994
1779802740,22.876271186440878
1779802755,22.883050847456744
1779802770,22.955084745759848
1779802785,23.029661016949156
1779802800,22.910169491527597
1779802815,22.625423728809512
1779802830,22.674576271188705
1779802845,22.42796610169442
1779802860,22.544915254237186
1779802875,22.388135593222213
1779802890,22.32711864406958
1779802905,22.24576271186194
1779802920,22.252542372882743
1779802935,22.30254237288245
1779802950,22.231355932204778
1779802965,22.14491525423956
1779802980,22.09745762712112
1779802995,22.155932203387565
1779803010,22.106779661015764
1779803025,22.057627118636567
1779803040,21.951694915256603
1779803055,21.7779661016958
1779803070,21.63474576271256
1779803085,21.667796610171365
1779803100,21.475423728816324
1779803115,21.494067796613024
1779803130,21.571186440676193
1779803145,21.50677966101685
1779803160,21.39067796610693
1779803175,21.411016949154515
1779803190,21.266949152545834
1779803205,21.212711864406586
1779803220,21.286440677967978
1779803235,21.250847457622978
1779803250,21.26101694915048
1779803265,21.41016949152661
1779803280,21.416101694919497
1779803295,21.39237288135781
1779803310,21.48135593220428
1779803325,21.613559322032128
1779803340,21.767796610170777
1779803355,21.89406779661067
1779803370,21.89661016948946
1779803385,21.98559322034086
1779803400,22.088135593221526
1779803415,22.277966101695313
1779803430,22.31610169491417
1779803445,22.354237288133028
1779803460,22.510169491525033
1779803475,22.472033898306176
1779803490,22.776271186441466
1779803505,22.685593220339186
1779803520,22.82288135593201
1779803535,22.78220338983189
1779803550,22.919491525424718
1779803565,22.93983050846984
1779803580,23.04322033898335
1779803595,23.04322033898335
1779803610,23.13559322033898
1779803625,23.144915254236096
1779803640,23.100000000001387
1779803655,23.1127118644052
1779803670,23.172881355932407
1779803685,23.028813559323712
1779803700,23.09576271186431
1779803715,22.992372881358204
1779803730,22.794067796605333
1779803745,22.851694915253738
1779803760,22.80847457627484
1779803775,22.806779661016563
1779803790,22.71949152542343
1779803805,22.754237288138057
1779803820,22.722881355935066
1779803835,22.786440677964027
1779803850,22.86525423728547
1779803865,22.857627118641698
1779803880,22.639830508476557
1779803895,22.766101694913978
1779803910,22.65762711864535
1779803925,22.599152542373968
1779803940,22.537288135593414
1779803955,22.47033898305282
1779803970,22.33389830508544
1779803985,22.282203389829913
1779804000,22.237288135590262
1779804015,22.04322033898187
1779804030,22.249999999999016
1779804045,22.193220338988382
1779804060,22.252542372882743
1779804075,22.373728813560113
1779804090,22.53135593220299
1779804105,22.44152542373108
1779804120,22.42203389830647
1779804135,22.316101694916647
1779804150,22.216949152542675
1779804165,22.175423728817112
1779804180,22.201694915252656
1779804195,21.94152542372665
1779804210,21.94491525423581
1779804225,22.13050847457252
1779804240,21.97881355932253
1779804255,22.033898305084755
1779804270,22.029661016950143
1779804285,22.07711864406612
1779804300,22.17372881355636
1779804315,22.06186440677611
1779804330,22.061016949155597
1779804345,22.12711864406829
1779804360,22.175423728817112
1779804375,21.87966101694856
1779804390,21.77711864406544
1779804405,21.64576271186549
1779804420,21.704237288134408
1779804435,21.655084745760146
1779804450,21.712711864403623
1779804465,21.61779661017167
1779804480,21.636440677968373
1779804495,21.62288135593171
1779804510,21.630508474577947
1779804525,21.633898305084642
1779804540,21.567796610171964
1779804555,21.649152542372196
1779804570,21.93559322033869
1779804585,21.75338983051114
1779804600,21.77711864406543
1779804615,21.83983050846896
1779804630,21.773728813558733
1779804645,21.704237288134408
1779804660,21.77118644067747
1779804675,21.923728813560306
1779804690,21.899152542375646
1779804705,21.909322033898203
1779804720,21.961016949153734
1779804735,21.98305084745713
1779804750,21.98305084745713
1779804765,22.050000000000203
1779804780,22.082203389828635
1779804795,22.30084745763157
1779804810,22.250847457626932
1779804825,22.288983050848255
1779804840,22.153389830513703
1779804855,22.177966101693436
1779804870,22.00254237288175
1779804885,21.96864406779504
1779804900,21.916101694916534
1779804915,22.030508474575583
1779804930,22.14576271186499
1779804945,22.17118644067757
1779804960,22.112711864406187
1779804975,22.091525423730694
1779804990,22.189830508474284
1779805005,22.191525423727633
1779805020,22.040677966103072
1779805035,21.899152542370715
1779805050,21.651694915250985
1779805065,21.716949152543165
1779805080,21.648305084746756
1779805095,21.6474576271213
1779805110,21.7313559322028
1779805125,21.697457627118546
1779805140,21.793220338983353
1779805155,21.69491525423729
1779805170,21.908474576267835
1779805185,22.014406779660135
1779805200,21.881355932204382
1779805215,21.751694915252862
1779805230,21.56694915254406
1779805245,21.69576271186027
1779805260,21.603389830504625
1779805275,21.506779661019326
1779805290,21.692372881356036
1779805305,21.652542372883822
1779805320,21.63389830508712
1779805335,21.59830508474705
1779805350,21.592372881356624
1779805365,21.619491525425016
1779805380,21.500847457626428
1779805395,21.48474576271098
1779805410,21.444915254236307
1779805425,21.425423728814152
1779805440,21.384745762711567
1779805455,21.233050847454173
1779805470,21.23135593220329
1779805485,21.273728813559224
1779805500,21.249152542369632
1779805515,21.348305084746055
1779805530,21.34406779660899
1779805545,21.298305084743895
1779805560,21.15677966101892
1779805575,21.11355932203509
1779805590,21.06949152542087
1779805605,21.114406779655592
1779805620,21.23898305084706
1779805635,21.299999999997244
1779805650,21.466101694919203
1779805665,21.415254237286664
1779805680,21.52796610169728
1779805695,21.654237288134702
1779805710,21.808474576273362
1779805725,21.858474576273068
1779805740,21.94152542372665
1779805755,21.944067796610366
1779805770,21.82457627118881
1779805785,21.988983050847555
1779805800,21.99237288135425
1779805815,22.045762711865592
1779805830,22.077966101691572
1779805845,22.065254237290212
1779805860,22.24067796610436
1779805875,22.353389830507588
1779805890,22.311864406782036
1779805905,22.238983050846084
1779805920,22.222881355935563
1779805935,22.31440677966082
1779805950,22.304237288133322
1779805965,22.17542372880972
1779805980,21.996610169491326
1779805995,21.93559322033869
1779806010,21.927966101694917
1779806025,21.90677966101695
1779806040,21.883050847455255
1779806055,21.89830508474281
1779806070,21.612711864404222
1779806085,21.66949152542472
1779806100,21.68644067796808
1779806115,21.647457627116374
1779806130,21.605932203388356
1779806145,21.80084745762959
1779806160,21.81440677966131
1779806175,21.71440677966191
1779806190,21.7101694915273
1779806205,21.716101694915256
1779806220,21.655084745765073
1779806235,21.588135593217082
1779806250,21.580508474573314
1779806265,21.57457627118783
1779806280,21.68728813559352
1779806295,21.6677966101689
1779806310,21.594915254240345
1779806325,21.509322033898105
1779806340,21.605084745762916
1779806355,21.58050847457824
1779806370,21.71186440677819
1779806385,21.85847457626813
1779806400,21.968644067797506
1779806415,22.05254237288392
1779806430,21.861864406779763
1779806445,21.701694915253157
1779806460,21.634745762710097
1779806475,21.738983050849047
1779806490,21.802542372880474
1779806505,21.78135593220497
1779806520,21.765254237289522
1779806535,21.87203389830479
1779806550,21.749999999999513
1779806565,21.742372881360673
1779806580,21.4762711864393
1779806595,21.720338983052333
1779806610,21.71101694915274
1779806625,21.662711864403917
1779806640,21.703389830508968
1779806655,21.582203389829125
1779806670,21.533050847457336
1779806685,21.512711864409738
1779806700,21.26440677966457
1779806715,21.527118644064448
1779806730,21.594067796609973
1779806745,21.68983050847477
1779806760,21.439830508476255
1779806775,21.42796610169294
1779806790,21.34322033898355
1779806805,21.39999999999911
1779806820,21.31440677965688
1779806835,21.288983050846767
1779806850,21.37203389830036
1779806865,21.5228813559323
1779806880,21.60423728813501
1779806895,21.44322033898296
1779806910,21.41949152542373
1779806925,21.554237288135305
1779806940,21.44745762711756
1779806955,21.446610169492118
1779806970,21.52796610169482
1779806985,21.588135593219548
1779807000,21.530508474578546
1779807015,21.5042372881356
1779807030,21.480508474573902
1779807045,21.47542372881386
1779807060,21.635593220340464
1779807075,21.789830508474182
1779807090,21.740677966104847
1779807105,21.856779661017246
1779807120,21.91525423728864
1779807135,21.777118644067894
1779807150,21.72796610169363
1779807165,21.659322033899684
1779807180,21.68644067796808
1779807195,21.729661016946988
1779807210,21.778813559323716
1779807225,21.725423728812377
1779807240,21.770338983049562
1779807255,21.75762711864082
1779807270,21.538983050850224
1779807285,21.781355932202505
1779807300,21.612711864411615
1779807315,21.622033898303805
1779807330,21.749999999999513
1779807345,21.838135593218077
1779807360,21.810169491524245
1779807375,21.66949152542472
1779807390,21.64152542373089
1779807405,21.80677966101754
1779807420,21.746610169492808
1779807435,21.79661016949498
1779807450,21.804237288136285
1779807465,21.856779661012315
1779807480,21.871186440676883
1779807495,22.067796610171463
1779807510,21.96864406779503
1779807525,21.88389830508317
1779807540,21.959322033895447
1779807555,21.876271186441866
1779807570,21.938135593219954
1779807585,21.89576271186402
1779807600,21.91016949153105
1779807615,22.552542372880957
1779807630,22.526271186438017
1779807645,22.495762711865396
1779807660,22.5169491525409
1779807675,22.599152542371503
1779807690,22.737288135589772
1779807705,22.734745762715914
1779807720,22.844915254237886
1779807735,22.793220338982366
1779807750,23.010169491524536
1779807765,22.933050847461377
1779807780,22.91186440677602
1779807795,22.86525423728547
1779807810,23.02118644067994
1779807825,22.967796610171078
1779807840,22.924576271184762
1779807855,23.048305084750798
1779807870,22.948305084743993
1779807885,23.07203389830509
1779807900,23.072033898307552
1779807915,22.407627118641905
1779807930,22.58644067796769
1779807945,22.538983050849236
1779807960,22.48050847458032
1779807975,22.479661016949937
1779807990,22.505084745762517
1779808005,22.63474576271157
1779808020,22.654237288133714
1779808035,22.78898305085022
1779808050,22.701694915257097
1779808065,22.705084745763806
1779808080,22.70254237288254
1779808095,22.575423728814748
1779808110,22.593220338986008
1779808125,22.51355932203173
1779808140,22.55169491525305
1779808155,22.607627118645656
1779808170,22.689830508473786
1779808185,22.896610169493403
1779808200,22.946610169488167
1779808215,22.69576271186421
1779808230,22.782203389829426
1779808245,22.943220338986404
1779808260,22.864406779662506
1779808275,22.888983050847166
1779808290,22.79915254237279
1779808305,22.69830508474793
1779808320,22.643220338983248
1779808335,22.616949152542766
1779808350,22.47288135593162
1779808365,22.688983050845877
1779808380,22.5169491525409
1779808395,22.515254237290016
1779808410,22.586440677970153
1779808425,22.440677966100708
1779808440,22.50847457626921
1779808455,22.4745762711825
1779808470,22.277118644067407
1779808485,22.238135593223106
1779808500,22.19491525423434
1779808515,22.16779661016841
1779808530,22.104237288132044
1779808545,22.205084745766758
1779808560,21.985593220338394
1779808575,21.934745762710783
1779808590,21.86016949152394
1779808605,21.820338983051734
1779808620,21.76864406779375
1779808635,21.641525423728424
1779808650,21.654237288134702
1779808665,21.610169491525422
1779808680,21.572881355932005
1779808695,21.488135593222612
1779808710,21.29661016949054
1779808725,21.60084745762584
1779808740,21.43644067796956
1779808755,21.479661016950935
1779808770,21.421186440677076
1779808785,21.472033898307163
1779808800,21.38898305084618
1779808815,21.38644067796739
1779808830,21.380822920832376
1779808845,21.175423728815634
1779808860,21.384745762711567
1779808875,21.327118644068086
1779808890,21.13220338982933
1779808905,21.37457627118654
1779808920,21.372881355933192
1779808935,21.394067796613626
1779808950,21.469491525425898
1779808965,21.605932203393287
1779808980,21.627118644068787
1779808995,21.516949152544353
1779809010,21.574576271185354
1779809025,21.716101694915256
1779809040,21.73898305084657
1779809055,21.757627118643285
1779809070,21.880508474571535
1779809085,21.882203389829826
1779809100,21.955932203388752
1779809115,21.88135593219944
1779809130,21.894067796608198
1779809145,21.816101694914668
1779809160,22.066101694915652
1779809175,22.007627118641803
1779809190,22.138983050844207
1779809205,22.209322033898893
1779809220,22.422881355934376
1779809235,22.40762711864437
1779809250,22.282203389829913
1779809265,22.41440677965776
1779809280,22.21949152542393
1779809295,22.295762711866583
1779809310,22.265254237291487
1779809325,22.166101694915064
1779809340,22.121186440677874
1779809355,22.218644067798486
1779809370,22.083898305086926
1779809385,22.09406779661195
1779809400,22.10254237288116
1779809415,22.102542372883626
1779809430,22.079661016954777
1779809445,21.87457627118605
1779809460,22.074576271189795
1779809475,22.181355932197665
1779809490,22.126271186442846
1779809505,22.0144067796626
1779809520,21.755932203387463
1779809535,21.794915254236702
1779809550,21.777966101693337
1779809565,21.683898305079417
1779809580,21.77711864406543
1779809595,21.794915254234226
1779809610,21.866101694911897
1779809625,21.99152542372882
1779809640,21.99237288135426
1779809655,22.00508474576548
1779809670,22.088135593216585
1779809685,22.10593220339032
1779809700,22.122033898303318
1779809715,22.033050847454373
1779809730,22.063559322034386
1779809745,22.049152542374763
1779809760,22.03898305084726
1779809775,22.205932203389732
1779809790,22.185593220337207
1779809805,22.229661016948953
1779809820,22.360169491528392
1779809835,22.48644067797074
1779809850,22.45338983050946
1779809865,22.383898305085136
1779809880,22.269491525423636
1779809895,22.283898305083273
1779809910,22.158474576271292
1779809925,22.105932203392786
1779809940,22.052542372876527
1779809955,21.94322033898246
1779809970,21.807627118640525
1779809985,21.770338983052028
1779810000,21.902542372879875
1779810015,21.847457627117663
1779810030,21.849152542373474
1779810045,21.73898305084657
1779810060,21.64406779661214
1779810075,21.68644067796808
1779810090,21.56355932203242
1779810105,21.496610169491824
1779810120,21.391525423727444
1779810135,21.243220338986603
1779810150,21.283050847458806
1779810165,21.219491525424917
1779810180,21.18305084745694
1779810195,21.228813559322035
1779810210,21.270338983050063
1779810225,21.213559322036957
1779810240,21.2822033898309
1779810255,21.524576271185648
1779810270,21.474576271185942
1779810285,21.36694915254277
1779810300,21.310169491527198
1779810315,21.28220338983091
1779810330,21.329661016949352
1779810345,21.463559322035476
1779810360,21.537288135594412
1779810375,21.531355932201524
1779810390,21.66440677965974
1779810405,21.54745762711944
1779810420,21.676271186443042
1779810435,21.727118644068188
1779810450,21.776271186442454
1779810465,21.68474576271473
1779810480,21.76355932203371
1779810495,21.99491525423798
1779810510,22.0711864406831
1779810525,22.05677966101607
1779810540,22.07457627118733
1779810555,22.03898305084726
1779810570,22.06186440677611
1779810585,22.183050847460883
1779810600,22.28644067796699
1779810615,22.354237288133028
1779810630,22.4186440677973
1779810645,22.441525423733555
1779810660,22.308474576272864
1779810675,22.472033898301234
1779810690,22.55084745762761
1779810705,22.59406779661145
1779810720,22.686440677964626
1779810735,22.680508474576666
1779810750,22.79830508474241
1779810765,22.826271186438706
1779810780,22.813559322034884
1779810795,22.687288135590066
1779810810,22.823728813562383
1779810825,22.89067796609805
1779810840,22.84067796610081
1779810855,22.803389830509857
1779810870,22.719491525425905
1779810885,22.65169491525493
1779810900,22.641525423729902
1779810915,22.597457627118157
1779810930,22.605084745764394
1779810945,22.56440677966427
1779810960,22.588983050844003
1779810975,22.541525423728025
1779810990,22.58135593220517
1779811005,22.694915254236303
1779811020,22.498305084744185
1779811035,22.57881355932391
1779811050,22.532203389828442
1779811065,22.612711864408162
1779811080,22.52372881355923
1779811095,22.503389830506705
1779811110,22.549999999999702
1779811125,22.615254237289417
1779811140,22.688983050845877
1779811155,22.631355932202403
1779811170,22.68135593220457
1779811185,22.71016949152631
1779811200,22.56101694915018
1779811215,22.657627118647817
1779811230,22.69322033898542
1779811245,22.735593220336426
1779811260,22.741525423729314
1779811275,22.717796610170083
1779811290,22.65762711864535
1779811305,22.617796610170682
1779811320,22.53135593220299
1779811335,22.527966101696293
1779811350,22.558474576266452
1779811365,22.479661016949937
1779811380,22.38813559322468
1779811395,22.356779661016756
1779811410,22.27118644067698
1779811425,22.23220338983515
1779811440,22.101694915253244
1779811455,22.011016949150964
1779811470,22.052542372881454
1779811485,22.012711864404324
1779811500,21.78559322033957
1779811515,21.83644067796472
1779811530,21.75084745762248
1779811545,21.855932203391802
1779811560,21.928813559322823
1779811575,21.888135593222714
1779811590,21.947457627119537
1779811605,21.990677966105842
1779811620,22.061016949153135
1779811635,22.188135593220927
1779811650,22.08050847457529
1779811665,22.21355932203104
1779811680,22.016949152541386
1779811695,22.105084745762415
1779811710,22.022881355931812
1779811725,22.081355932203195
1779811740,22.084745762712355
1779811755,21.97627118644374
1779811770,22.195762711864695
1779811785,22.210169491524347
1779811800,22.33220338982962
1779811815,22.544067796606814
1779811830,22.63305084746069
1779811845,22.644915254236597
1779811860,22.61610169491486
1779811875,22.573728813558922
1779811890,22.734745762710983
1779811905,22.701694915254635
1779811920,22.63728813559529
1779811935,22.598305084743597
1779811950,22.688135593222903
1779811965,22.80677966101903
1779811980,22.850000000000392
1779811995,22.97372881356149
1779812010,23.04322033898335
1779812025,22.997457627118255
1779812040,23.015254237287053
1779812055,23.07711864406513
1779812070,23.114406779661024
1779812085,23.322881355931514
1779812100,23.404237288136677
1779812115,23.20593220339121
1779812130,22.968644067796518
1779812145,23.01610169491496
1779812160,22.964406779661907
1779812175,22.834745762710384
1779812190,22.883050847456744
1779812205,22.884745762712555
1779812220,22.968644067796518
1779812235,22.983050847456155
1779812250,22.90762711864387
1779812265,22.888983050847166
1779812280,22.973728813559024
1779812295,23.217796610169593
1779812310,23.41949152542422
1779812325,23.431355932205065
1779812340,23.386440677965414
1779812355,23.34745762711865
1779812370,23.37372881355666
1779812385,23.266949152541393
1779812400,23.402542372883328
1779812415,23.376271186442853
1779812430,23.38220338982587
1779812445,23.421186440677566
1779812460,23.516101694916934
1779812475,23.43898305084884
1779812490,23.511864406782323
1779812505,23.465254237284395
1779812520,23.470338983051843
1779812535,23.500000000001485
1779812550,23.48559322033692
1779812565,23.41949152542422
1779812580,23.311016949153142
1779812595,23.120338983053912
1779812610,23.131355932201913
1779812625,23.131355932206844
1779812640,23.157627118644864
1779812655,23.19237288135455
1779812670,23.20169491525168
1779812685,23.150000000001093
1779812700,23.228813559325
1779812715,23.284745762712657
1779812730,23.351694915258182
1779812745,23.41610169491506
1779812760,23.42711864406799
1779812775,23.365254237284983
1779812790,23.455084745761823
1779812805,23.454237288138845
1779812820,23.63728813559678
1779812835,23.604237288133035
1779812850,23.581355932206648
1779812865,23.534745762711175
1779812880,23.655932203391018
1779812895,23.759322033897124
1779812910,23.887288135592822
1779812925,23.95932203389841
1779812940,23.85423728813648
1779812955,23.980508474578844
1779812970,24.213559322033994
1779812985,23.916101694917035
1779813000,23.75084745762298
1779813015,23.717796610169106
1779813030,23.59745762711717
1779813045,23.46525423728686
1779813060,23.51101694914949
1779813075,23.470338983049377
1779813090,23.377966101696202
1779813105,23.4203389830546
1779813120,23.216949152541687
1779813135,23.226271186438808
1779813150,23.17966101694826
1779813165,23.453389830508474
1779813180,23.178813559320353
1779813195,23.04237288135791
1779813210,22.831355932201227
1779813225,22.914406779659735
1779813240,22.91355932203183
1779813255,22.79576271186362
1779813270,22.81525423728823
1779813285,22.939830508474767
1779813300,22.9144067796622
1779813315,23.100000000003853
1779813330,22.987288135595698
1779813345,22.978813559324006
1779813360,22.90677966101843
1779813375,23.04661016949251
1779813390,23.23389830508504
1779813405,23.145762711864016
1779813420,23.13135593220438
1779813435,23.111016949149388
1779813450,23.167796610169887
1779813465,23.08135593220715
1779813480,23.252542372881745
1779813495,23.18050847457618
1779813510,23.222881355932113
1779813525,23.13220338982982
1779813540,23.06440677966132
1779813555,23.066949152545035
1779813570,23.099152542373467
1779813585,23.060169491526704
1779813600,22.885593220337995
1779813615,22.667796610167912
1779813630,22.76271186440727
1779813645,22.656779661017445
1779813660,22.622881355925795
1779813675,22.55423728813678
1779813690,22.449152542372385
1779813705,22.42288135593684
1779813720,22.38305084745723
1779813735,22.283898305083273
1779813750,22.28983050847616
1779813765,22.215254237286853
1779813780,22.15254237288333
1779813795,22.15508474576212
1779813810,22.08050847457529
1779813825,22.040677966103072
1779813840,22.026271186438507
1779813855,22.069491525424812
1779813870,21.961864406779164
1779813885,22.046610169493498
1779813900,21.9822033898317
1779813915,22.07118644067817
1779813930,22.14915254237416
1779813945,22.071186440678158
1779813960,22.090677966105243
1779813975,22.072033898306074
1779813990,22.088135593221526
1779814005,22.066949152541092
1779814020,22.19661016949508
1779814035,22.50423728813461
1779814050,22.363559322035087
1779814065,22.431355932201125
1779814080,22.438983050844897
1779814095,22.497457627118745
1779814110,22.529661016947177
1779814125,22.44915254237485
1779814140,22.545762711865102
1779814155,22.44576271186569
1779814170,22.743544024030136
1779814185,22.756779661019323
1779814200,22.85847457626714
1779814215,22.955932203390226
1779814230,23.120338983051436
1779814245,23.181355932204085
1779814260,23.352542372881157
1779814275,23.383898305081697
1779814290,23.380508474577454
1779814305,23.366101694915354
1779814320,23.329661016947377
1779814335,23.291525423728523
1779814350,23.041525423729993
1779814365,22.97033898305233
1779814380,22.85423728813747
1779814395,22.88305084745921
1779814410,22.977966101691173
1779814425,23.024576271186636
1779814440,23.04322033898335
1779814455,23.061016949152148
1779814470,23.052542372878005
1779814485,22.997457627118244
1779814500,22.99661016949035
1779814515,22.89576271186302
1779814530,22.667796610167912
1779814545,22.678813559320854
1779814560,22.533050847458814
1779814575,22.621186440679843
1779814590,22.62627118644236
1779814605,22.590677966104757
1779814620,22.519491525422154
1779814635,22.6169491525403
1779814650,22.652542372875438
1779814665,22.707627118645057
1779814680,22.77033898304859
1779814695,22.70254237288254
1779814710,22.569491525424322
1779814725,22.38305084745724
1779814740,22.538983050846774
1779814755,22.43050847457322
1779814770,22.505932203390422
1779814785,22.408474576274738
1779814800,22.599152542373968
1779814815,23.40677966101794
1779814830,24.568644067794445
1779814845,24.522033898303906
1779814860,24.367796610172654
1779814875,24.516101694913484
1779814890,24.631355932202894
1779814905,24.665254237289613
1779814920,24.783050847455357
1779814935,24.84915254237051
1779814950,24.818644067795436
1779814965,24.716949152540202
1779814980,24.665254237287147
1779814995,24.526271186443438
1779815010,24.722033898305185
1779815025,24.708474576270987
1779815040,24.613559322034096
1779815055,24.55762711864644
1779815070,24.49067796610338
1779815085,24.52033898305055
1779815100,24.395762711866475
1779815115,22.90677966101843
1779815130,22.227118644070167
1779815145,22.39406779661264
1779815160,22.258474576268227
1779815175,22.27033898305154
1779815190,22.293220338982856
1779815205,22.379661016950536
1779815220,22.366949152539316
1779815235,22.464406779662404
1779815250,22.484745762712453
1779815265,22.550847457625146
1779815280,22.598305084748528
1779815295,22.644067796606226
1779815310,22.627966101695705
1779815325,22.61525423728695
1779815340,22.618644067796122
1779815355,22.81101694915363
1779815370,22.83050847457825
1779815385,22.872881355931717
1779815400,22.92542372881514
1779815415,22.961864406778187
1779815430,23.001694915250393
1779815445,22.98389830508406
1779815460,22.847457627119137
1779815475,22.852542372884123
1779815490,22.681355932199644
1779815505,22.582203389830614
1779815520,22.528813559319282
1779815535,22.616101694917322
1779815550,22.67542372881415
1779815565,22.68644067796709
1779815580,22.652542372882834
1779815595,22.68813559321797
1779815610,22.46949152542492
1779815625,22.46610169491081
1779815640,22.407627118641905
1779815655,22.483898305084548
1779815670,22.38220338982686
1779815685,22.322881355934964
1779815700,22.39491525423808
1779815715,22.28474576271118
1779815730,22.168644067793853
1779815745,22.27966101694866
1779815760,22.32881355932046
1779815775,22.4084745762698
1779815790,22.406779661013985
1779815805,22.321186440676687
1779815820,22.438135593219457
1779815835,22.31186440677957
1779815850,22.24661016949232
1779815865,22.22796610169314
1779815880,22.49915254237209
1779815895,22.631355932199938
1779815910,22.73813559322262
1779815925,22.610169491524434
1779815940,22.61355932203607
1779815955,22.552542372880957
1779815970,22.495762711865396
1779815985,22.47118644067827
1779816000,22.47542372881287
1779816015,22.460169491525317
1779816030,22.452542372881556
1779816045,22.44152542373108
1779816060,22.37118644067393
1779816075,22.33813559321758
1779816090,22.27457627118614
1779816105,22.15762711864584
1779816120,22.011016949150964
1779816135,22.115254237284976
1779816150,22.119491525424518
1779816165,22.172033898303013
1779816180,21.883898305085637
1779816195,21.672881355931416
1779816210,22.04576271186066
1779816225,21.98983050847547
1779816240,22.044067796607315
1779816255,22.29661016948956
1779816270,22.20508474575936
1779816285,22.149999999999604
1779816300,22.259322033893667
1779816315,22.178813559323807
1779816330,22.340677966101307
1779816345,22.555932203392594
1779816360,22.655932203387074
1779816375,22.922033898305973
1779816390,22.90338983050927
1779816405,23.029661016949156
1779816420,23.145762711864016
1779816435,23.05847457627336
1779816450,23.102542372880176
1779816465,23.211016949151265
1779816480,23.438983050846375
1779816495,23.59745762711717
1779816510,23.57796610169749
1779816525,23.695762711865687
1779816540,23.794067796609287
1779816555,23.94999999999635
1779816570,24.07457627118783
1779816585,24.043220338982362
1779816600,24.02542372881109
1779816615,24.179661016947286
1779816630,24.28220338983288
1779816645,24.173728813559325
1779816660,24.252542372883234
1779816675,24.147457627121316
1779816690,24.061016949153636
1779816705,24.10084745762584
1779816720,24.233898305084058
1779816735,24.394067796608198
1779816750,24.39067796609904
1779816765,24.396610169486987
1779816780,24.256779661015372
1779816795,24.16694915254346
1779816810,24.26186440678282
1779816825,24.135593220338002
1779816840,24.054237288135294
1779816855,23.988983050848045
1779816870,24.111016949153342
1779816885,24.06101694915117
1779816900,24.161016949153037
1779816915,24.104237288130072
1779816930,24.185593220337708
1779816945,24.11271186440175
1779816960,24.22288135593359
1779816975,24.295762711867074
1779816990,24.49661016949133
1779817005,24.62542372881248
1779817020,24.54152542373098
1779817035,24.562711864406484
1779817050,25.198305084745478
1779817065,26.05677966101705
1779817080,26.41440677965875
1779817095,26.505084745763497
1779817110,26.67542372881021
1779817125,26.679661016952217
1779817140,26.70762711864111
1779817155,26.65932203389969
1779817170,26.81440677966378
1779817185,26.75000000000197
1779817200,26.722881355931115
1779817215,27.033050847456842
1779817230,27.1245762711821
1779817245,27.162711864410827
1779817260,27.034745762710187
1779817275,27.20677966101517
1779817290,27.09322033898157
1779817305,27.193220338983448
1779817320,27.20423728813639
1779817335,27.307627118644962
1779817350,26.507627118644763
1779817365,25.57118644067964
1779817380,25.53728813559786
1779817395,25.561016949154624
1779817410,25.48389830508406
1779817425,25.515254237287056
1779817440,25.50508474576203
1779817455,25.632203389832288
1779817470,25.372033898306267
1779817485,25.516949152542868
1779817500,25.294067796610275
1779817515,25.199152542370907
1779817530,25.075423728812275
1779817545,25.005932203390422
1779817560,24.941525423728617
1779817575,24.855084745760937
1779817590,24.81186440677956
1779817605,24.76355932203568
1779817620,24.673728813556362
1779817635,24.834745762710874
1779817650,24.912711864404415
1779817665,25.14237288135781
1779817680,25.05169491525305
1779817695,25.172033898302516
1779817710,25.20508474576133
1779817725,25.220338983048872
1779817740,25.129661016949058
1779817755,25.298305084744875
1779817770,25.254237288135595
1779817785,25.282203389829426
1779817800,25.272881355929844
1779817815,25.43644067796561
1779817830,25.444915254237287
1779817845,25.526271186439985
1779817860,25.648305084742805
1779817875,25.64237288135731
1779817890,25.670338983053608
1779817905,25.50677966101538
1779817920,25.491525423730298
1779817935,25.463559322036467
1779817950,25.326271186441176
1779817965,25.266949152539418
1779817980,24.894915254238082
1779817995,24.964406779662397
1779818010,24.972033898303703
1779818025,24.988135593221617
1779818040,24.97288135593161
1779818055,24.970338983047892
1779818070,24.958474576269516
1779818085,25.18389830508829
1779818100,25.218644067795527
1779818115,25.167796610172843
1779818130,24.96864406779701
1779818145,24.84322033898256
1779818160,24.982203389833668
1779818175,24.93305084745694
1779818190,25.211016949151755
1779818205,25.238983050850518
1779818220,25.134745762711574
1779818235,25.2127118644051
1779818250,25.45593220339023
1779818265,25.4279661016964
1779818280,25.62457627118605
1779818295,25.777118644068885
1779818310,25.959322033896438
1779818325,26.11440677965806
1779818340,26.384745762709105
1779818355,26.494915254236005
1779818370,26.783898305083763
1779818385,27.035593220338093
1779818400,27.163559322033805
1779818415,27.66864406779582
1779818430,27.927118644068493
1779818445,28.571186440674225
1779818460,29.07118644067619
1779818475,29.57372881355942
1779818490,29.718644067796017
1779818505,30.42542372881021
1779818520,30.8525423728787
1779818535,31.806779661017547
1779818550,32.28898305084578
1779818565,32.76610169491397
1779818580,33.46525423729179
1779818595,33.7101694915278
1779818610,34.210169491527296
1779818625,34.912049953050484
1779818640,35.37457627118506
1779818655,36.29830508474636
1779818670,36.794067796608786
1779818685,37.29491525423374
1779818700,37.94745762712102
1779818715,38.28135593220596
1779818730,38.91632796265736
1779818745,39.57118644067816
1779818760,40.0669491525406
1779818775,40.62711864406731
1779818790,41.28050847457509
1779818805,41.73813559322112
1779818820,42.10847457627158
1779818835,42.682203389827556
1779818850,43.08983050847635
1779818865,43.58135593220172
1779818880,44.11016949152295
1779818895,44.43644067796413
1779818910,45.07288135593348
1779818925,45.26271186440728
1779818940,45.36864406779464
1779818955,45.48728813559322
1779818970,46.10847457627256
1779818985,46.41355932203331
1779819000,46.79830508474833
1779819015,47.274576271186156
1779819030,47.23644067796482
1779819045,47.269491525421174
1779819060,46.89322033898768
1779819075,46.81779661017048
1779819090,47.18813559321846
1779819105,47.32118644067669
1779819120,47.223728813561
1779819135,47.23644067796482
1779819150,47.232203389827745
1779819165,47.13559322033998
1779819180,47.30508474576123
1779819195,46.995762711865886
1779819210,47.12711864406336
1779819225,47.3228813559325
1779819240,47.16016949152711
1779819255,47.37711864406682
1779819270,47.137288135588385
1779819285,46.91101694915649
1779819300,46.642372881353864
1779819315,46.12372881355764
1779819330,46.60084745762584
1779819345,47.100847457627815
1779819360,47.27203389830489
1779819375,47.18474576271423
1779819390,46.65423728813224
1779819405,46.759322033899096
1779819420,46.648305084741814
1779819435,46.61779661016673
1779819450,46.421186440682014
1779819465,46.256779661018335
1779819480,46.15000000000059
1779819495,46.16525423729308
1779819510,46.03050847457904
1779819525,45.949152542368935
1779819540,46.09915254237051
1779819555,45.91016949152464
1779819570,45.52203389830538
1779819585,45.4881355932236
1779819600,45.38050847457302
1779819615,44.94322033897951
1779819630,44.71694915254021
1779819645,44.002542372882246
1779819660,44.16694915253853
1779819675,44.36355932203311
1779819690,44.57966101694737
1779819705,44.38474576271108
1779819720,44.16355932202936
1779819735,43.985593220338885
1779819750,44.279661016949156
1779819765,44.373728813563076
1779819780,44.43559322033622
1779819795,44.85461115517605
1779819810,44.944915254237785
1779819825,45.054237288136775
1779819840,45.0457627118651
1779819855,45.13474576271403
1779819870,45.47372881355902
1779819885,45.87796610169374
1779819900,46.266949152543354
1779819915,46.57457627118535
1779819930,46.83474576271137
1779819945,47.300000000001184
1779819960,47.75847457627267
1779819975,48.010169491524536
1779819990,48.01864406779621
1779820005,48.6466101694939
1779820020,48.827118644070566
1779820035,48.81864406779395
1779820050,48.881355932204876
1779820065,48.79915254237179
1779820080,48.8771186440678
1779820095,48.669491525425215
1779820110,48.438983050846375
1779820125,48.090677966101794
1779820140,48.18050847457618
1779820155,48.29745762711648
1779820170,47.99406779660662
1779820185,47.6737288135608
1779820200,47.82372881355992
1779820215,47.53813559321639
1779820230,47.35508474576587
1779820245,47.176271186437624
1779820260,46.72033898305232
1779820275,46.642372881353864
1779820290,46.42796610169294
1779820305,46.38559322033948
1779820320,46.05338983051035
1779820335,46.16271186440688
1779820350,45.881355932202894
1779820365,45.95338983050601
1779820380,45.98898305084854
1779820395,45.92881355931888
1779820410,46.268644067796714
1779820425,46.56016949152079
1779820440,46.52881355932272
1779820455,46.083050847459994
1779820470,46.100847457623864
1779820485,45.99237288135525
1779820500,46.02627118644196
1779820515,45.906779661017936
1779820530,46.17288135593437
1779820545,45.90932203389673
1779820560,45.85762711864368
1779820575,46.07881355932293
1779820590,45.84661016948828
1779820605,46.2991525423718
1779820620,46.428813559320844
1779820635,46.605932203388356
1779820650,46.59830508474458
1779820665,46.435593220341644
1779820680,46.64322033898177
1779820695,46.365254237286955
1779820710,46.0728813559325
1779820725,46.11779661016969
1779820740,45.81271186440895
1779820755,46.13644067796393
1779820770,46.3313559322027
1779820785,46.07966101694836
1779820800,46.11779661017216
1779820815,46.27118644067551
1779820830,46.600847457628305
1779820845,46.92765836279551
1779820860,46.6347457627101
1779820875,46.433898305088306
1779820890,46.30932203389929
1779820905,46.490677966098936
1779820920,46.254237288134604
1779820920,46.254237288134604
1779820935,46.23559322033544
1779820950,45.96101694915471
1779820965,45.97372881355607
1779820980,45.461016949157674
1779820995,45.35677966101872
1779821010,45.45932203389692
1779821025,45.650847457629
1779821040,45.63644067796443
1779821055,45.4983050847437
1779821070,45.32881355931997
1779821085,45.24237288135722
1779821100,45.22711864406968
1779821115,44.93050847457568
1779821130,44.283050847455854
1779821145,44.19999999999734
1779821160,44.250000000001975
1779821175,44.05338983050986
1779821190,44.20169491525069
1779821205,44.00423728813559
1779821220,44.12542372881544
1779821235,44.10847457627207
1779821250,44.22542372881484
1779821265,44.33135593220467
1779821280,44.92796610169443
1779821295,44.89661016948649
1779821310,45.12372881355864
1779821325,44.75762711865019
1779821340,44.67457627118427
1779821355,44.180508474575184
1779821370,44.18474576271226
1779821385,44.239550106271686
1779821400,44.02457627118566
1779821415,44.22457627118693
1779821430,44.228813559321544
1779821445,44.26779661016831
1779821460,44.366101694916836
1779821475,44.353389830508085
1779821490,44.154237288137175
1779821505,44.2737288135612
1779821520,44.31186440677759
1779821535,44.297457627120416
1779821550,44.319491525426294
1779821565,44.40508474575867
1779821580,44.58305084745654
1779821595,44.344067796608485
1779821610,44.49661016949133
1779821625,44.533898305084755
1779821640,44.8296610169459
1779821655,44.8728813559322
1779821670,44.89406779661017
1779821685,45.089830508476844
1779821700,44.94830508474694
1779821715,45.308474576272374
1779821730,45.44830508474645
1779821745,45.48559322033741
1779821760,45.46610169491772
1779821775,45.712343812498254
1779821790,45.70593220338874
1779821805,45.66271186440984
1779821820,45.423728813559315
1779821835,45.48935261455767
1779821850,45.45338983051144
1779821865,45.44237288135603
1779821880,45.50084745762495
1779821895,45.64745762711983
1779821910,45.45254237288353
1779821925,45.69237288135702
1779821940,45.720338983050844
1779821955,46.00847457627316
1779821970,46.009322033898606
1779821985,46.51525423729099
1779822000,46.88559322033652
1779822015,47.18135593220507
1779822030,47.1177966101687
1779822045,47.219491525423926
1779822060,47.338135593220045
1779822075,47.27118644068191
1779822090,47.26355932203321
1779822105,47.33813559322251
1779822120,47.167796610170875
1779822135,47.4177966101694
1779822150,47.63644067796492
1779822165,47.22372881355854
1779822180,47.079661016947384
1779822195,47.1703389830472
1779822210,46.752542372883234
1779822225,46.71949152542442
1779822240,46.80762711864792
1779822255,47.13644067796541
1779822270,47.166949152545435
1779822285,46.9720338983042
1779822300,46.85847457627305
1779822315,46.07288135593497
1779822330,46.173728813562285
1779822345,45.9881355932231
1779822360,45.999152542373565
1779822375,46.11355932203015
1779822390,46.138983050847656
1779822405,46.416101694914566
1779822420,46.42203389830746
1779822435,46.50254237287979
1779822450,46.659322033899684
1779822465,46.660169491522666
1779822480,46.92203389830203
1779822495,47.0542372881348
1779822510,47.19915254237387
1779822525,47.30254237287998
1779822540,47.135593220337505
1779822555,46.93135593220408
1779822570,47.05254237288392
1779822585,47.18559322033721
1779822600,47.21101694915472
1779822615,47.263559322035675
1779822630,47.26016949152652
1779822645,47.424576271187725
1779822660,47.376271186441365
1779822675,47.04322033898434
1779822690,46.8661016949193
1779822705,46.74237288135574
1779822720,46.73728813559076
1779822735,46.546610169489064
1779822750,46.50338983050769
1779822765,46.75847457627118
1779822780,46.59576271186332
1779822795,46.57033898304829
1779822810,46.90254237287987
1779822825,46.83813559322054
1779822840,46.89745762711737
1779822855,46.68728813559352
1779822870,46.36949152542156
1779822885,46.438135593220444
1779822900,46.30084745762515
1779822915,46.5228813559323
1779822930,46.77542372881208
1779822945,46.481355932201815
1779822960,46.737288135593225
1779822975,47.00423728813756
1779822990,46.87627118644186
1779823005,46.74152542372536
1779823020,46.88559322033898
1779823035,46.75084745762741
1779823050,46.43983050847379
1779823065,46.50980684615117
1779823080,46.48813559321767
1779823095,46.45254237288008
1779823110,46.517796610169796
1779823125,46.640677966102984
1779823140,46.849999999998914
1779823155,46.77457627118664
1779823170,47.10084745762535
1779823185,47.290677966101605
1779823200,47.31610169491417
1779823215,47.51864406779917
1779823230,47.925423728812675
1779823245,48.0703389830468
1779823260,48.030156136657496
1779823275,47.79915254237033
1779823290,48.12203389830479
1779823305,48.349152542371996
1779823320,48.29491525424016
1779823335,48.26355932203469
1779823350,48.62831438430907
1779823365,48.8559322033849
1779823380,48.43559322033721
1779823395,48.127118644069775
1779823410,48.279661016950136
1779823425,47.95338983050896
1779823440,47.8516949152562
1779823455,48.05084745762959
1779823470,47.83220338983406
1779823485,47.98898305084657
1779823500,47.797457627119435
1779823515,47.85254237288166
1779823530,48.58898305084796
1779823545,48.92627118643959
1779823560,49.120338983052925
1779823575,49.25084745762495
1779823590,49.52457627119009
1779823605,49.551360494640015
1779823620,50.16440677965874
1779823635,50.164406779663686
1779823650,50.04406779660928
1779823665,49.96610169491574
1779823680,50.37457627118507
1779823695,50.71101694915126
1779823710,50.91779661016841
1779823725,50.93305084745842
1779823740,51.19576271186569
1779823755,51.15508474576311
1779823770,51.11864406779514
1779823785,51.2855932203376
1779823800,51.74830508474616
1779823815,51.6932203389864
1779823830,50.84406779660948
1779823845,50.91525423728716
1779823860,50.747457627116766
1779823875,50.347457627116675
1779823890,49.96271186441151
1779823905,49.7305084745744
1779823920,49.111864406781244
1779823935,48.96016949152631
1779823950,48.68474576271276
1779823965,48.278813559319765
1779823980,47.954237288134415
1779823995,47.49067796609795
1779824010,47.26694915254237
1779824025,47.13474576271206
1779824040,46.80338983050838
1779824055,47.011864406776404
1779824070,46.67457627118723
1779824085,46.41525423729158
1779824100,46.01355932203322
1779824115,45.22033898305134
1779824130,45.17372881356081
1779824145,45.40847457627425
1779824160,45.61355932203311
1779824175,45.73220338982923
1779824190,45.691525423726645
1779824205,46.12627118643644
1779824220,46.38728813559283
1779824235,46.823728813560905
1779824250,47.11748694081166
1779824265,47.40338983050976
1779824280,47.545762711862636
1779824295,47.48305084745418
1779824310,47.48898305084707
1779824325,47.82033898304828
1779824340,47.93644067796561
1779824355,47.744067796610565
1779824370,47.46525423728538
1779824385,47.3084745762704
1779824400,47.033898305084755
1779824415,47.07033898305026
1779824430,47.15338983050877
1779824445,46.83474576271137
1779824460,46.738135593223596
1779824475,46.49067796610387
1779824490,46.44915254237338
1779824505,46.22711864406621
1779824520,45.80338983050689
1779824535,45.377118644066314
1779824550,45.193220338982954
1779824565,45.06779661016604
1779824580,45.07918590382627
1779824595,44.98305084745664
1779824610,44.763086351957924
1779824625,44.72203389830518
1779824640,44.49067796610338
1779824655,44.738983050848546
1779824670,44.8050847457637
1779824685,44.9288135593248
1779824700,45.17288135593043
1779824715,44.84661016949172
1779824730,44.716101694917235
1779824745,44.83644067796176
1779824760,44.81271186440501
1779824775,44.9966101694933
1779824790,44.323728813555974
1779824805,44.58813559322152
1779824820,44.74491525423897
1779824835,44.959695188508775
1779824850,44.92033898304819
1779824865,44.7415254237298
1779824880,44.84067796610377
1779824895,44.85338983050758
1779824910,45.13389830508366
1779824925,45.07033898305224
1779824940,45.00762711864377
1779824955,45.08474576271433
1779824970,45.08644067796275
1779824985,44.98644067796581
1779825000,44.45847457627248
1779825015,44.438135593219954
1779825030,44.24915254237407
1779825045,43.777118644068395
1779825060,43.760169491525026
1779825075,44.14661016949093
1779825090,44.06779661016702
1779825105,44.00762711864476
1779825120,44.16610169491555
1779825135,44.13050847457301
1779825150,44.33220338983258
1779825165,44.388983050848154
1779825180,44.449152542372886
1779825195,44.44237288135455
1779825210,44.27796610169333
1779825225,44.305084745761725
1779825240,44.26779661016831
1779825255,43.95593220338924
1779825270,44.37495339014612
1779825285,44.62203389830578
1779825300,44.5008474576284
1779825315,44.133898305082184
1779825330,44.02966101694816
1779825345,44.25762711864327
1779825360,43.883898305086134
1779825375,43.769491525422154
1779825390,43.455084745764296
1779825405,43.68389830508731
1779825420,43.66949152542521
1779825435,43.66271186440195
1779825450,43.683050847459405
1779825465,43.83728813559312
1779825480,44.05762711864447
1779825495,44.40847457627277
1779825510,45.03644067797045
1779825525,45.39491525423265
1779825540,45.95508474575936
1779825555,46.76779661016831
1779825570,46.9728813559321
1779825585,47.923728813561794
1779825600,49.121186440678365
1779825615,50.43220338983101
1779825630,51.58050847457578
1779825645,52.79745762711696
1779825660,53.768644067796714
1779825675,54.91186440677651
1779825690,55.97966101694895
1779825705,57.16271186440836
1779825720,58.25593220339091
1779825735,59.216101694917725
1779825750,59.951694915253654
1779825765,61.100847457623864
1779825780,62.00593220339093
1779825795,62.833898305084944
1779825810,63.538983050848245
1779825825,64.44576271186618
1779825840,64.88898305084766
1779825855,65.70254237288451
1779825870,66.37118644067738
1779825885,66.69915254237436
1779825900,67.1313559322029
1779825915,67.55593220339013
1779825930,67.78135593220398
1779825945,67.99999999999704
1779825960,68.14830508474773
1779825975,68.50847457626577
1779825990,68.92881355932332
1779826005,68.73050847457537
1779826020,69.06525423728577
1779826035,69.28559322033958
1779826050,69.32118644067964
1779826065,69.20338983050897
1779826080,69.05932203390275
1779826095,69.3347457627163
1779826110,69.2745762711891
1779826125,68.77033898305253
1779826140,69.25847457627366
1779826155,69.43305084745496
1779826170,69.3983050847502
1779826185,69.11186440678124
1779826200,69.14830508474675
1779826215,69.30254237287801
1779826230,69.04237288135445
1779826245,69.22288135593358
1779826260,69.28050847457706
1779826275,69.26864406779374
1779826290,69.05847457627236
1779826305,68.87711864406533
1779826320,68.69745762711658
1779826335,69.11610169491338
1779826350,69.0652542372907
1779826365,68.99237288135721
1779826380,68.99915254237308
1779826395,68.89406779660622
1779826410,68.89745762712032
1779826425,68.81271186440598
1779826440,68.31271186440402
1779826455,68.50137459025066
1779826470,68.380508474575
1779826485,68.35084745762533
1779826500,68.2610169491485
1779826515,68.03559322033958
1779826530,68.21271186440707
1779826545,68.06016949152918
1779826560,67.86779661017412
1779826575,67.7790320065609
1779826590,68.22203389830419
1779826605,68.29322033898187
1779826620,68.22542372881337
1779826635,67.75084745762396
1779826650,67.70593220338678
1779826665,67.86547209849405
1779826680,67.60508474576193
1779826695,67.54406779660928
1779826710,67.47711864407115
1779826725,67.73220338982972
1779826740,68.25000000000297
1779826755,68.4466101694926
1779826770,68.75762711864624
1779826785,69.05338983050986
1779826800,69.4542372881354
1779826815,69.62966101694707
1779826830,69.39237288135978
1779826845,69.24067796609992
1779826860,69.10593220338835
1779826875,69.06016949152571
1779826890,68.89406779661115
1779826905,69.0330508474598
1779826920,68.9872881355947
1779826935,69.04745762711697
1779826950,68.96186440677965
1779826965,68.8313559322027
1779826980,68.84067796610229
1779826995,68.93898305084835
1779827010,68.79067796610012
1779827025,68.80847457626892
1779827040,67.84830508474458
1779827055,67.72796610169512
1779827070,67.19661016949014
1779827085,67.16271186440837
1779827100,66.55932203390029
1779827115,66.49406779660809
1779827130,66.81355932203094
1779827145,67.0169491525414
1779827160,67.14915254237171
1779827175,67.09152542372823
1779827190,66.8305084745743
1779827205,67.2847457627161
1779827220,67.27881355932321
1779827235,67.38898305085013
1779827250,67.71694915253971
1779827265,67.79322033897989
1779827280,68.29406779660978
1779827295,68.47457627118398
1779827310,68.58135593220172
1779827325,68.83559322033977
1779827340,68.94661016949212
1779827355,68.86779661017069
1779827370,68.9033898305132
1779827385,68.76949152542215
1779827400,69.02627118644146
1779827415,69.41440677966318
1779827430,69.1288135593246
1779827445,69.26101694915492
1779827460,69.27881355932371
1779827475,69.37711864406977
1779827490,69.64661016948797
1779827505,69.3415254237297
1779827520,69.52372881355478
1779827535,69.63813559322122
1779827550,69.72203389830764
1779827565,69.49745762711676
1779827580,69.3898305084736
1779827595,69.28983050847418
1779827610,69.13135593220339
1779827625,68.86694915254277
1779827640,68.79999999999724
1779827655,69.15169491525344
1779827670,69.07457627118536
1779827685,69.13220338983376
1779827700,69.06355932203489
1779827715,68.96440677966092
1779827730,68.91101694915452
1779827745,68.65677966101153
1779827760,68.69491525423533
1779827775,68.61694915254178
1779827790,68.51271186440283
1779827805,68.31864406779444
1779827820,67.93898305084687
1779827835,67.58220338983307
1779827850,67.54384775489915
1779827865,67.63389830508366
1779827880,67.76016949152601
1779827895,67.69661016949212
1779827910,67.97288135593605
1779827925,67.92425007712022
1779827940,67.91271186440639
1779827955,67.90593220339052
1779827970,67.69999999999882
1779827985,67.94745762711608
1779828000,68.0237288135612
1779828015,67.87457627118752
1779828030,68.04406779661372
1779828045,67.77542372881355
1779828060,67.81864406779493
1779828075,67.41355932203233
1779828090,67.38220338983425
1779828105,67.71864406779554
1779828120,68.03728813559293
1779828135,67.97542372881485
1779828150,68.02457627118663
1779828165,67.73050847457637
1779828180,67.57118644067768
1779828195,67.37796610169718
1779828210,67.2584745762707
1779828225,67.53728813559589
1779828240,66.93559322033622
1779828255,67.07542372881277
1779828270,67.17881355932134
1779828285,66.93983050847822
1779828300,66.95254237287958
1779828315,67.29491525423622
1779828330,67.32033898305124
1779828345,67.32033898304877
1779828360,67.36186440677928
1779828375,67.74576271186392
1779828390,67.47203389830369
1779828405,67.31525423728873
1779828420,67.25508474576152
1779828435,67.58898305084648
1779828450,67.79723930331316
1779828465,67.70338983050553
1779828480,68.68538091783594
1779828495,68.87606017667838
1779828510,68.74830508474419
1779828525,68.55000000000118
1779828540,68.7203389830479
1779828555,68.58389830508791
1779828570,68.51355932203074
1779828585,68.56186440678202
1779828600,68.19322033898493
1779828615,67.8406779661008
1779828630,67.7949152542357
1779828645,67.75677966101439
1779828660,68.05847457627088
1779828675,68.27796610169432
1779828690,68.531355932202
1779828705,68.68135593220606
1779828720,68.71440677965747
1779828735,68.80847457627385
1779828750,68.77711864407085
1779828765,68.7881355932164
1779828780,68.3457627118653
1779828795,68.31525423729268
1779828810,68.69067796610318
1779828825,68.84152542372526
1779828840,68.83983050847684
1779828855,69.19661016949557
1779828870,69.20762711864357
1779828885,69.1347457627101
1779828900,69.31525423728675
1779828915,69.59406779660702
1779828930,69.68813559322093
1779828945,69.35593220338933
1779828960,68.98983050847842
1779828975,69.02033898305105
1779828990,68.4601694915268
1779829005,68.48644067796482
1779829020,68.08474576271138
1779829035,67.68389830508583
1779829050,67.73898305084558
1779829065,67.41779661017186
1779829080,67.14745762712082
1779829095,67.10847457627158
1779829110,66.67711864406603
1779829125,66.68898305084934
1779829140,66.15508474576556
1779829155,66.12118644067885
1779829170,66.29491525423718
1779829185,65.98389830508356
1779829200,66.0593220338983
1779829215,66.58135593220122
1779829230,66.86378397434515
1779829245,66.89067796610149
1779829260,66.84661016949221
1779829275,66.99288467340257
1779829290,66.92542372881613
1779829305,66.8983050847428
1779829320,67.33983050847338
1779829335,67.13559322033751
1779829350,67.01525423728803
1779829365,67.89067796610051
1779829380,68.42627118644256
1779829395,68.4499999999993
1779829410,68.51101694915195
1779829425,68.5381355932228
1779829440,68.43919702238952
1779829455,68.2720338983039
1779829470,68.43389830508633
1779829485,68.31842927748693
1779829500,67.8533898305071
1779829515,66.86610169491438
1779829530,66.9677966101696
1779829545,67.3084745762704
1779829560,67.02288135593429
1779829575,67.17796610169344
1779829590,66.96610169491377
1779829605,66.82457627118634
1779829620,66.9406779661012
1779829635,67.00762711864179
1779829650,66.78050847457459
1779829665,65.97203389830518
1779829680,65.58728813559509
1779829695,65.93898305084637
1779829710,65.6957627118662
1779829725,66.15955146066995
1779829740,66.30423728813432
1779829755,66.41355932203578
1779829770,66.515254237291
1779829785,66.90423728813569
1779829800,67.08135593220565
1779829815,67.38898305084766
1779829830,67.13559322033751
1779829845,66.94864120025572
1779829860,66.92881355932036
1779829875,66.82627118643968
1779829890,66.89745762711736
1779829905,67.11016949152493
1779829920,66.66220343521812
1779829935,66.71779661017354
1779829950,66.92118644067658
1779829965,66.8830508474602
1779829980,66.96525423729081
1779829995,66.82067639989944
1779830010,66.51887105849991
1779830025,66.5864406779662
1779830040,66.72627118644276
1779830055,66.6008474576283
1779830070,66.114406779663
1779830085,66.01016949152158
1779830100,66.32095810819274
1779830115,65.99830508474567
1779830130,66.12457627118556
1779830145,66.25677966101587
1779830160,66.370338983047
1779830175,66.40593220338953
1779830190,66.11864406779759
1779830205,66.2101694915278
1779830220,66.3983050847507
1779830235,66.27711864406592
1779830250,66.00084745762692
1779830265,66.14915254237515
1779830280,65.98220338983515
1779830295,66.01016949152651
1779830310,65.89152542372793
1779830325,65.66271186440737
1779830340,65.5271186440679
1779830355,65.64152542373188
1779830370,65.77288135593182
1779830385,65.40508474576015
1779830400,65.57118644068211
1779830415,65.56271186440796
1779830430,65.38898305084963
1779830445,65.60254237288264
1779830460,65.29830508474488
1779830475,65.37796610169423
1779830490,65.62627118644187
1779830505,65.73474576271047
1779830520,66.1500000000006
1779830535,66.07457627118585
1779830550,65.96101694915718
1779830565,65.96525423728686
1779830580,65.87457627118704
1779830595,66.71186440678312
1779830610,66.82774120502324
1779830625,66.99830508474469
1779830640,66.86440677966101
1779830655,66.96779661016711
1779830670,66.88983050847605
1779830685,67.09745762711864
1779830700,67.18559322033968
1779830715,66.90677966101694
1779830730,66.8703389830539
1779830745,66.73242893268787
1779830760,66.72457627118693
1779830775,66.85508474576389
1779830790,66.6677966101689
1779830805,66.5652542372833
1779830820,66.14152542372398
1779830835,66.21864406779947
1779830850,66.47288135593014
1779830865,66.52966101694817
1779830880,66.0449152542362
1779830895,65.96779661017058
1779830910,65.51271186440826
1779830925,65.64576271186402
1779830940,65.82542372881524
1779830955,65.66694915254199
1779830970,65.49067796610238
1779830985,65.37033898304799
1779831000,65.15084745762702
1779831015,65.5771186440676
1779831030,65.66186440678193
1779831045,65.82118644068062
1779831060,65.85508474576488
1779831075,65.95677966101518
1779831090,66.16779661017186
1779831105,66.0406779661016
1779831120,65.90169491525295
1779831135,65.71610169491623
1779831150,65.61016949152642
1779831165,65.53813559322083
1779831180,65.24152542372931
1779831195,65.17711864407244
1779831210,65.18813559322044
1779831225,65.02966101694965
1779831240,64.91949152542274
1779831255,65.1423728813578
1779831270,64.86186440677926
1779831285,64.8817130673277
1779831300,64.86440677966299
1779831315,64.801694915257
1779831330,64.50847457627218
1779831345,64.46525423728832
1779831360,64.27372881356119
1779831375,64.16610169491308
1779831390,63.93559322033918
1779831405,63.869491525424024
1779831420,63.82627118644265
1779831435,63.78728813559589
1779831450,63.69406779660988
1779831465,63.68389830508485
1779831480,64.02033898304857
1779831495,64.3033898305059
1779831510,64.29830508474339
1779831525,64.48728813559421
1779831540,64.30762711864053
1779831555,64.37966101695103
1779831570,64.32796610169305
1779831585,64.31016949152423
1779831600,64.31016949152178
1779831615,64.18111309229185
1779831630,64.16186440678095
1779831645,64.18026562892089
1779831660,63.77602560017337
1779831675,64.14322033898424
1779831690,64.23474576271197
1779831705,64.21779661017108
1779831720,64.44491525424074
1779831735,64.64237288135584
1779831750,64.94745762711658
1779831765,64.97288135593409
1779831780,64.82457627118585
1779831795,64.76525423728657
1779831810,64.6279661016962
1779831825,64.42796610169492
1779831840,64.33898305084844
1779831855,63.993464451085615
1779831870,64.04322033898237
1779831885,64.0364406779665
1779831900,64.14745762711884
1779831915,64.3652542372914
1779831930,64.49152542372882
1779831945,64.7915254237295
1779831960,64.81525423728627
1779831975,64.53898305084974
1779831990,64.67711864407046
1779832005,64.47966101695044
1779832020,64.5042372881351
1779832035,64.12203389830626
1779832050,64.02118644067649
1779832065,64.05084745762612
1779832080,63.95169491525217
1779832095,63.98644067796433
1779832110,63.949999999998816
1779832125,64.21525423728983
1779832140,64.39237288135485
1779832155,64.24830508474616
1779832170,64.02457627118565
1779832185,64.26949152542166
1779832200,64.12966101694757
1779832215,63.92118644067955
1779832230,63.830508474577265
1779832245,63.77796610169383
1779832260,63.796610169488076
1779832275,63.86610169491485
1779832290,63.95762711864506
1779832305,63.85932203389899
1779832320,63.65593220339101
1779832335,63.88305084745822
1779832350,63.81271186440599
1779832365,63.667796610166924
1779832380,63.587288135589674
1779832395,63.61440677966053
1779832410,63.78644067796551
1779832425,63.733898305087024
1779832440,63.629661016950536
1779832455,63.72627118643831
1779832470,63.592372881357115
1779832485,63.888135593218266
1779832500,63.55677966101951
1779832515,63.62881355932263
1779832530,63.7677966101688
1779832545,63.802542372880964
1779832560,64.06271186440698
1779832575,63.84152542373266
1779832590,63.58389830508544
1779832605,63.66355932203231
1779832620,63.58559322033879
1779832635,63.78474576270723
1779832650,63.96694915254217
1779832665,64.18728813559105
1779832680,64.28099268806035
1779832695,64.33305084745801
1779832710,64.18983050847477
1779832725,64.34576271186184
1779832740,64.60084745762781
1779832755,64.72372881355606
1779832770,64.56549447122353
1779832785,64.47288135592963
1779832800,64.73135593220476
1779832815,65.1279661016957
1779832830,65.16355932203824
1779832845,65.08305084745851
1779832860,65.34576271186332
1779832875,65.49067796610238
1779832890,65.61440677966101
1779832905,66.06610169491417
1779832920,66.2635593220342
1779832935,66.48474576271343
1779832950,66.86406980409971
1779832965,66.97372881356249
1779832980,67.02203389830636
1779832995,67.38559322033849
1779833010,67.1889830508513
1779833025,67.08474576271236
1779833040,66.88983050847605
1779833055,66.96355932203252
1779833070,67.1042372881345
1779833085,66.90508474575867
1779833100,66.5118644067769
1779833115,65.9169491525405
1779833130,65.64745762711736
1779833145,65.5440677966088
1779833160,65.26101694915393
1779833175,65.35254237288413
1779833190,64.97033898304542
1779833205,64.69152542372763
1779833220,64.40000000000109
1779833235,63.79915254237426
1779833250,63.61465345997359
1779833265,63.13983050847606
1779833280,63.138983050848154
1779833295,62.91610169491555
1779833310,62.71949152542343
1779833325,62.939830508474785
1779833340,62.9093220338997
1779833355,63.28474576271266
1779833370,63.28728813559391
1779833385,63.51016949152898
1779833400,63.618644067797604
1779833415,64.02711864406938
1779833430,64.12966101695251
1779833445,64.04152542373147
1779833460,64.33813559322054
1779833475,64.66694915254297
1779833490,64.57796610169403
1779833505,64.72203389830766
1779833520,64.6779661016959
1779833535,64.98305084745664
1779833550,64.8805084745809
1779833565,64.64322033898374
1779833580,64.812711864405
1779833595,64.83728813559708
1779833610,64.82881355932292
1779833625,64.86440677966053
1779833640,64.62796610169373
1779833655,64.61694915254326
1779833670,64.57033898305026
1779833685,64.16949152542472
1779833700,64.17288135593142
1779833715,64.07288135593201
1779833730,64.20847457626901
1779833745,64.27118644067747
1779833760,63.97711864406721
1779833775,64.0285696852189
1779833790,64.10254237287918
1779833805,63.85423728813648
1779833820,64.10593220338835
1779833835,64.0500000000007
1779833850,64.27203389830538
1779833865,64.53220338982646
1779833880,64.1686440677968
1779833895,64.72457627118891
1779833910,64.88813559321727
1779833925,64.98922041206461
1779833940,65.23112021098784
1779833955,64.94915254237486
1779833970,65.11694915254277
1779833985,65.19576271186668
1779834000,65.08728813559559
1779834015,65.36949152542255
1779834030,65.38813559322172
1779834045,65.28389830508524
1779834060,65.38813559321679
1779834075,65.44745762711854
1779834090,65.44406779661185
1779834105,65.57033898304927
1779834120,65.52966101694915
1779834135,65.56779661017048
1779834150,65.61390901109401
1779834165,65.26127561484063
1779834180,65.18813559322044
1779834195,65.11355932203854
1779834210,65.3432203389796
1779834225,65.31610169491861
1779834240,65.23389830508553
1779834255,65.24661016949429
1779834270,65.36694915254128
1779834285,65.3762711864384
1779834300,65.75932203389515
1779834315,65.26355932203025
1779834330,65.4135593220343
1779834345,65.60169491525227
1779834360,65.51186440677789
1779834375,65.53644067796256
1779834390,65.79491525423768
1779834405,65.82203389830607
1779834420,65.62203389830725
1779834435,65.39745762711884
1779834450,65.48898305084657
1779834465,65.60084745762683
1779834480,65.37711864406386
1779834495,64.9296610169453
1779834510,64.73389830508603
1779834525,64.54661016949103
1779834540,64.67966101695171
1779834555,64.95338983050947
1779834570,65.35932203389999
1779834585,65.67033898304622
1779834600,65.60762711864268
1779834615,65.60847457627305
1779834630,65.5915254237297
1779834645,65.54576271186214
1779834660,65.31610169491614
1779834675,65.11186440678026
1779834690,64.96271186440413
1779834705,65.27372881355775
1779834720,65.37118644068083
1779834735,65.20508474576133
1779834750,65.25000000000098
1779834765,65.1754237288117
1779834780,65.58898305084846
1779834795,65.7228813559321
1779834810,65.86525423728497
1779834825,66.11864406779266
1779834840,65.89237288135583
1779834855,65.59237288135515
1779834870,65.09491525423444
1779834885,64.66610169491753
1779834900,64.73220338983022
1779834915,64.98135593220329
1779834930,64.71864406779355
1779834945,64.7025423728781
1779834960,64.59152542373069
1779834975,64.72203389830766
1779834990,64.81694915254208
1779835005,64.56355932203192
1779835020,64.9635593220345
1779835035,64.80677966101705
1779835050,64.88898305085013
1779835065,64.71440677966388
1779835080,64.73474576270654
1779835095,64.55423728813727
1779835110,64.59830508474901
1779835125,64.2466101694928
1779835140,64.30932203390127
1779835155,64.32542372881178
1779835170,64.62118644067787
1779835185,64.8872881355943
1779835200,64.8872881355943
1779835215,64.98220338982874
1779835230,64.90593220338855
1779835245,65.00084745763037
1779835260,65.01694915254089
1779835275,64.90169491525147
1779835290,64.97711864406621
1779835305,64.68220338982805
1779835320,64.5898305084724
1779835335,64.86186440678173
1779835350,64.86440677966053
1779835365,65.02118644067797
1779835380,64.71949152542393
1779835395,64.94406779660987
1779835410,65.04237288135346
1779835425,65.03050847457509
1779835440,64.95084745762574
1779835455,64.86610169491634
1779835470,64.74237288135525
1779835485,64.68983050847675
1779835500,64.48898305084757
1779835515,64.54491525424015
1779835530,64.73728813559273
1779835545,64.68159537901606
1779835560,64.97542372881533
1779835575,64.8830508474597
1779835590,64.59745762711864
1779835605,64.69830508474597
1779835620,64.93559322033819
1779835635,65.1318487984597
1779835650,65.1627118644054
1779835665,65.37118644067344
1779835680,65.35508474576291
1779835695,65.28305084745487
1779835710,65.47711864406573
1779835725,65.28983050847319
1779835740,65.15677966101498
1779835755,65.30508474576321
1779835770,65.14406779660868
1779835785,65.04915254237427
1779835800,65.10677966101774
1779835815,65.22033898304888
1779835830,64.89043993519024
1779835845,64.66101694915254
1779835860,64.84322033898255
1779835875,64.94406779661234
1779835890,65.077966101696
1779835905,65.26271186440728
1779835920,64.950356437051
1779835935,64.81525423728873
1779835950,64.47118644067629
1779835965,64.34152542373216
1779835980,64.36101694915433
1779835995,64.26864406779376
1779836010,64.19322033898148
1779836025,64.37203389830479
1779836040,64.42457627118328
1779836055,64.24830508474369
1779836070,64.65169491525542
1779836085,64.50338983050966
1779836100,64.52118644067846
1779836115,64.19721489636962
1779836130,64.30338983051085
1779836145,64.49152542372883
1779836160,64.23898305084657
1779836175,64.17966101694974
1779836190,64.0788135593249
1779836205,63.68050847457815
1779836220,63.383050847456246
1779836235,63.6016949152567
1779836250,63.47542372881188
1779836265,63.68644067796857
1779836280,63.60593220338884
1779836295,63.771186440677965
1779836310,63.6228813559322
1779836325,63.53898305084825
1779836340,63.60762711864466
1779836355,63.60169491525177
1779836370,63.483050847458124
1779836385,63.167198866450434
1779836400,63.274576271185154
1779836415,64.16355932203429
1779836430,64.35932203389851
1779836445,64.4309942134987
1779836460,64.45338983050995
1779836475,64.09152542373118
1779836490,64.20593220339515
1779836505,64.48220338982922
1779836520,64.35677966101724
1779836535,64.54322033898187
1779836550,64.44237288135702
1779836565,64.37033898304898
1779836580,64.4228813559324
1779836595,64.35762711864761
1779836610,64.25338983050621
1779836625,64.53474576271019
1779836640,64.84322033898009
1779836655,64.9635593220345
1779836670,65.3762711864384
1779836685,65.74237288135424
1779836700,66.26016949152503
1779836715,65.57118644067225
1779836730,65.69406779661037
1779836745,65.50169491525286
1779836760,65.33474576271286
1779836775,65.54491525423668
1779836790,65.14745762712032
1779836805,65.45423728813195
1779836820,65.46610169491773
1779836835,65.21694915254464
1779836850,65.17881355932084
1779836865,65.20254237288007
1779836880,64.96864406779947
1779836895,65.11186440678271
1779836910,65.08983050847438
1779836925,64.9364406779661
1779836940,64.79588204785469
1779836955,64.44576271186372
1779836970,64.24745762712318
1779836985,64.03220338983189
1779837000,63.59237288135958
1779837015,63.041525423732466
1779837030,62.7203389830538
1779837045,63.08898305084598
1779837060,62.884745762712555
1779837075,62.900847457628004
1779837090,62.856779661013796
1779837105,62.93305084745644
1779837120,62.88728813559381
1779837135,62.669491525421265
1779837150,62.95847457626655
1779837165,63.288135593216886
1779837180,63.38644067796788
1779837195,63.267796610166826
1779837210,62.95932203389939
1779837225,62.75084745762642
1779837240,62.8466101694863
1779837255,62.83220338982913
1779837270,62.565254237289714
1779837285,62.66864406779828
1779837300,62.64999999999912
1779837315,62.64322033898324
1779837330,62.603389830511034
1779837345,62.70932203389841
1779837360,62.47288135593407
1779837375,62.266949152542374
1779837390,62.25737123641881
1779837405,62.03898305084973
1779837420,62.1635593220338
1779837435,62.152542372883325
1779837450,62.41694915254396
1779837465,62.174576271181806
1779837480,61.79399741022247
1779837495,62.27372881355577
1779837510,62.29237288135248
1779837525,62.41949152542274
1779837540,62.27542372881159
1779837555,62.415254237290604
1779837570,62.691525423727136
1779837585,62.748305084750115
1779837600,62.92542372881513
1779837615,63.03050847457953
1779837630,63.04067796610209
1779837645,63.07033898305174
1779837660,63.428813559323814
1779837675,63.538135593220346
1779837690,63.627966101694724
1779837705,63.7183980908349
1779837720,63.58644067796669
1779837735,63.5474576271224
1779837750,63.448305084743495
1779837765,63.25423728814003
1779837780,63.48050847457933
1779837795,63.08474576271384
1779837810,63.1550847457636
1779837825,63.10254237288264
1779837840,63.03728813559539
1779837855,63.03135593220004
1779837870,62.74999999999853
1779837885,62.9669491525407
1779837900,62.78898305085022
1779837915,62.98644067796532
1779837930,63.067796610170475
1779837945,63.06271186441044
1779837960,62.87457627118507
1779837975,63.114406779665956
1779837990,63.188983050850325
1779838005,63.4059322033925
1779838020,63.752542372883724
1779838035,63.7466101694933
1779838050,63.538983050848245
1779838065,63.64576271186105
1779838080,63.900847457627016
1779838095,64.18983050847724
1779838110,64.24491525423946
1779838125,64.14406779660968
1779838140,64.08135593220122
1779838155,64.29152542373247
1779838170,64.43305084745742
1779838185,64.08305084745703
1779838200,63.86525423728941
1779838215,63.8203389830473
1779838230,63.65508474576558
1779838245,63.89915254236874
1779838260,63.62203389830184
1779838275,63.67360567324006
1779838290,63.49830508474567
1779838305,63.316101694913186
1779838320,63.27881355932223
1779838335,63.50338983050818
1779838350,63.72881355932203
1779838365,63.94661016948966
1779838380,63.77881355931927
1779838395,63.62033898305095
1779838410,63.713559322034484
1779838425,63.56271186440501
1779838440,63.63135593220635
1779838455,63.25677966101636
1779838470,63.38728813559085
1779838485,63.24406779661007
1779838500,62.98305084745368
1779838515,63.133050847457724
1779838530,63.123728813558145
1779838545,62.860169491527884
1779838560,62.63135593220487
1779838575,62.53389830508178
1779838590,62.240677966101885
1779838605,62.0796610169523
1779838620,61.95932203389545
1779838635,61.67627118644058
1779838650,61.56101694915363
1779838665,61.39915254237367
1779838680,61.6491525423722
1779838695,61.79322033898088
1779838710,61.764406779664085
1779838725,61.608474576269614
1779838740,61.600000000002865
1779838755,61.81016949152425
1779838770,61.73983050847448
1779838785,61.64067796610298
1779838800,61.641525423728424
1779838815,61.56316843900207
1779838830,61.57033898305322
1779838845,61.90508474576606
1779838860,62.220338983054305
1779838875,62.58813559322349
1779838890,63.077118644067596
1779838905,63.11525423728646
1779838920,63.16949152542324
1779838935,63.13245333930118
1779838950,62.644067796608695
1779838965,62.71949152542343
1779838980,62.570338983049766
1779838995,62.570338983049766
1779839010,62.594067796611455
1779839025,62.65508474576163
1779839040,62.49322033898167
1779839055,62.423728813557354
1779839070,62.47372881356199
1779839085,62.538135593223785
1779839100,62.470338983050354
1779839115,62.605084745759456
1779839130,62.720338983051334
1779839145,62.42627118643861
1779839160,62.234745762711476
1779839175,61.93813559321748
1779839190,61.80169491525503
1779839205,61.8161016949122
1779839220,61.78050847457459
1779839235,61.94067796609873
1779839250,61.97118644068122
1779839265,61.87033898305144
1779839280,61.80762711864298
1779839295,61.70423728813687
1779839310,61.71271186440856
1779839325,61.54576271186362
1779839340,61.54406779660534
1779839355,61.355670207936086
1779839370,61.603389830509556
1779839385,61.6779661016964
1779839400,61.96016949152582
1779839415,61.580508474578245
1779839430,61.51525423728853
1779839445,61.470338983048876
1779839460,61.80593220338717
1779839475,61.840936671615886
1779839490,61.39432952997028
1779839505,61.604237288134996
1779839520,61.39745762711786
1779839535,61.50169491525187
1779839550,61.5186440677977
1779839565,61.4584745762705
1779839580,61.60677966101626
1779839595,61.814406779658846
1779839610,61.82457627118387
1779839625,61.82118644067718
1779839640,61.78983050847665
1779839655,61.94322033898493
1779839670,61.61101694915333
1779839685,61.57627118643872
1779839700,61.3737288135611
1779839715,61.349999999999405
1779839730,61.09406779661046
1779839745,60.98559322033938
1779839760,60.78644067796354
1779839775,60.56610169491713
1779839790,60.58389830508346
1779839805,60.507627118643285
1779839820,60.38813559322171
1779839835,60.44661016949311
1779839850,60.39491525423759
1779839865,60.10281286228992
1779839880,59.84549047789849
1779839895,59.9584745762695
1779839910,59.93644067796857
1779839925,59.93728813559402
1779839940,59.77542372881406
1779839955,59.835593220336314
1779839970,59.87457627118555
1779839985,60.575423728811785
1779840000,60.88728813559578
1779840015,61.38559322034194
1779840030,61.65045746228017
1779840045,61.77288135593082
1779840060,61.72627118643782
1779840075,62.09406779660949
1779840090,62.117796610168696
1779840105,62.15169491525295
1779840120,62.23559322033938
1779840135,62.06271186440402
1779840150,62.15000000000208
1779840165,62.308474576272864
1779840180,61.9550847457633
1779840195,62.088983050849436
1779840210,62.15169491525296
1779840225,62.212711864408064
1779840240,62.1728813559334
1779840255,62.36694915253932
1779840270,62.63898305084864
1779840285,61.87118644067935
1779840300,61.93813559321995
1779840315,61.715254237292285
1779840330,61.64322033898178
1779840345,61.601694915258676
1779840360,61.555932203391116
1779840375,61.540677966098634
1779840390,61.73363887212726
1779840405,61.67288135593388
1779840420,61.774576271189105
1779840435,61.95932203389791
1779840450,62.21186440677522
1779840465,62.249152542371114
1779840480,62.69576271186668
1779840495,62.75423728813806
1779840510,62.85593220339082
1779840525,62.950847457625244
1779840540,63.89406779660869
1779840555,63.89237288135781
1779840570,64.05762711864693
1779840585,63.95762711864259
1779840600,64.06949152542532
1779840615,64.21779661016613
1779840630,64.15847457627177
1779840645,64.22033898305233
1779840660,64.1186440677971
1779840675,64.2279661016961
1779840690,64.33389830508594
1779840705,64.1576271186414
1779840720,64.27966101694422
1779840735,64.34576271186678
1779840750,63.871186440679836
1779840765,63.85508474576439
1779840780,63.466101694914755
1779840795,63.35508474576488
1779840810,63.1940677966079
1779840825,62.55508474576469
1779840840,62.148767614584735
1779840855,61.98474576271049
1779840870,61.64915254236972
1779840885,61.632203389833776
1779840900,61.56694915254158
1779840915,61.46186440677967
1779840930,61.63389830508464
1779840945,61.665254237287634
1779840960,61.877966101692735
1779840975,61.826012379748896
1779840990,61.61271186440421
1779841005,61.56355932203736
1779841020,61.49999999999852
1779841035,61.467796610172556
1779841050,61.62314153802298
1779841065,61.74745762712072
1779841080,61.737288135593225
1779841095,62.193220338983444
1779841110,62.05338983050937
1779841125,61.83389830508593
1779841140,61.47542372880892
1779841155,61.617796610169194
1779841170,61.86610169491931
1779841185,61.755084745764485
1779841200,61.922881355932404
1779841215,62.138135593223694
1779841230,61.91271186440736
1779841245,62.27881355931828
1779841260,61.861864406779766
1779841275,62.33813559321758
1779841290,62.569491525424326
1779841305,62.74152542372931
1779841320,62.805084745768134
1779841335,62.96101694915275
1779841350,62.79152542373148
1779841365,63.07711864407006
1779841380,63.35677966101824
1779841395,63.170338983046214
1779841410,63.52833699996311
1779841425,63.741525423728326
1779841440,63.843220338983556
1779841455,64.06949152542532
1779841470,64.07033898305075
1779841485,64.04237288135445
1779841500,63.88220338983278
1779841515,63.708474576269516
1779841530,63.534745762711175
1779841545,63.48728813559272
1779841560,63.402542372880866
1779841575,63.109322033896035
1779841590,62.96101694915027
1779841605,62.77118644067896
1779841620,62.538135593218854
1779841635,62.60677966101774
1779841650,62.531355932203006
1779841665,62.4183892772112
1779841680,62.06355932203193
1779841695,61.919491525425705
1779841710,61.51245093187615
1779841725,61.76864406779622
1779841740,61.88813559322024
1779841755,61.74322033898364
1779841770,61.90482647340071
1779841785,61.69745762712101
1779841800,61.66610169491309
1779841815,61.86186440678223
1779841830,62.3084745762704
1779841845,62.45593220339072
1779841860,62.44915254236992
1779841875,62.37372881356011
1779841890,62.67627118644206
1779841905,62.54406779660928
1779841920,62.75338983050523
1779841935,62.53728813559095
1779841950,62.48559322034036
1779841965,62.402287473133434
1779841980,62.997457627118244
1779841995,62.948305084743986
1779842010,63.049152542373776
1779842025,63.18728813558957
1779842040,62.92881355932184
1779842055,62.79999999999822
1779842070,62.681355932199644
1779842085,62.903389830506796
1779842100,62.980508474577356
1779842115,62.69661016949212
1779842130,62.67627118643959
1779842145,63.08983050847389
1779842160,63.327118644066125
1779842175,63.5686440677979
1779842190,63.25847457627217
1779842205,63.54830508474784
1779842220,63.71610169491575
1779842235,64.15169491525592
1779842250,64.37203389830479
1779842265,64.41101694914909
1779842280,64.33135593219974
1779842295,64.29830508474586
1779842310,64.2957627118646
1779842325,64.5042372881351
1779842340,64.42348761686618
1779842355,64.58704804778377
1779842370,64.53026800181381
1779842385,64.26610169491742
1779842400,64.0652542372907
1779842415,64.06355932203489
1779842430,63.93898305084835
1779842445,63.80593220339013
1779842460,63.44745762711559
1779842475,63.28050847457558
1779842490,63.077966101695516
1779842505,62.62966101695152
1779842520,62.36864406779513
1779842520,62.36864406779513
1779842535,62.11101694915284
1779842550,61.78135593220251
1779842565,61.69602239984893
1779842580,61.39661016949242
1779842595,61.62496652576276
1779842610,61.20299528470127
1779842625,60.958474576270994
1779842640,61.08813559322004
1779842655,60.90084745762751
1779842670,60.67966101694579
1779842685,60.713559322032516
1779842700,60.84152542372576
1779842715,60.81355932203439
1779842730,60.64915254237071
1779842745,60.345762711868254
1779842760,60.157627118642885
1779842775,60.37033898305292
1779842790,60.651961681615916
1779842805,60.91610169491752
1779842820,61.01949152542363
1779842835,60.74576271186343
1779842850,60.576271186442156
1779842865,60.58559322033681
1779842880,60.727118644071645
1779842895,60.80084745762318
1779842910,60.997457627117754
1779842925,61.2533898305067
1779842940,61.40254237288036
1779842955,61.73389830508652
1779842970,62.04661016949103
1779842985,62.09152542372822
1779843000,62.14491525423709
1779843015,62.11949152542452
1779843030,62.335593220343725
1779843045,62.690083457063
1779843060,62.56355932203637
1779843075,62.54491525423966
1779843090,62.299152542375744
1779843105,62.1347457627096
1779843120,62.1288135593241
1779843135,62.35593220338884
1779843150,62.307627118642486
1779843165,62.28474576271117
1779843180,62.13559322033997
1779843195,61.9624539827367
1779843210,61.79830508474586
1779843225,61.584745762712856
1779843240,61.614797137655245
1779843255,61.552542372881945
1779843270,61.42542372881168
1779843285,61.124576271185546
1779843300,61.28305084745882
1779843315,61.37203389830282
1779843330,61.15932203389771
1779843345,61.2533898305067
1779843360,61.257627118643775
1779843375,61.58050847457578
1779843390,61.89915254237071
1779843405,61.84322033898305
1779843420,61.73050847457488
1779843435,61.62372881355962
1779843450,61.651694915255916
1779843465,61.766360906025
1779843480,61.71864406779898
1779843495,61.714406779661914
1779843510,61.45508474576133
1779843525,61.63813559321925
1779843540,61.58050847457578
1779843555,61.295762711862636
1779843570,61.391525423729895
1779843585,61.5322033898319
1779843600,61.409322033898704
1779843615,61.631355932200925
1779843630,61.70873417807366
1779843645,61.869491525426
1779843660,61.5618644067766
1779843675,61.39406779661116
1779843690,61.104237288133035
1779843705,61.21355932203449
1779843720,61.45762711864259
1779843735,61.7533898305062
1779843750,61.714406779661914
1779843765,61.8728813559327
1779843780,61.67288135593141
1779843795,61.80593220338717
1779843810,61.956779661021585
1779843825,62.132203389830806
1779843840,62.157627118643376
1779843855,62.06864406779691
1779843870,61.816949152540104
1779843885,61.72796610169857
1779843900,61.90847457626782
1779843915,61.450847457624256
1779843930,61.50084745762889
1779843945,61.5644067796628
1779843960,61.63220338982883
1779843975,61.618644067794634
1779843990,61.40169491525247
1779844005,61.49661016948935
1779844020,61.2677966101688
1779844035,61.057627118642486
1779844050,61.066101694914174
1779844065,60.97372881355854
1779844080,60.95593220338973
1779844095,61.1127118644047
1779844110,60.970338983049366
1779844125,60.961864406777686
1779844140,60.969491525423926
1779844155,61.03220338983238
1779844170,61.24406779661204
1779844185,61.16949152542275
1779844200,61.17261811944705
1779844215,60.88644067796542
1779844230,60.77118644067846
1779844245,60.87033898304996
1779844260,61.06355932203045
1779844275,60.79152542372852
1779844290,61.17033898305312
1779844305,61.42457627118625
1779844320,61.36525423728696
1779844335,61.62457627118999
1779844350,61.349999999999405
1779844365,61.580508474578245
1779844380,61.45423728813589
1779844395,61.49745762711727
1779844410,61.78728813559293
1779844425,61.87881355932312
1779844440,61.872881355935164
1779844455,62.126271186440384
1779844470,62.15762711864584
1779844485,62.318644067797905
1779844500,62.27457627118862
1779844515,62.681355932204575
1779844530,62.85254237288165
1779844545,62.93559322034017
1779844560,62.861864406776306
1779844575,63.0635593220334
1779844590,63.07118644067964
1779844605,62.88050847457548
1779844620,62.83135593220368
1779844635,62.58050847457726
1779844650,62.74406779660563
1779844665,62.42796610169442
1779844680,62.20762711864308
1779844695,62.401694915256414
1779844710,62.356779661019225
1779844725,61.91779661016742
1779844740,61.77966101695163
1779844755,61.684745762712254
1779844770,61.48559322033642
1779844785,61.49237288135721
1779844800,61.47118644067678
1779844815,61.35762711864072
1779844830,61.246610169490836
1779844845,61.04067796610653
1779844860,60.9161016949126
1779844875,60.890677966100014
1779844890,60.7900963383305
1779844905,60.90762711864337
1779844920,60.659588748553226
1779844935,60.77033898305055
1779844950,61.01525423728902
1779844965,60.911864406780445
1779844980,60.8881355932237
1779844995,60.76271186440432
1779845010,61.053389830510355
1779845025,61.422881355930436
1779845040,61.24406779661451
1779845055,61.62372881355962
1779845070,61.80762711864298
1779845085,62.403389830507294
1779845100,62.174576271184264
1779845115,62.08813559322153
1779845130,62.33474576271334
1779845145,62.211864406782624
1779845160,61.708474576271485
1779845175,61.83813559321807
1779845190,61.830508474579226
1779845205,61.753389830508674
1779845220,62.22033898304937
1779845235,61.95423728813787
1779845250,61.904237288133224
1779845265,61.775423728812086
1779845280,61.77372881355873
1779845295,61.76890326166748
1779845310,61.42881355932085
1779845325,61.42372881355587
1779845340,61.37288135593073
1779845355,61.29745762712091
1779845370,60.935593220339676
1779845385,60.78559322034056
1779845400,60.941525423730106
1779845415,61.076271186441666
1779845430,61.10000000000089
1779845445,61.40677966101744
1779845460,61.55084745762613
1779845475,61.29745762712091
1779845490,61.496610169486885
1779845505,61.42033898304917
1779845520,61.389830508474084
1779845535,61.50593220338647
1779845550,61.59661016949123
1779845565,61.47542372881385
1779845580,61.47581550017671
1779845595,61.48559322033642
1779845610,61.555932203391116
1779845625,61.4661016949118
1779845640,61.394915254236594
1779845655,61.533050847457325
1779845670,61.36864406779365
1779845685,61.3101694915272
1779845700,61.3491525423715
1779845715,61.17372881356229
1779845730,61.101694915254235
1779845745,61.19745762711657
1779845760,61.241525423725854
1779845775,61.20677966101863
1779845790,61.233898305084544
1779845805,61.09152542372674
1779845820,61.17457627118525
1779845835,61.22711864406869
1779845850,61.10000000000089
1779845865,61.03983050847121
1779845880,61.083898305082975
1779845895,61.282203389830904
1779845910,61.29745762712091
1779845925,61.138135593219744
1779845940,60.83220338983357
1779845955,60.83983050847734
1779845970,60.91779661017087
1779845985,60.77627118644098
1779846000,60.90423728813668
1779846015,60.78644067796848
1779846030,60.796610169493505
1779846045,60.77711864406642
1779846060,60.85762711864614
1779846075,60.87627118644286
1779846090,60.908474576273754
1779846105,60.89915254237417
1779846120,60.98559322033692
1779846135,61.22457627118742
1779846150,61.19491525423532
1779846165,61.427118644067505
1779846180,61.54576271186609
1779846195,61.78135593220251
1779846210,62.11864406779415
1779846225,62.067796610169005
1779846240,62.36186440677927
1779846255,62.73220338983465
1779846270,62.43813559321944
1779846285,62.701694915254635
1779846300,62.67881355932332
1779846315,62.49322033898167
1779846330,62.65169491525493
1779846345,62.645762711864506
1779846360,62.98220338983318
1779846375,63.055335218070276
1779846390,62.88983050847507
1779846405,62.902542372881356
1779846420,63.11016949152395
1779846435,63.172033898306964
1779846450,63.29745762711647
1779846465,63.11779661017019
1779846480,62.97711864407065
1779846495,63.666101694916044
1779846510,63.647457627119344
1779846525,63.807627118648405
1779846540,63.927118644067505
1779846555,63.625423728815925
1779846570,63.279661016950136
1779846585,63.17542372881613
1779846600,63.14491525423611
1779846615,63.37711864407076
1779846630,63.1372881355948
1779846645,62.78898305084775
1779846660,62.81101694915117
1779846675,62.749152542373075
1779846690,62.867796610169194
1779846705,62.699152542375835
1779846720,62.68135593220211
1779846735,62.549152542374266
1779846750,62.62288135593073
1779846765,62.267796610167814
1779846780,61.978813559320066
1779846795,61.505084745763504
1779846810,61.4593220338984
1779846825,61.26016949152749
1779846840,61.23813559322162
1779846855,61.22822896116127
1779846870,61.273728813559224
1779846885,61.04661016949202
1779846900,60.86864406779908
1779846915,60.64152542372694
1779846930,60.81610169491072
1779846945,60.840677966102774
1779846960,60.427118644068486
1779846975,60.53702058996981
1779846990,60.481355932205275
1779847005,60.279661016950634
1779847020,60.21779661017008
1779847035,60.24745762711973
1779847050,60.11610169491486
1779847065,60.16016949151921
1779847080,60.05677966101557
1779847095,60.08644067796769
1779847110,59.81610169491417
1779847125,59.83728813559214
1779847140,59.90847457627474
1779847155,59.99406779661205
1779847170,60.42966101694975
1779847185,60.75423728813757
1779847200,60.72542372881089
1779847215,60.6898305084733
1779847230,60.49067796610239
1779847245,60.72203389830666
1779847260,60.71864406779503
1779847275,60.58305084745555
1779847290,60.679661016950725
1779847305,60.85847457626912
1779847320,60.74745762711677
1779847335,60.764406779655204
1779847350,60.930508474574694
1779847365,60.825423728812765
1779847380,60.604237288135984
1779847395,60.269491525423135
1779847410,60.164406779658755
1779847425,59.855084745760934
1779847440,59.566101694913186
1779847455,58.94237288135751
1779847470,58.6076271186422
1779847485,58.1584745762703
1779847500,57.80932203390028
1779847515,57.379661016950536
1779847530,56.912711864404905
1779847545,56.21779661016664
1779847560,55.51949152542659
1779847575,54.91864406779977
1779847590,54.116101694915855
1779847605,53.016101694912486
1779847620,52.139830508474574
1779847635,50.970338983049366
1779847650,49.829661016948364
1779847665,48.86525423728696
1779847680,48.00338983051113
1779847695,46.934745762715714
1779847710,45.94406779661382
1779847725,45.07203389830805
1779847740,44.10084745762583
1779847755,43.355932203390324
1779847770,42.725423728816324
1779847785,42.29661016949202
1779847800,41.82118644067718
1779847815,41.452542372880075
1779847830,40.77332727679549
1779847845,40.182203389827556
1779847860,39.88644067796393
1779847875,39.589830508474876
1779847890,39.612711864406194
1779847905,39.567796610169005
1779847920,39.63983050847705
1779847935,39.52118644067599
1779847950,39.64661016949045
1779847965,39.675423728812184
1779847980,39.61694915254079
1779847995,39.71016949152434
1779848010,39.769491525426105
1779848025,39.8076271186425
1779848040,40.09322033898355
1779848055,40.10169491525522
1779848070,40.22288135593507
1779848085,40.152542372880376
1779848100,39.95847457626951
1779848115,39.92186308242482
1779848130,40.09915254237397
1779848145,40.41355932203182
1779848160,40.54661016949005
1779848175,40.43728813559105
1779848190,40.391525423728424
1779848205,40.20254237288255
1779848220,40.144067796613626
1779848235,40.14406779661116
1779848250,40.22203389830222
1779848265,40.374576271185056
1779848280,40.33389830508741
1779848295,40.39576271186549
1779848310,40.51355932202877
1779848325,40.77372881355479
1779848340,40.80508474576025
1779848355,40.689830508475765
1779848370,40.61440677966102
1779848385,40.5135593220337
1779848400,40.40932203389722
1779848415,40.44067796610269
1779848430,40.39830508474675
1779848445,40.41525423729257
1779848460,40.54999999999922
1779848475,40.47372881355656
1779848490,40.42457627118723
1779848505,40.4347457627098
1779848520,40.505932203392405
1779848535,40.479661016951916
1779848550,40.34067796610081
1779848565,40.435593220340174
1779848580,40.50677966101537
1779848595,40.46610169491278
1779848610,40.299152542375246
1779848625,40.26271186440974
1779848640,40.36355932203213
1779848655,40.54067796610209
1779848670,40.380508474575485
1779848685,40.68050847457617
1779848700,40.79322033898434
1779848715,40.63644067796442
1779848730,40.55508474575926
1779848745,40.53474576271414
1779848760,40.654237288133224
1779848775,40.72542372881583
1779848790,40.59745762711766
1779848805,40.770338983048084
1779848820,40.7533898305072
1779848835,40.804237288137266
1779848850,40.621186440674414
1779848865,40.78305084745437
1779848880,40.50084745762742
1779848895,40.42288135592895
1779848910,40.627966101695215
1779848925,40.45338983050404
1779848940,40.461864406780656
1779848955,40.417796610171365
1779848970,40.333050847457045
1779848985,40.31949152542038
1779849000,40.33728813559658
1779849015,40.640677966099034
1779849030,40.686440677966594
1779849045,40.62372881356061
1779849060,40.48220338983071
1779849075,40.58220338983012
1779849090,40.46864406779651
1779849105,40.46864406779898
1779849120,40.554237288136285
1779849135,40.40762711864387
1779849150,40.40932203389722
1779849165,40.53728813559292
1779849180,40.52288135593576
1779849195,40.5762711864397
1779849210,40.42542372881267
1779849225,40.350000000002865
1779849240,40.30508474576321
1779849255,40.227966101692644
1779849270,40.09237288135563
1779849285,39.74576271186441
1779849300,39.73813559321571
1779849315,39.29406779661125
1779849330,38.95254237288255
1779849345,39.038135593222314
1779849360,39.04406779661027
1779849375,39.00570502672686
1779849390,38.907627118642885
1779849405,38.82203389830311
1779849420,38.71186440678114
1779849435,38.66186440677897
1779849450,38.576271186441666
1779849465,38.399999999999615
1779849480,38.32881355932194
1779849495,38.33644067796571
1779849510,38.574576271185855
1779849525,38.48813559322064
1779849540,38.5584745762704
1779849555,38.5194915254261
1779849570,38.53220338983239
1779849585,38.69067796610071
1779849600,38.8093220338993
1779849615,39.07966101694787
1779849630,38.93898305084589
1779849645,38.925423728811694
1779849660,39.082616389044986
1779849675,39.21101694915274
1779849690,39.39152542373188
1779849705,39.19915254236943
1779849720,39.38983050847359
1779849735,39.57796610169403
1779849750,39.844067796607995
1779849765,39.92881355932233
1779849780,39.969491525424914
1779849795,39.78389830508326
1779849810,39.755084745763995
1779849825,39.6813559322026
1779849840,39.71864406779848
1779849855,39.816101694919105
1779849870,39.67033898304967
1779849885,39.531355932203496
1779849900,39.2593220338991
1779849915,39.32033898305174
1779849930,39.49152542372635
1779849945,39.43728813559451
1779849960,39.518644067797204
1779849975,39.38898305085061
1779849990,39.66016949152711
1779850005,39.408474576267835
1779850020,39.316101694914664
1779850035,39.37881355931572
1779850050,39.278813559318785
1779850065,39.17372881355439
1779850080,39.39322033898276
1779850095,39.423728813557844
1779850110,39.45423728813786
1779850125,39.46101694915372
1779850140,39.63389830508169
1779850155,39.374576271186044
1779850170,39.50508474576547
1779850185,39.76525423728656
1779850200,39.778813559323225
1779850215,39.75593220338944
1779850230,39.86271186440964
1779850245,39.69406779661136
1779850260,39.54576271186312
1779850275,39.684745762709305
1779850290,39.57627118644068
1779850305,39.73813559321571
1779850320,39.68389830508385
1779850335,39.623728813559126
1779850350,39.60932203389456
1779850365,39.838135593220045
1779850380,39.73220338983268
1779850395,39.751255923690934
1779850410,39.71016949151941
1779850425,39.796610169489554
1779850440,39.74152542372733
1779850455,39.8741364465309
1779850470,39.71610169491723
1779850485,39.75677966101981
1779850500,39.92711864406652
1779850515,39.88728813559184
1779850530,39.979661016947475
1779850545,40.16271186440786
1779850560,40.15084745762949
1779850575,39.82881355932293
1779850590,39.79237288135495
1779850605,39.84576271186382
1779850620,40.03813559322133
1779850635,40.264406779660625
1779850650,40.58305084745556
1779850665,41.213559322032026
1779850680,41.23728813559124
1779850695,41.443220338982954
1779850710,41.4135593220333
1779850725,41.432203389830015
1779850740,41.30468681143552
1779850755,41.37203389830528
1779850770,41.32881355932144
1779850785,41.26186440677838
1779850800,40.969491525423926
1779850815,41.61186440677878
1779850830,41.70847457626902
1779850845,41.68389830508189
1779850860,41.86101694915185
1779850875,41.83813559321807
1779850890,41.8093220338988
1779850905,41.887288135592335
1779850920,41.915254237288636
1779850935,41.78220338982794
1779850950,40.87881355932165
1779850965,40.75847457627218
1779850980,40.415254237290114
1779850995,40.409322033899684
1779851010,40.26186440677937
1779851025,40.18644067796955
1779851040,40.322033898306564
1779851055,40.61186440678469
1779851070,40.53389830508376
1779851085,40.6059322033918
1779851100,40.66440677965826
1779851115,39.9234923034678
1779851130,39.83305084745506
1779851145,39.8288135593254
1779851160,39.76694915254484
1779851175,39.839830508475856
1779851190,39.71355932203598
1779851205,39.73559322034185
1779851220,39.50254237287929
1779851235,39.6533898305063
1779851250,39.59152542372576
1779851265,39.71949152542393
1779851280,39.683898305083865
1779851295,39.693220338978506
1779851310,39.699152542371394
1779851325,39.75762711864525
1779851340,39.62033898305243
1779851355,39.40254237287741
1779851370,39.471186440676284
1779851385,39.76440677966112
1779851400,40.00762711864624
1779851415,40.26101694915146
1779851430,40.030508474575086
1779851445,39.944067796612345
1779851460,39.99152542373079
1779851475,40.26186440678183
1779851490,40.18305084745792
1779851505,40.1313559322024
1779851520,40.22542372881139
1779851535,39.9957627118654
1779851550,39.85593220338638
1779851565,39.85932203390048
1779851580,40.0881355932235
1779851595,40.18898305084835
1779851610,40.115254237286955
1779851625,40.056779661015575
1779851640,39.73559322033938
1779851655,39.82457627118832
1779851670,39.5228813559318
1779851685,39.282203389830414
1779851700,39.26779661017078
1779851715,39.38474576271107
1779851730,39.57881355932194
1779851745,39.99661016949083
1779851760,40.3084745762699
1779851775,40.73728813559667
1779851790,41.223728813559525
1779851805,41.87796610169521
1779851820,42.62881355932361
1779851835,43.65084745762604
1779851850,44.65423728813914
1779851865,45.49830508474862
1779851880,46.28898305084923
1779851895,47.795762711863624
1779851910,49.244915254237
1779851925,50.782203389831395
1779851940,52.554237288136775
1779851955,54.02834605097748
1779851970,55.73843567161941
1779851985,58.10593220338687
1779852000,60.67881355932529
1779852015,63.2686440677972
1779852030,65.79406779661224
1779852045,68.12796610169273
1779852060,70.36610169491091
1779852075,72.65169491525492
1779852090,74.11779661017167
1779852105,75.53305084745831
1779852120,76.60677966101379
1779852135,77.87711864406633
1779852150,78.6576271186493
1779852165,79.83983050847338
1779852180,80.5483050847434
1779852195,80.70338983051242
1779852210,81.45169491525218
1779852225,81.76186440678035
1779852240,82.14745762712082
1779852255,82.42711864406651
1779852270,82.84661016948877
1779852285,81.89067796610149
1779852300,81.08220338983209
1779852315,80.09915254236904
1779852330,79.49661016949132
1779852345,78.76949152542215
1779852360,77.82711864406416
1779852375,76.96202059646757
1779852390,77.09645489121881
1779852405,77.10084745762535
1779852420,76.96355932203498
1779852435,76.59576271186579
1779852450,76.54661016949153
1779852465,76.2533898305067
1779852480,76.00084745762692
1779852495,75.75338983050719
1779852510,76.0449152542362
1779852525,75.82772028190028
1779852540,75.77542372881308
1779852555,75.84237288135614
1779852570,75.93296926430338
1779852585,76.11016949152345
1779852600,76.15508474576063
1779852615,75.73813559321718
1779852630,75.62796610169521
1779852645,75.1915254237296
1779852660,75.28389830508524
1779852675,75.08135593220024
1779852690,75.28983050847566
1779852705,75.22542372881385
1779852720,74.84661016949173
1779852735,74.94067796610071
1779852750,74.56694915254356
1779852765,74.73728813559273
1779852780,74.56271186440895
1779852795,74.53898305084972
1779852810,74.56779661017147
1779852825,74.69661016949014
1779852840,74.85762711864713
1779852855,75.89322033898621
1779852870,75.55677966101754
1779852885,75.64661016948946
1779852900,75.93026369759781
1779852915,76.08220338982962
1779852930,75.97627118643979
1779852945,76.25169491525334
1779852960,76.5661016949112
1779852975,76.65932203389723
1779852990,76.55169491525405
1779853005,76.51694915253941
1779853020,76.98220338983415
1779853035,77.00762711864427
1779853050,77.33813559322004
1779853065,77.48305084745664
1779853080,77.66440677965875
1779853095,77.85508474576784
1779853110,77.80508474576321
1779853125,78.05677966101507
1779853140,77.41101694915353
1779853155,76.98728813559174
1779853170,77.26525423728657
1779853185,77.0186440677972
1779853200,77.5771186440681
1779853215,77.52457627118467
1779853230,77.6278144258613
1779853245,77.85847457626961
1779853260,77.96031891309153
1779853275,77.87118644067836
1779853290,78.052542372878
1779853305,77.98898305084904
1779853320,78.0559322033921
1779853335,78.16949152542077
1779853350,77.58644067796521
1779853365,77.98728813559075
1779853380,78.52711864406494
1779853395,78.51355932203568
1779853410,79.40423728813569
1779853425,79.34745762711766
1779853440,79.24067796610485
1779853455,79.22711864406573
1779853470,79.01779661016732
1779853485,78.91949152542372
1779853500,78.74152542372832
1779853515,79.01694915254188
1779853530,78.4557861409229
1779853545,78.41864406779632
1779853560,78.5805084745738
1779853575,78.32881355931947
1779853590,78.24491525423798
1779853605,78.22966101694797
1779853620,78.07033898304681
1779853635,77.89406779661215
1779853650,78.47627118644226
1779853665,77.80084745762613
1779853680,77.55254237288096
1779853695,77.05338983050936
1779853710,76.24322033898414
1779853725,76.32288135593595
1779853740,76.59915254237002
1779853755,76.78389830508377
1779853770,76.9728813559321
1779853785,77.1127118644062
1779853800,76.64745762711884
1779853815,76.8271186440676
1779853830,76.46694915254464
1779853845,76.88474576271108
1779853860,76.38559322034195
1779853875,76.65847457626931
1779853890,76.34322033898108
1779853905,76.76949152541918
1779853920,76.90423728813569
1779853935,76.84576271186431
1779853950,76.84745762711765
1779853965,76.65000000000009
1779853980,76.74406779660909
1779853995,76.92118644067905
1779854010,77.15338983050384
1779854025,77.03389830508475
1779854040,76.96864406779996
1779854055,76.5838983050874
1779854070,76.52163595993083
1779854085,76.48813559322014
1779854100,76.70508474576232
1779854115,76.89960846794122
1779854130,77.40254237288184
1779854145,77.37203389830675
1779854160,77.63220338983031
1779854175,78.09704288043451
1779854190,78.36186440677828
1779854205,78.09384502215603
1779854220,77.82457627118782
1779854235,77.61463442744699
1779854250,77.5635593220339
1779854265,77.87966101695004
1779854280,77.89661016949093
1779854295,77.48474576271246
1779854310,77.68305084745792
1779854325,77.45084745762574
1779854340,77.71186440677967
1779854355,77.77796610169729
1779854370,77.98474576271444
1779854385,77.73728813559224
1779854400,77.47881355931958
1779854415,77.26355932203568
1779854430,77.12288135593121
1779854445,77.34915254237298
1779854460,76.89406779661067
1779854475,76.86186440677976
1779854490,76.89406779661067
1779854505,76.7745762711891
1779854520,77.29915254237574
1779854535,77.39152542372645
1779854550,77.57372881355893
1779854565,76.96610169491625
1779854580,77.2966101694871
1779854595,77.0093220338976
1779854610,76.90593220338657
1779854625,76.81355932203587
1779854640,76.76880156744662
1779854655,76.21355932203696
1779854670,76.0610169491566
1779854685,75.91355932203379
1779854700,75.96779661017058
1779854715,75.90254237288086
1779854730,75.85169491525818
1779854745,76.19152542372862
1779854760,75.93898305084637
1779854775,75.9008474576275
1779854790,75.29406779661028
1779854805,75.64067796610396
1779854820,75.13220338983031
1779854835,75.2415254237293
1779854850,75.0991525423715
1779854865,75.43534341026823
1779854880,75.44322033898148
1779854895,75.77711864407135
1779854910,75.96610169491476
1779854925,75.83898305084696
1779854940,76.32542372881228
1779854955,76.14915254237269
1779854970,76.34576271186233
1779854985,76.2491525423721
1779855000,76.86525423728646
1779855015,76.46949152542591
1779855030,76.69406779660692
1779855045,76.2406779661004
1779855060,76.19830508474695
1779855075,76.5440677966078
1779855090,77.13983050847457
1779855105,77.04999999999526
1779855120,76.76610169491742
1779855135,77.07118644068063
1779855150,76.62372881356208
1779855165,76.43728813559007
1779855180,76.10762711864466
1779855195,76.40508474576163
1779855210,76.00169491525236
1779855225,76.31271186440846
1779855240,75.9457627118647
1779855255,76.20847457626951
1779855270,76.39745762711784
1779855285,76.46864406780047
1779855300,76.51271186440727
1779855315,76.40932203389623
1779855330,76.54406779661028
1779855345,76.36864406779858
1779855360,76.41101694914958
1779855375,76.13728813559678
1779855390,76.20254237288155
1779855405,76.42118644067462
1779855420,76.28474576271216
1779855435,76.23728813559619
1779855450,76.93728813558958
1779855465,76.93305084745742
1779855480,77.1805084745747
1779855495,77.3830508474597
1779855510,77.40338983051222
1779855525,77.55254237288096
1779855540,77.807627118642
1779855555,77.9101694915276
1779855570,77.60169491525522
1779855585,77.58728813559065
1779855600,77.75000000000345
1779855615,77.92542372881267
1779855630,77.93050847457272
1779855645,78.08220338983259
1779855660,77.91694915254345
1779855675,77.76864406779276
1779855690,77.49999999999754
1779855705,77.74152542372931
1779855720,77.5677966101685
1779855735,77.44830508474695
1779855750,77.10847457627158
1779855765,77.18389830508386
1779855780,77.61525423728695
1779855795,77.30677966101457
1779855810,77.36016949152592
1779855825,77.33305084745753
1779855840,77.1169491525408
1779855855,77.34067796610377
1779855870,76.97711864406918
1779855885,77.13644067796788
1779855900,77.27118644067698
1779855915,77.29406779661076
1779855930,77.07457627118485
1779855945,77.02711864406642
1779855960,77.04745762711894
1779855975,77.20593220338974
1779855990,77.36271186440963
1779856005,77.27203389830736
1779856020,77.71440677965845
1779856035,77.77711864406938
1779856050,77.61440677965905
1779856065,77.7652542372836
1779856080,77.52966101694719
1779856095,77.60084745762732
1779856110,77.44930542843976
1779856125,77.30677966101457
1779856140,77.60593220338737
1779856155,77.23050847457932
1779856170,77.53644067796552
1779856185,77.17627118643762
1779856200,76.97118644067875
1779856215,77.17627118643762
1779856230,77.26694915253991
1779856245,77.46694915254119
1779856260,77.73474576271344
1779856275,77.62881355932608
1779856290,77.83220338983159
1779856305,77.71694915254217
1779856320,77.60593220338737
1779856335,77.91610169491555
1779856350,77.75932203390305
1779856365,77.63644067796491
1779856380,77.08389830508692
1779856395,77.19899795930918
1779856410,77.1906779661022
1779856425,77.10847457626912
1779856440,76.81355932203341
1779856455,77.1872881355955
1779856470,77.22118644067729
1779856485,77.22966101694648
1779856500,76.98050847457341
1779856515,77.09406779661441
1779856530,77.04237288135643
1779856545,76.9822033898317
1779856560,77.41271186440687
1779856575,77.51525423728755
1779856590,77.61440677966152
1779856605,77.77696797944057
1779856620,78.05508474576173
1779856635,77.95847457627148
1779856650,78.02118644068241
1779856665,78.08050847457923
1779856680,78.05677966101754
1779856695,78.38050847457252
1779856710,78.46525423728932
1779856725,78.47542372881189
1779856740,77.95508474576478
1779856755,77.66440677966122
1779856770,76.95338983050995
1779856785,77.15847457627129
1779856800,77.0228813559318
1779856815,77.30593220339162
1779856830,76.67542372881513
1779856845,76.59406779660998
1779856860,76.03220338982992
1779856875,75.67118644067905
1779856890,75.61525423728892
1779856905,74.91186440677897
1779856920,75.07627118644018
1779856935,74.53135593220101
1779856950,74.87372881356012
1779856965,74.84322033898256
1779856980,74.62881355932164
1779856995,74.50677966101635
1779857010,74.57711864406859
1779857025,74.75762711864279
1779857040,75.11355932203361
1779857055,75.24237288135721
1779857070,75.41033620111021
1779857085,75.61508891586031
1779857100,75.1694915254262
1779857115,75.21779661017256
1779857130,75.49067796609992
1779857145,75.70677966101911
1779857160,75.31864406779987
1779857175,75.74491525423551
1779857190,76.77372881355873
1779857205,77.78389830508277
1779857220,78.43220338983298
1779857235,79.57033898305026
1779857250,80.43559322034017
1779857265,81.51610169491643
1779857280,82.58135593220517
1779857295,83.44491525423679
1779857310,84.4194915254257
1779857325,85.06949152542433
1779857340,85.73050847457834
1779857355,86.29830508474389
1779857370,86.18813559321946
1779857385,86.38050847457203
1779857400,86.70169491525563
1779857415,86.79915254237378
1779857430,86.8906779661015
1779857445,87.25093389197589
1779857460,87.30593220338913
1779857475,86.71610169491527
1779857490,86.32457627118684
1779857505,85.18983050847379
1779857520,84.67542372881465
1779857535,83.80762711864594
1779857550,83.0805084745743
1779857565,82.37881355932262
1779857580,81.67372881355686
1779857595,80.54915254237623
1779857610,79.80338983050788
1779857625,79.12881355931967
1779857640,78.45338983050847
1779857655,78.61949152542304
1779857670,78.61101694915136
1779857685,78.79745762711599
1779857700,78.65593220338855
1779857715,78.50677966101487
1779857730,77.85254237287918
1779857745,77.73644067796187
1779857760,77.3737288135601
1779857775,77.26271186440776
1779857790,77.07711864406366
1779857805,76.89745762711736
1779857820,76.65508474576261
1779857835,76.73305084746109
1779857850,76.62881355932214
1779857865,76.43644067796708
1779857880,76.15084745762604
1779857895,75.99915254237357
1779857910,75.8713500247455
1779857925,75.8135593220344
1779857940,76.01779661016535
1779857955,75.87711864406582
1779857970,75.87796610169373
1779857985,75.57372881355843
1779858000,75.66779661017236
1779858015,76.00000000000148
1779858030,76.30932203390176
1779858045,76.43535357986711
1779858060,76.75423728813658
1779858075,76.8771186440673
1779858090,76.67288135593142
1779858105,77.02118644067353
1779858120,76.4677966101701
1779858135,76.97796610169462
1779858150,76.4271186440675
1779858165,76.95932203389543
1779858180,76.7279661016961
1779858195,76.97542372881583
1779858210,76.88220338982981
1779858225,77.04576271186806
1779858240,76.7117065200452
1779858255,76.86271186440767
1779858270,76.80169491525503
1779858285,76.6118644067763
1779858300,76.86525423728892
1779858315,76.03389830508081
1779858330,76.2322033898312
1779858345,76.15762711864437
1779858360,76.00593220338698
1779858375,76.14576271186351
1779858390,76.06101694914919
1779858405,75.94322033898344
1779858420,75.99152542372734
1779858435,76.2220338983037
1779858450,76.31525423728725
1779858465,76.37711864407026
1779858480,76.31864406779395
1779858495,76.47711864406968
1779858510,76.47457627118595
1779858525,76.47033898305381
1779858540,76.83405536233772
1779858555,76.90338983051025
1779858570,76.70015796503056
1779858585,76.74237288135821
1779858600,76.61271186440668
1779858615,76.62966101695004
1779858630,76.99661016949133
1779858645,77.01779661016684
1779858660,77.03050847457558
1779858675,76.9796610169455
1779858690,77.14406779661165
1779858705,77.53135593220053
1779858720,77.3516949152567
1779858735,77.37711864406435
1779858750,77.31355932203292
1779858765,77.24661016949231
1779858780,76.95084745762624
1779858795,77.3449152542359
1779858810,76.93813559321995
1779858825,77.2406779661019
1779858840,76.7881355932233
1779858855,77.22588693111405
1779858870,77.53050847457756
1779858885,77.59745762711815
1779858900,77.47033898305529
1779858915,77.48220338983367
1779858930,77.66016949152414
1779858945,77.24152542372732
1779858960,76.99745762711923
1779858975,76.89661016949192
1779858990,76.77881355932371
1779859005,76.38135593220487
1779859020,76.20169491525611
1779859035,75.89067796610001
1779859050,76.26440677966211
1779859065,76.13898305084766
1779859080,76.42288135593043
1779859095,76.08305084745506
1779859110,76.23644067796828
1779859125,76.50508474575857
1779859140,76.40847457627574
1779859155,76.2949152542372
1779859170,76.01271186440283
1779859185,76.0449152542362
1779859200,76.10153289175088
1779859215,76.08474576271334
1779859230,75.70932203390038
1779859245,76.42627118643959
1779859260,77.28328186493039
1779859275,77.47118644067827
1779859290,77.47966101694747
1779859305,77.5033898305141
1779859320,77.73644067796432
1779859335,77.69237288135504
1779859350,77.39815185187598
1779859365,77.33305084745753
1779859380,77.4118644067765
1779859395,77.48544057925955
1779859410,77.18543854535169
1779859425,77.3288135593254
1779859440,77.21032399780232
1779859455,77.0110169491485
1779859470,77.23135593220724
1779859485,77.20000000000178
1779859500,77.07966101694984
1779859515,76.86101694915432
1779859530,77.09237288135367
1779859545,76.87203389830233
1779859560,76.16101694915601
1779859575,76.13135593220389
1779859590,76.23813559322163
1779859605,76.16864406779483
1779859620,76.09915254237545
1779859635,76.15169491525394
1779859650,76.74745762711825
1779859665,76.47457627118595
1779859680,76.71949152542196
1779859695,76.63813559321679
1779859710,76.55084745762612
1779859725,76.43728813559252
1779859740,76.80338983051085
1779859755,76.61271186440668
1779859770,76.85932203389851
1779859785,76.760169491527
1779859800,77.03220338983633
1779859815,77.03220338983387
1779859830,77.08728813559361
1779859845,77.17966101694678
1779859860,77.43898305084736
1779859875,77.72457627118841
1779859890,78.20593220338874
1779859905,78.27457627118515
1779859920,78.15084745762653
1779859935,78.13135593220437
1779859950,77.92288135592895
1779859965,78.12203389830232
1779859980,78.14237288135732
1779859995,78.1315041931929
1779860010,77.90408748533552
1779860025,78.22796610169462
1779860040,78.2542372881351
1779860055,78.0213354485752
1779860070,78.34322033898404
1779860085,78.25762711864179
1779860100,78.3042372881348
1779860115,77.98644067796286
1779860130,77.64576271186698
1779860145,77.48389830508455
1779860160,77.45084745762574
1779860175,76.68389830508929
1779860190,76.73389830508405
1779860205,76.8728813559327
1779860220,77.16694915253804
1779860235,77.16694915254297
1779860250,77.40439047870822
1779860265,77.32288135593251
1779860280,76.88559322033652
1779860295,77.00338983050966
1779860310,77.21355932203844
1779860325,77.40932203389525
1779860340,77.80677966101902
1779860355,77.62288135593072
1779860370,77.62372881355617
1779860385,77.55593220339011
1779860400,77.56186440677561
1779860415,77.38389830508268
1779860430,77.97542372881485
1779860445,78.09152542372478
1779860460,78.32457627118487
1779860475,78.24067796610336
1779860490,78.18474576271079
1779860505,78.31355932203685
1779860520,78.64648655977922
1779860535,78.71779661016663
1779860550,78.92966101695123
1779860565,78.70254237288155
1779860580,78.96200703724044
1779860595,79.16101694915302
1779860610,78.91186440678243
1779860625,79.08898305084992
1779860640,78.59745762711962
1779860655,79.14237288135632
1779860670,78.77966101694965
1779860685,78.90847457627079
1779860700,78.65593220338855
1779860715,78.81440677966427
1779860730,78.52203389830981
1779860745,78.54661016949203
1779860760,78.21355932203745
1779860775,78.39237288135337
1779860790,78.25593220339091
1779860805,78.17203389830449
1779860820,77.92118644067313
1779860835,77.49067796609795
1779860850,77.37881355932262
1779860865,77.35169491525424
1779860880,77.52203389830588
1779860895,76.6855932203377
1779860910,76.75084745762248
1779860925,76.2220338983037
1779860940,76.73050847457736
1779860955,76.23305084745664
1779860970,76.90423728813569
1779860985,77.05338983050443
1779861000,77.18474576270931
1779861015,76.79067796609962
1779861030,76.70000000000228
1779861045,76.80169491525503
1779861060,77.23220338983022
1779861075,77.36949152542304
1779861090,77.20254237288303
1779861105,77.92288135593142
1779861120,78.4635593220335
1779861135,79.65847457626882
1779861150,80.50847457626625
1779861165,81.57288135593201
1779861180,82.48813559322163
1779861195,83.62288135593221
1779861210,83.8957627118645
1779861225,84.82033898304877
1779861240,84.7992555982626
1779861255,85.15000000000158
1779861270,84.69406779661135
1779861285,84.58728813559362
1779861300,84.98559322033789
1779861315,85.16016949152414
1779861330,85.09576271186233
1779861345,85.2432203389802
1779861360,85.1940677966084
1779861375,85.53484383156704
1779861390,85.40847457626931
1779861405,84.4084745762703
1779861420,83.47203389830518
1779861435,83.03389830508623
1779861450,82.45677966101368
1779861465,81.42033898305164
1779861480,80.5847457627089
1779861495,79.81525423728873
1779861510,78.88474576271157
1779861525,78.26186440678133
1779861540,78.08559322033682
1779861555,78.28813559322182
1779861570,78.16610169491408
1779861585,77.94322033898146
1779861600,77.95254237288106
1779861615,77.87796610169175
1779861630,77.83898305084746
1779861645,77.40932203389771
1779861660,77.12711864406829
1779861675,76.80254237288047
1779861690,77.21271186440559
1779861705,77.4466101694936
1779861720,77.80847457627237
1779861735,76.9483050847499
1779861750,77.13644067796541
1779861765,76.97881355932252
1779861780,77.33305084745507
1779861795,77.01610169491842
1779861810,77.58220338982814
1779861825,77.48559322034036
1779861840,77.52796610169138
1779861855,77.3295073186929
1779861870,77.58389830508396
1779861885,77.30254237288244
1779861900,77.12457627118457
1779861915,76.80338983050838
1779861930,77.3076271186425
1779861945,77.55832242930727
1779861960,77.9991525423716
1779861975,77.86525423728547
1779861990,77.8601694915279
1779862005,77.44768697267524
1779862020,77.78050847457854
1779862035,77.89406779660722
1779862050,78.0313559322025
1779862065,78.10762711864268
1779862080,78.23728813559174
1779862095,78.34491525423739
1779862110,78.38644067796787
1779862125,78.48389830508356
1779862140,79.07966101694541
1779862155,79.1576271186488
1779862170,79.22033898304738
1779862185,79.83376158482253
1779862200,79.76271186440776
1779862215,79.66101694914761
1779862230,79.41694915254199
1779862245,79.55169491525601
1779862260,79.31779661017048
1779862275,79.51694915254386
1779862290,79.56271186440895
1779862305,79.84406779661046
1779862320,79.22966101694945
1779862335,79.6686440677988
1779862350,79.3711864406769
1779862365,79.57542372881277
1779862380,79.2923728813579
1779862395,79.14830508474675
1779862410,79.34237288135515
1779862425,79.43135593220161
1779862440,79.30367045870554
1779862455,79.11949152542255
1779862470,79.11355932203459
1779862485,78.92627118643959
1779862500,79.3194915254263
1779862515,79.37627118644185
1779862530,79.10338983050956
1779862545,78.88919773697089
1779862560,79.11949152542255
1779862575,78.91016949152414
1779862590,78.84300518310158
1779862605,79.13983050847754
1779862620,78.95338983050799
1779862635,78.85169491525522
1779862650,78.76864406779917
1779862665,78.66949152542522
1779862680,78.60847457626762
1779862695,78.36864406779661
1779862710,78.07457627118634
1779862725,78.06864406779839
1779862740,78.10000000000386
1779862755,78.14745762711983
1779862770,77.92542372881513
1779862785,77.77966101695063
1779862800,77.78728813559194
1779862815,77.46779661017403
1779862830,77.46779661016663
1779862845,77.41694915254396
1779862860,77.49152542372832
1779862875,77.0813559322032
1779862890,77.26525423728657
1779862905,77.20323527617137
1779862920,77.66610169491703
1779862935,77.20762711864309
1779862950,77.12711864406829
1779862965,76.9228813559324
1779862980,77.36271186440717
1779862995,77.59830508474606
1779863010,77.43983050847527
1779863025,77.46101694915323
1779863040,77.29661016948955
1779863055,77.5288135593242
1779863070,77.80254237288196
1779863085,78.25338983051213
1779863100,77.79406779661026
1779863115,78.50762711864525
1779863130,78.45254237288057
1779863145,78.72372881355705
1779863160,78.56949152542086
1779863175,79.00677966101685
1779863190,78.76355932203666
1779863205,78.42394823103938
1779863220,77.96186440678065
1779863235,78.79661016949301
1779863250,78.62372881355765
1779863265,78.92118644067955
1779863280,78.91271186440787
1779863295,79.00254237288225
1779863310,78.94152542372962
1779863325,78.78644067796799
1779863340,78.96440677966092
1779863355,78.84661016949023
1779863370,78.5983050847426
1779863385,78.38983050847705
1779863400,78.32627118644068
1779863415,78.06016949152423
1779863430,78.20169491525414
1779863445,77.6779661016954
1779863460,77.8516949152562
1779863475,77.48728813559372
1779863490,77.81610169491367
1779863505,77.69661016949212
1779863520,77.98050847457243
1779863535,77.38813559321976
1779863550,77.76101694915145
1779863565,77.32542372881376
1779863580,77.5404495638923
1779863595,77.91864406779435
1779863610,78.07203389830508
1779863625,78.49406779661106
1779863640,78.40508474576212
1779863655,77.9813559322028
1779863670,78.09561420755385
1779863685,78.1847457627157
1779863700,77.9525423728786
1779863715,78.00084745763235
1779863730,77.76271186440728
1779863745,78.00169491525286
1779863760,77.8983050847443
1779863775,77.79661016949153
1779863790,77.6845944718288
1779863805,77.87033898305044
1779863820,77.9593220338994
1779863835,78.21016949152582
1779863850,78.36610169492029
1779863865,78.43404451495155
1779863880,78.29745762711894
1779863895,77.4500000000003
1779863910,77.1778113749909
1779863925,76.56694915254405
1779863940,76.62033898305044
1779863955,76.8415254237297
1779863970,76.9847457627154
1779863985,77.24661016948986
1779864000,77.4889830508446
1779864015,77.63898305084618
1779864030,77.83728813559165
1779864045,77.40146509964478
1779864060,77.34322033898502
1779864075,76.8449152542364
1779864090,76.666949152541
1779864105,76.68813559322143
1779864120,75.94237288135554
1779864120,75.94237288135554
1779864135,75.45762711864357
1779864150,75.1101694915269
1779864165,74.49830508474467
1779864180,74.06271186440698
1779864195,74.15999430504584
1779864210,73.77372881355923
1779864225,73.56694915254207
1779864240,73.1372881355948
1779864255,72.63389830508366
1779864270,72.23559322033938
1779864285,71.44915254237091
1779864300,70.74322033898217
1779864315,70.19576271186175
1779864330,69.58644067796817
1779864345,68.99714234381906
1779864360,68.7957627118651
1779864375,68.52627118644443
1779864390,67.98559322033988
1779864405,67.56694915254306
1779864420,67.31694915253715
1779864435,66.95932203390038
1779864450,66.55508474576321
1779864465,66.50084745762396
1779864480,66.10508474576339
1779864495,65.67542372881611
1779864510,65.09830508474359
1779864525,64.51864406779474
1779864540,64.31101694914967
1779864555,63.523728813558236
1779864570,62.979661016951916
1779864585,62.38389830508514
1779864600,61.80593220338964
1779864615,61.167796610169404
1779864630,60.596610169492216
1779864645,60.27796610169482
1779864660,59.64576271186747
1779864675,59.120338983050445
1779864690,58.571186440679156
1779864705,57.79830508474241
1779864720,57.20423728813392
1779864735,56.44999999999635
1779864750,56.15084745762851
1779864765,55.394915254240054
1779864780,54.69067796609972
1779864795,54.06355932202995
1779864810,53.57372881355794
1779864825,53.036440677965025
1779864840,52.522881355933784
1779864855,51.97118644068123
1779864870,51.361864406780256
1779864885,51.2389830508446
1779864900,50.61694915253734
1779864915,50.22203389830222
1779864930,49.98305084745911
1779864945,49.44949525765681
1779864960,49.20254237288106
1779864975,48.89610917892093
1779864990,48.398305084746255
1779865005,48.46186440678015
1779865020,48.144915254236096
1779865035,47.598305084748525
1779865050,47.14745762711835
1779865065,46.96610169491624
1779865080,46.897457627119834
1779865095,46.73305084745368
1779865110,46.170338983050655
1779865125,46.066949152539614
1779865140,45.91949152542423
1779865155,45.57203389830755
1779865170,45.51694915253793
1779865185,45.45169491525562
1779865200,45.20762711864506
1779865215,45.836440677965705
1779865230,45.69661016948916
1779865245,45.77627118644097
1779865260,46.06016949152375
1779865275,46.26186440677837
1779865290,46.429661016948764
1779865305,45.843220338981574
1779865320,46.022033898302425
1779865335,45.71779661016959
1779865350,45.92118644067757
1779865365,46.04322033898532
1779865380,45.95677966101517
1779865395,45.93813559322093
1779865410,46.02233243049989
1779865425,46.01864406780065
1779865440,46.280508474575086
1779865455,46.530508474576074
1779865470,46.67288135593388
1779865485,46.93050847457617
1779865500,46.96271186440708
1779865515,46.353389830508576
1779865530,46.371731812893756
1779865545,46.11488891450388
1779865560,46.0237288135607
1779865575,45.84830508474902
1779865590,45.75508474576301
1779865605,45.64237288135238
1779865620,45.65169491525197
1779865635,45.73474576271048
1779865650,45.48474576271444
1779865665,45.360169491525426
1779865680,45.2254237288114
1779865695,45.32457627118536
1779865710,45.3398305084729
1779865725,45.466949152543165
1779865740,45.45084745762771
1779865755,46.076271186441666
1779865770,46.62711864406879
1779865785,47.577966101696
1779865800,48.38728813559332
1779865815,49.96440677966486
1779865830,51.48135593220675
1779865845,52.92457627118476
1779865860,54.54067796610308
1779865875,56.82627118643969
1779865890,59.24322033898364
1779865905,61.60677966101626
1779865920,63.79576271186262
1779865935,66.0762711864392
1779865950,68.16547006461269
1779865965,71.07881355932045
1779865980,73.39406779660919
1779865995,75.76016949152799
1779866010,77.7686440677977
1779866025,79.78474576271364
1779866040,81.71864406779652
1779866055,83.04322033898582
1779866070,84.13389830508959
1779866085,85.32881355932243
1779866100,86.3084745762714
1779866115,87.32457627118585
1779866130,87.87203389830134
1779866145,88.47033898304937
1779866160,88.77711864406838
1779866175,88.97542372881139
1779866190,89.0271186440669
1779866205,89.39152542372693
1779866220,89.33898305084844
1779866235,89.11016949152543
1779866250,89.29661016949004
1779866265,88.95254237288007
1779866280,88.87457627118407
1779866295,88.88050847457696
1779866310,88.81779661016851
1779866325,88.92033898305164
1779866340,88.91610169491703
1779866355,88.76016949152503
1779866370,89.27881355932125
1779866385,89.1864406779656
1779866400,89.36525423728892
1779866415,89.68474576271423
1779866430,89.42966101694827
1779866445,89.92789781625835
1779866460,90.03474576271216
1779866475,89.71525423729179
1779866490,89.73389830508356
1779866505,89.92457627118526
1779866520,89.76949152542609
1779866535,89.5500000000002
1779866550,89.35338983050808
1779866565,89.36094481995926
1779866580,89.40423728813323
1779866595,89.4059322033915
1779866610,89.31186440677759
1779866625,89.67627118644008
1779866640,89.83983050847586
1779866655,89.6737288135613
1779866670,89.53050847457806
1779866685,89.33474576271138
1779866700,89.29830508474586
1779866715,88.92881355932086
1779866730,88.73813559322163
1779866745,88.44237288135554
1779866760,88.33890399256894
1779866775,88.37542372881
1779866790,88.36101694915284
1779866805,88.10762711864515
1779866820,88.18983050847329
1779866835,88.13644067796443
1779866850,87.9822033898307
1779866865,87.99067796610484
1779866880,87.92966101694728
1779866895,88.14164601715973
1779866910,87.72627118644176
1779866925,87.3728813559322
1779866940,87.35338983051005
1779866955,86.97033898305084
1779866970,86.99576271186342
1779866985,86.64067796610297
1779867000,86.3516949152577
1779867015,86.2974576271209
1779867030,86.09830508474508
1779867045,85.8211864406757
1779867060,85.5983050847431
1779867075,85.38305084745429
1779867090,84.94661016949114
1779867105,84.64152542372545
1779867120,84.47033898304839
1779867135,84.09661016948876
1779867150,83.88220338983278
1779867165,83.62118644067885
1779867180,83.05423728813382
1779867195,82.61101694915234
1779867210,82.01016949152552
1779867225,81.52881355932026
1779867240,80.95847457627592
1779867255,80.99745762711777
1779867270,80.43305084745892
1779867285,80.00762711864378
1779867300,79.22457627118693
1779867315,78.68389830508731
1779867330,77.83135593220616
1779867345,77.44391487399885
1779867360,76.72457627118693
1779867375,76.00016271076029
1779867390,75.2813559322015
1779867405,74.62542372881494
1779867420,73.53898305084824
1779867435,73.05847457626842
1779867450,72.40423728813519
1779867465,71.52881355932026
1779867480,70.68050847457617
1779867495,70.05932203389929
1779867510,69.55932203389979
1779867525,68.92711864406998
1779867540,68.13813559322024
1779867555,67.31186440677956
1779867570,66.69322033898148
1779867585,66.14576271186598
1779867600,65.52796610169334
1779867615,65.0398305084722
1779867630,64.44576271186372
1779867645,63.61186440677926
1779867660,62.94915254237683
1779867675,62.68559322034165
1779867690,62.07542372881524
1779867705,61.577118644069074
1779867720,60.92372881355883
1779867735,60.233050847457626
1779867750,59.64067796610249
1779867765,59.267796610165846
1779867780,58.72429643590903
1779867795,58.0949152542364
1779867810,58.13559322033899
1779867825,58.24406779661007
1779867840,57.62288135593072
1779867855,57.03050847457558
1779867870,56.62033898304799
1779867885,56.21440677965993
1779867900,55.926271186437624
1779867915,55.52826760496629
1779867930,55.32033898305322
1779867945,55.41271186440392
1779867960,55.33050847457578
1779867975,54.88389830508515
1779867990,54.72881355932104
1779868005,54.71271186440559
1779868020,54.97457627118496
1779868035,54.829661016948364
1779868050,54.79322033898533
1779868065,54.69322033898345
1779868080,54.806779661017046
1779868095,54.904626148740896
1779868110,54.27627118644245
1779868125,54.071186440676186
1779868140,54.34576271186431
1779868155,54.70169491525265
1779868170,55.119491525424024
1779868185,55.335593220338296
1779868200,55.86779661017117
1779868215,55.80254237288392
1779868230,55.42118644067806
1779868245,55.052542372880964
1779868260,54.969491525422455
1779868275,55.0694915254268
1779868290,55.24152542372931
1779868305,55.314406779657865
1779868320,55.07033898304976
1779868335,55.132203389830316
1779868350,55.40932203389969
1779868365,55.48813559322112
1779868380,55.657627118649785
1779868395,55.71864406779503
1779868410,55.34067796610327
1779868425,55.53474576271413
1779868440,55.23220338982973
1779868455,55.02881355932174
1779868470,54.78474576270871
1779868485,54.849999999998424
1779868500,54.53898305084726
1779868515,54.99745762711874
1779868530,55.14661016949242
1779868545,55.32118644067866
1779868560,55.260169491526014
1779868575,55.45338983050403
1779868590,55.334745762712856
1779868605,54.952847777303404
1779868620,55.18135593220704
1779868635,54.86610169491388
1779868650,55.02203389830588
1779868665,54.82457627118584
1779868680,54.68389830508386
1779868695,54.59152542372823
1779868710,54.597457627121116
1779868725,54.797457627119925
1779868740,54.95338983050946
1779868755,54.88389830508267
1779868770,54.622881355933686
1779868785,54.38813559322024
1779868800,54.62542372881494
1779868815,54.32966101694885
1779868830,54.40000000000109
1779868845,54.25932203389663
1779868860,54.18644067796807
1779868875,54.03389830508771
1779868890,54.19152542372812
1779868905,54.42627118644157
1779868920,54.50847457627217
1779868935,54.36525423728893
1779868950,54.105084745765375
1779868965,54.45338983050749
1779868980,54.60254237288362
1779868995,54.356470213357674
1779869010,54.154237288137175
1779869025,54.255394878678096
1779869040,54.35847457627306
1779869055,54.56016949152522
1779869070,54.702542372878106
1779869085,54.55169491525355
1779869100,54.5432203389794
1779869115,54.62203389830578
1779869130,54.61864406779415
1779869145,54.83983050847586
1779869160,54.73305084745812
1779869175,55.08305084746099
1779869190,55.18474576271127
1779869205,55.22372881355804
1779869220,55.321186440681124
1779869235,55.247457627119736
1779869250,55.4355932203377
1779869265,55.40593220339052
1779869280,55.29830508474487
1779869295,55.82457627118733
1779869310,55.97288135593309
1779869325,55.39999999999763
1779869340,55.578813559323414
1779869355,55.59661016948976
1779869370,55.35847457627207
1779869385,55.396610169490934
1779869400,55.61101694915431
1779869415,55.62118644067442
1779869430,55.913559322036264
1779869445,55.85847457626911
1779869460,55.64406779661066
1779869475,55.38220338982883
1779869490,55.371186440678365
1779869505,55.355084745762916
1779869520,54.96186440677867
1779869535,54.89491525423807
1779869550,54.913559322034786
1779869565,55.07627118644018
1779869580,54.690677966102186
1779869595,55.11525423728942
1779869610,54.87372881356012
1779869625,55.10169491525523
1779869640,54.996610169490836
1779869655,54.777966101695306
1779869670,54.65169491525296
1779869685,54.71271186440807
1779869700,54.17457627118476
1779869715,53.818644067798886
1779869730,53.85677966101774
1779869745,54.11101694915333
1779869760,54.3440677966085
1779869775,54.159858710903755
1779869790,54.366949152542276
1779869805,54.27542372881455
1779869820,54.62881355932164
1779869835,54.90169491525394
1779869850,54.585593220340265
1779869865,54.41355932203529
1779869880,54.404237288130766
1779869895,54.506779661013894
1779869910,54.62118644068033
1779869925,54.34322033898058
1779869940,54.251694915252855
1779869955,54.25338983050621
1779869970,54.589290920061075
1779869985,54.798305084745365
1779870000,55.054237288136775
1779870015,55.08728813559559
1779870030,54.87881355932262
1779870045,54.85762711864219
1779870060,55.094067796606524
1779870075,55.0144067796621
1779870090,54.88898305085013
1779870105,55.02418619471656
1779870120,55.03644067796798
1779870135,55.13305084746069
1779870150,55.5011491447494
1779870165,56.005084745764
1779870180,56.280508474575086
1779870195,56.30508474575975
1779870210,55.86186440678075
1779870225,56.37148222724102
1779870240,56.8135593220334
1779870255,57.011016949150964
1779870270,56.91779661016989
1779870285,57.0500000000002
1779870300,57.20338983050848
1779870315,57.24661016949232
1779870330,57.58898305084894
1779870345,57.994067796611546
1779870360,57.861016949150866
1779870375,57.82372881355992
1779870390,58.043220338983346
1779870405,58.38474576271453
1779870420,59.01016949152849
1779870435,58.43559322033721
1779870450,58.35000000000237
1779870465,58.364406779662005
1779870480,58.36949152542452
1779870495,58.58050847457628
1779870510,59.03050847457854
1779870525,59.18644067796808
1779870540,59.099152542370014
1779870555,58.89915254237368
1779870570,58.914406779663686
1779870585,58.82372881355893
1779870600,58.82203389830312
1779870615,59.15169491525345
1779870630,58.544915254238674
1779870645,58.23644067796383
1779870660,58.22796610169709
1779870675,57.84576271186579
1779870690,57.66779661016792
1779870705,57.30000000000365
1779870720,56.71440677966191
1779870735,56.66271186440639
1779870750,56.200847457625734
1779870765,56.087288135589674
1779870780,55.67203389830203
1779870795,55.285593220336125
1779870810,55.18559322033425
1779870825,54.79322033898038
1779870840,54.82796610169749
1779870855,54.700847457622295
1779870870,54.46016949152829
1779870885,54.43559322033869
1779870900,54.163559322034295
1779870915,53.73082216391665
1779870930,53.6711864406761
1779870945,53.73644067796335
1779870960,53.473728813561
1779870975,53.50508474576152
1779870990,53.45169491525266
1779871005,53.40762711864584
1779871020,53.215254237288335
1779871035,53.36271186440372
1779871050,53.43389830508386
1779871065,53.31016949153016
1779871080,53.55847457626793
1779871095,53.827966101693534
1779871110,53.76101694915294
1779871125,53.733050847459104
1779871140,53.68559322033819
1779871155,53.883050847458215
1779871170,53.94322033898049
1779871185,53.972881355930134
1779871200,54.13050847457548
1779871215,54.18474576271226
1779871230,55.00762711864624
1779871245,55.40169491525345
1779871260,55.49745762711825
1779871275,55.53220338983288
1779871290,55.54661016949252
1779871305,55.75677966101635
1779871320,55.7677966101693
1779871335,55.832203389828635
1779871350,55.62457627118851
1779871365,55.67033898305114
1779871380,55.41186440678094
1779871395,55.13644067796739
1779871410,55.05932203389929
1779871425,54.792372881359874
1779871440,54.69152542372764
1779871455,54.395224439160096
1779871470,54.506779661018825
1779871485,54.599152542371996
1779871500,54.753083071749344
1779871515,54.79491525423621
1779871530,53.89067796610198
1779871545,53.936440677964626
1779871560,53.94491525423631
1779871575,53.96525423728883
1779871590,53.799999999999706
1779871605,54.05762711864446
1779871620,54.14576271186796
1779871635,54.03474576271314
1779871650,54.29237288135545
1779871665,54.43813559321995
1779871680,54.34322033898058
1779871695,54.555932203388146
1779871710,54.489830508473005
1779871725,54.77118644067698
1779871740,54.693220338980986
1779871755,54.76864406779819
1779871770,54.74830508474567
1779871785,54.70084745762722
1779871800,54.53898305084726
1779871815,54.503389830507196
1779871830,54.68983050847922
1779871845,54.53898305084726
1779871860,54.95423728813738
1779871875,54.85508474576587
1779871890,54.760169491524046
1779871905,54.702542372878106
1779871920,54.636440677967876
1779871935,54.805932203391606
1779871950,54.713559322033504
1779871965,54.545762711863134
1779871980,54.701694915255125
1779871995,54.519491525422644
1779872010,54.614406779662005
1779872025,54.47288135593704
1779872040,54.458474576272465
1779872055,54.292372881357906
1779872070,54.38220338982735
1779872085,54.29152542373
1779872100,54.11949152542501
1779872115,54.14491525423759
1779872130,54.16186440678095
1779872145,54.585593220340265
1779872160,54.096610169491235
1779872175,53.991525423729314
1779872190,54.08644067796373
1779872205,53.98559322033889
1779872220,54.118644067797106
1779872235,53.93135593220704
1779872250,53.82542372881227
1779872265,53.83813559322104
1779872280,53.790677966102585
1779872295,53.94067796610169
1779872310,53.84237288135564
1779872325,53.78050847457509
1779872340,53.95000000000129
1779872355,53.95508474576134
1779872370,53.99915254237308
1779872385,53.94067796609923
1779872400,53.855084745764394
1779872415,54.69491525423433
1779872430,54.79237288135741
1779872445,54.94661016949114
1779872460,54.58050847457775
1779872475,54.94830508474449
1779872490,55.05932203389929
1779872505,55.310169491523254
1779872520,55.57288135593299
1779872535,55.666101694919
1779872550,55.94830508474596
1779872565,55.875423728814944
1779872580,55.92372881355636
1779872595,55.84745762712111
1779872610,56.089830508475856
1779872625,56.40169491525493
1779872640,56.34322033898355
1779872655,56.72542372881484
1779872670,56.898305084745274
1779872685,57.105084745759946
1779872700,57.05932203389732
1779872715,56.712711864406096
1779872730,56.44491525423631
1779872745,57.411016949148596
1779872760,57.63644067796492
1779872775,57.295762711861656
1779872790,57.2762711864395
1779872805,57.07711864407106
1779872820,57.38728813559184
1779872835,57.29661016949203
1779872850,57.037288135591446
1779872865,57.1135593220341
1779872880,57.42711864406651
1779872895,57.36949152542551
1779872910,57.097457627118644
1779872925,57.22796610169807
1779872940,56.998305084747145
1779872955,57.20338983050848
1779872970,57.236440677967295
1779872985,56.756779661012914
1779873000,56.70508474576232
1779873015,56.49745762711973
1779873030,56.18559322034067
1779873045,55.80508474576271
1779873060,55.79661016949103
1779873075,55.94661016949014
1779873090,56.113559322032614
1779873105,55.88983050846965
1779873120,55.650000000001086
1779873135,55.84322033898157
1779873150,56.27457627118713
1779873165,56.172033898303994
1779873180,56.28983050847467
1779873195,56.34885660241626
1779873210,56.51779661016979
1779873225,56.45847457627049
1779873240,56.3322033898306
1779873255,56.32796610169354
1779873270,56.180508474575674
1779873285,56.586440677968675
1779873300,56.75254237288077
1779873315,56.667796610171365
1779873330,56.429661016948764
1779873345,56.46101694915422
1779873360,56.3429243588097
1779873375,55.98135593220477
1779873390,55.84067796610278
1779873405,55.834197734252356
1779873420,55.87681950386154
1779873435,55.40169491525345
1779873450,55.32542372881326
1779873465,55.47627118644275
1779873480,55.305084745765676
1779873495,55.4525423728786
1779873510,55.22118644067678
1779873525,55.149152542371205
1779873540,55.24067796609893
1779873555,54.77881355932321
1779873570,54.81694915254207
1779873585,54.57542372881523
1779873600,54.55508474576518
1779873615,54.66610169491013
1779873630,54.67457627118674
1779873645,54.59322033898404
1779873660,54.278813559323716
1779873675,54.22288135593358
1779873690,54.28050847457953
1779873705,54.22372881355903
1779873720,54.292372881357906
1779873735,54.45593220338875
1779873750,54.16309318400134
1779873765,54.02372881356021
1779873780,53.310169491527695
1779873795,51.755084745762026
1779873810,50.31186440677907
1779873825,48.83728813559313
1779873840,47.29745762711747
1779873855,45.954237288138856
1779873870,44.341525423727234
1779873885,42.65423728813865
1779873900,40.91694915254297
1779873915,39.29406779661372
1779873930,37.58389830508396
1779873945,36.15677966101399
1779873960,34.564406779662306
1779873975,32.97711864407066
1779873990,31.249152542372094
1779874005,29.907627118641898
1779874020,28.146610169491925
1779874035,26.47711864406721
1779874050,24.832203389832085
1779874065,23.27796610169679
1779874080,22.694915254236303
1779874095,22.4635593220345
1779874110,22.422881355931914
1779874125,22.32796610169502
1779874140,22.340677966103772
1779874155,22.12796610169373
1779874170,22.044067796612243
1779874185,22.126271186440384
1779874200,22.15677966101547
1779874215,22.120338983049958
1779874230,22.1559322033851
1779874245,22.16016949152464
1779874260,22.198305084748426
1779874275,22.2949152542362
1779874290,22.172881355928453
1779874305,22.09322033898651
1779874320,22.27457627118614
1779874335,22.214406779663875
1779874350,22.226271186442258
1779874365,22.264406779661115
1779874380,22.41525423728814
1779874395,22.42203389830646
1779874410,22.556779661015568
1779874425,22.550000000002168
1779874440,22.50000000000494
1779874455,22.719491525425894
1779874470,22.766101694913978
1779874485,22.907627118641404
1779874500,23.01610169491496
1779874515,23.101694915252267
1779874530,23.130508474576473
1779874545,23.21610169491377
1779874560,23.25932203389762
1779874575,23.26864406779967
1779874590,23.380508474577454
1779874605,23.361864406778277
1779874620,23.479661016946494
1779874635,23.575423728816226
1779874650,23.796610169493015
1779874665,23.765254237287547
1779874680,23.953389830507987
1779874695,23.963559322033014
1779874710,23.949999999998816
1779874725,24.0042372881356
1779874740,24.148305084746745
1779874755,24.088135593222017
1779874770,24.110169491525426
1779874785,23.955932203386777
1779874800,23.932203389830022
1779874815,24.01525423728853
1779874830,24.103389830507094
1779874845,24.065254237288237
1779874860,23.979661016948462
1779874875,23.958474576270493
1779874890,23.83220338983061
1779874905,24.065254237293164
1779874920,23.82966101694688
1779874935,23.838983050848938
1779874950,23.55423728813333
1779874965,23.336440677965708
1779874980,23.307954630199113
1779874995,23.141525423724474
1779875010,23.168644067797793
1779875025,23.112711864407665
1779875040,23.032203389830407
1779875055,23.0449152542367
1779875070,22.954237288134415
1779875085,22.877966101694224
1779875100,22.76440677966063
1779875115,22.84661016948877
1779875130,22.746610169489358
1779875145,22.606779661015274
1779875160,22.540677966102585
1779875175,22.385593220338485
1779875190,22.476271186440776
1779875205,22.35593220338885
1779875220,22.336440677966696
1779875235,22.23559322033938
1779875250,22.220338983051835
1779875265,22.224576271186436
1779875280,22.326271186439193
1779875295,22.362711864404705
1779875310,22.394067796610173
1779875325,22.165254237289624
1779875340,22.186440677965113
1779875355,22.231355932202312
1779875370,22.15508474576212
1779875385,22.065254237287746
1779875400,22.14322033898375
1779875415,22.26016949152404
1779875430,22.277966101695313
1779875445,22.28135593220695
1779875460,22.471186440675794
1779875475,22.318644067795425
1779875490,22.196610169492615
1779875505,22.361016949151356
1779875520,22.272881355932796
1779875535,22.544915254239662
1779875550,22.55423728813678
1779875565,22.40084745762603
1779875580,22.416101694916048
1779875595,22.450000000002767
1779875610,22.437288135591547
1779875625,22.50254237288125
1779875640,22.558474576273845
1779875655,22.36186440678174
1779875670,22.28644067796699
1779875685,22.276271186441964
1779875700,22.277118644067407
1779875715,22.467796610171565
1779875730,22.302542372879973
1779875745,22.44406779660988
1779875760,22.21355932203104
1779875775,22.330508474573808
1779875790,22.564406779661805
1779875805,22.72118644067679
1779875820,22.737288135594703
1779875835,22.75254237287978
1779875850,22.870338983055383
1779875865,22.955932203387764
1779875880,22.962711864408558
1779875895,23.047457627120426
1779875910,23.2576271186418
1779875925,23.2957627118656
1779875940,23.513559322033206
1779875955,23.46016949152927
1779875970,23.461016949152246
1779875985,23.39661016949044
1779876000,23.471186440677272
1779876015,23.442372881360473
1779876030,23.503389830510645
1779876045,23.554237288138257
1779876060,23.54915254237575
1779876075,23.461016949152246
1779876090,23.073728813558436
1779876105,23.130508474574007
1779876120,23.014406779659147
1779876135,22.96016949152484
1779876150,22.79915254237279
1779876165,22.739830508473492
1779876180,22.7694915254256
1779876195,22.67203389830499
1779876210,22.861016949153335
1779876225,22.92711864406356
1779876240,22.909322033902146
1779876255,22.93050847457272
1779876270,22.883898305082184
1779876285,22.876271186440878
1779876300,22.920338983047696
1779876315,22.94661016948818
1779876330,22.977966101693635
1779876345,23.03305084746079
1779876360,22.99999999999951
1779876375,22.9889830508441
1779876390,23.127118644064836
1779876405,23.032203389830407
1779876420,23.19237288135455
1779876435,23.066101694914664
1779876450,23.111864406774828
1779876465,23.105084745763893
1779876480,23.149999999998627
1779876495,22.941525423728127
1779876510,22.762711864404817
1779876525,22.79406779660781
1779876540,22.810169491523258
1779876555,22.90932203389969
1779876570,23.057627118645453
1779876585,22.918644067799278
1779876600,22.71016949152631
1779876615,22.82881355931996
1779876630,22.71525423728883
1779876645,22.70423728813342
1779876660,22.559322033896834
1779876675,22.52796610169383
1779876690,22.55084745762761
1779876705,22.606779661015274
1779876720,22.53474576271216
1779876735,22.566101694917627
1779876750,22.570338983049766
1779876765,22.582203389833076
1779876780,22.39152542372398
1779876795,22.446610169493596
1779876810,22.250000000001478
1779876825,22.234745762711473
1779876840,22.167796610170875
1779876855,22.096610169493204
1779876870,22.31355932203044
1779876885,22.193220338983444
1779876900,22.183050847458418
1779876915,22.28559322034155
1779876930,22.36101694915382
1779876945,22.339830508475856
1779876960,22.298305084747838
1779876975,22.341525423726736
1779876990,22.332203389832085
1779877005,22.35254237287968
1779877020,22.324576271183382
1779877035,22.176271186442552
1779877050,22.328813559317993
1779877065,22.406779661018916
1779877080,22.47627118643831
1779877095,22.459322033897422
1779877110,22.560169491527205
1779877125,22.664406779661217
1779877140,22.776271186439
1779877155,22.727966101697582
1779877170,22.63220338983278
1779877185,22.74915254237062
1779877200,22.990677966099927
1779877215,22.916949152543463
1779877230,22.92372881356426
1779877245,22.8822033898313
1779877260,22.970338983049864
1779877275,23.001694915252855
1779877290,23.1372881355948
1779877305,23.104237288135987
1779877320,23.197457627117068
1779877335,23.260169491525527
1779877350,23.330508474580224
1779877365,23.47966101694896
1779877380,23.521186440676978
1779877395,23.45593220338973
1779877410,23.466101694914766
1779877425,23.423728813556366
1779877440,23.3067796610136
1779877455,23.205932203388745
1779877470,23.205932203388745
1779877485,23.112711864407665
1779877500,23.047457627120416
1779877515,23.04915254237131
1779877530,23.02372881355873
1779877545,23.0516949152501
1779877560,22.95169491525808
1779877575,23.009322033901558
1779877590,23.01016949152701
1779877605,23.166949152539516
1779877620,22.9491525423719
1779877635,22.850847457630774
1779877650,22.747457627117264
1779877665,22.761864406779363
1779877680,22.57711864407056
1779877695,22.641525423729902
1779877710,22.615254237289417
1779877725,22.60169491525029
1779877740,22.51271186440629
1779877755,22.650847457624558
1779877770,22.65762711864535
1779877785,22.65000000000158
1779877800,22.619491525426493
1779877815,22.577118644068094
1779877830,22.58389830508396
1779877845,22.740677966098932
1779877860,22.776271186441466
1779877875,22.64915254237121
1779877890,22.790677966101104
1779877905,22.90932203389969
1779877920,22.762711864404807
1779877935,23.04237288136037
1779877950,23.066101694919595
1779877965,23.322881355931514
1779877980,23.443220338980986
1779877995,23.651694915256407
1779878010,23.898305084745765
1779878025,24.059322033902752
1779878040,24.27881355932371
1779878055,24.58983050847734
1779878070,24.669491525424224
1779878085,24.76271186440777
1779878100,24.95254237288156
1779878115,25.059322033896827
1779878130,25.191525423729612
1779878145,25.155932203392005
1779878160,25.16525423729159
1779878175,25.240677966101398
1779878190,25.199152542370907
1779878205,25.1169491525403
1779878220,25.077966101693537
1779878235,25.070338983049766
1779878250,24.93474576271275
1779878265,24.800000000001187
1779878280,24.666949152545435
1779878295,24.522033898303906
1779878310,24.568644067796907
1779878325,24.484745762710492
1779878340,24.373728813558138
1779878355,24.414406779660723
1779878370,24.192372881353563
1779878385,24.155084745760146
1779878400,24.12203389830381
1779878415,24.163559322036754
1779878430,23.961016949154224
1779878445,24.048305084744868
1779878460,23.920338983051636
1779878475,23.91694915254494
1779878490,24.039830508475667
1779878505,24.29830508474833
1779878520,24.377966101695215
1779878535,24.5254237288106
1779878550,24.57033898305272
1779878565,24.71864406779849
1779878580,24.72457627118645
1779878595,24.826271186439197
1779878610,24.761016949151948
1779878625,24.753389830508176
1779878640,24.822881355934967
1779878655,24.826271186439197
1779878670,24.8186440677979
1779878685,24.60338983050907
1779878700,24.57372881356189
1779878715,24.420338983048683
1779878730,24.425423728813666
1779878745,24.52457627118516
1779878760,24.38135593220191
1779878775,24.29915254237377
1779878790,24.227966101696108
1779878805,24.018644067797702
1779878820,23.896610169487474
1779878835,23.80762711864348
1779878850,23.710169491525324
1779878865,23.564406779663294
1779878880,23.644915254233144
1779878895,23.492372881357714
1779878910,23.435593220337214
1779878925,23.129661016948567
1779878940,22.977966101698566
1779878955,22.894915254237592
1779878970,22.72033898305135
1779878985,22.860169491522964
1779879000,22.982203389833167
1779879015,23.20762711864457
1779879030,22.981355932202806
1779879045,22.966949152540693
1779879060,22.949999999999804
1779879075,22.90169491525098
1779879090,22.864406779662495
1779879105,22.872033898306277
1779879120,22.79915254237278
1779879135,22.777118644066906
1779879150,22.690677966101703
1779879165,22.608474576271085
1779879180,22.536440677963043
1779879195,22.394067796607708
1779879210,22.541525423728025
1779879225,22.439830508475268
1779879240,22.58983050847192
1779879255,22.52203389830587
1779879270,22.537288135593414
1779879285,22.272881355932796
1779879300,22.10084745762535
1779879315,22.32542372881623
1779879330,22.13474576271206
1779879345,22.267796610170286
1779879360,22.30932203389584
1779879375,22.25169491525236
1779879390,22.3084745762704
1779879405,22.28728813559243
1779879420,22.30084745762416
1779879435,22.33559322033879
1779879450,22.719491525425905
1779879465,22.838135593219555
1779879480,22.873728813554695
1779879495,22.911016949150564
1779879510,22.885593220342926
1779879525,23.00084745762495
1779879540,22.99067796610732
1779879555,23.309322033897317
1779879570,23.29661016949104
1779879585,23.368644067796616
1779879600,23.344067796611945
1779879615,24.277118644065432
1779879630,25.233050847460092
1779879645,25.61779661016772
1779879660,25.552542372882936
1779879675,25.602542372882642
1779879690,25.734745762715416
1779879705,25.847457627118644
1779879720,26.024576271188614
1779879735,25.954237288136383
1779879750,25.871186440682802
1779879765,25.97881355932352
1779879780,25.974576271186443
1779879795,26.058474576270395
1779879810,26.01186440677492
1779879825,26.050847457624158
1779879840,26.072033898304593
1779879855,26.17033898304819
1779879870,26.17033898304819
1779879885,26.26864406779671
1779879900,26.281355932205464
1779879915,24.822033898304596
1779879930,24.438983050847863
1779879945,24.406779661019417
1779879960,24.28559322033711
1779879975,24.266101694914965
1779879990,24.266949152545337
1779880005,24.007627118647225
1779880020,23.92118644067708
1779880035,24.072033898304102
1779880050,24.01186440677937
1779880065,23.970338983053807
1779880080,24.007627118647225
1779880095,24.04830508474981
1779880110,24.03559322033859
1779880125,23.968644067793065
1779880140,24.050000000000693
1779880155,23.992372881357216
1779880170,23.785593220342538
1779880185,23.736440677968275
1779880200,23.77966101694965
1779880215,23.66355932203479
1779880230,23.858474576271092
1779880245,23.694067796609875
1779880260,23.81949152542433
1779880275,23.822881355931024
1779880290,23.85000000000188
1779880305,23.872033898307755
1779880320,23.68898305084737
1779880335,23.650847457626035
1779880350,23.59152542372428
1779880365,23.43050847457716
1779880380,23.390677966100014
1779880395,23.41525423728469
1779880410,23.371186440675405
1779880425,23.294915254235214
1779880440,23.14152542372694
1779880455,23.185593220338696
1779880470,23.0915254237297
1779880485,23.0940677966085
1779880500,23.04745762711795
1779880515,23.03305084745585
1779880530,22.994915254239466
1779880545,22.761016949153923
1779880560,22.700000000001285
1779880575,22.73559322033889
1779880590,22.647457627117863
1779880605,22.627118644065327
1779880620,22.3652542372909
1779880635,22.58898305084648
1779880650,22.76779661016979
1779880665,23.055932203392103
1779880680,23.07288135593053
1779880695,22.88135593220586
1779880710,23.16864406779533
1779880725,23.121186440679352
1779880740,23.222881355934575
1779880755,23.227118644066714
1779880770,23.38220338983328
1779880785,23.32203389830361
1779880800,23.372881355933693
1779880815,23.424576271186737
1779880830,23.681355932203584
1779880845,23.513559322035672
1779880860,23.610169491523457
1779880875,23.5059322033919
1779880890,23.50084745762939
1779880905,23.519491525421167
1779880920,23.544067796608292
1779880935,23.474576271186443
1779880950,23.344915254237385
1779880965,23.267796610171764
1779880980,23.25593220338599
1779880995,23.244915254237974
1779881010,23.089830508473884
1779881025,23.093220338983055
1779881040,22.943220338983938
1779881055,23.18983050847576
1779881070,23.11101694915432
1779881085,23.162711864409836
1779881100,23.11949152542354
1779881115,23.140677966101507
1779881130,23.27118644067847
1779881145,23.058474576270893
1779881160,23.032203389830407
1779881175,22.923728813556853
1779881190,23.101694915252267
1779881205,23.296610169488574
1779881220,23.30593220338568
1779881235,23.397457627113415
1779881250,23.289830508475173
1779881265,23.187288135594507
1779881280,23.411016949150078
1779881295,23.32711864406859
1779881310,23.292372881356428
1779881325,23.375423728814937
1779881340,23.38050847457499
1779881355,23.377966101693737
1779881370,23.30338983050443
1779881385,23.242372881356733
1779881400,23.242372881354257
1779881415,23.39661016949044
1779881430,23.290677966100603
1779881445,23.3144067796623
1779881460,23.320338983055187
1779881475,23.37288135593122
1779881490,23.505932203389435
1779881505,23.475423728811883
1779881520,23.328813559321937
1779881535,23.29406779661224
1779881550,23.313559322031928
1779881565,23.181355932204085
1779881580,23.359322033897023
1779881595,23.36016949152493
1779881610,23.43559322033968
1779881625,23.4593220338989
1779881640,23.480508474571927
1779881655,23.438983050846375
1779881670,23.602542372884617
1779881685,23.521186440676978
1779881700,23.39661016949044
1779881715,23.414406779659245
1779881730,23.557627118647428
1779881745,23.846610169490244
1779881760,23.846610169487782
1779881775,23.77457627118713
1779881790,23.833898305083956
1779881805,23.878813559323618
1779881820,23.97966101695339
1779881835,24.055932203391116
1779881850,24.203389830506506
1779881865,24.017796610172248
1779881880,23.93983050847379
1779881895,23.84576271186727
1779881910,23.798305084746364
1779881925,23.80169491525306
1779881940,23.779661016947184
1779881955,23.666949152546422
1779881970,23.677966101694427
1779881985,23.698305084749414
1779882000,23.572033898302124
1779882015,23.488135593218175
1779882030,23.40932203390167
1779882045,23.324576271187336
1779882060,23.216101694916247
1779882075,23.141525423731867
1779882090,23.045762711864604
1779882105,23.108474576273064
1779882120,22.956779661013204
1779882135,22.77542372881356
1779882150,22.894067796604745
1779882165,22.92711864406849
1779882180,22.859322033897513
1779882195,22.761016949153934
1779882210,22.938983050849338
1779882225,23.00762711864328
1779882240,23.03559322033464
1779882255,23.16101694915156
1779882270,23.14576271186648
1779882285,23.3101694915277
1779882300,23.61779661017216
1779882315,23.458474576270994
1779882330,23.463559322031035
1779882345,23.488135593220637
1779882360,23.57203389830459
1779882375,23.64576271186599
1779882390,23.471186440679737
1779882405,23.64152542373138
1779882420,23.70169491525118
1779882435,23.81525423728479
1779882450,23.899152542371205
1779882465,23.978813559320557
1779882480,24.135593220338002
1779882495,24.092372881356617
1779882510,23.838135593221033
1779882525,23.951694915257104
1779882540,23.91016949153154
1779882555,23.82914460436547
1779882570,23.770338983050053
1779882585,23.637288135594314
1779882600,23.670338983050655
1779882615,23.66610169491604
1779882630,23.700847457623276
1779882645,23.616101694913883
1779882660,23.723728813561994
1779882675,23.669491525420284
1779882690,23.76610169491299
1779882705,23.59915254237298
1779882720,23.611016949151352
1779882735,23.561016949154123
1779882750,23.668644067797306
1779882765,23.658474576272283
1779882780,23.699152542372392
1779882795,23.788135593221327
1779882810,23.834745762711872
1779882825,23.933050847457928
1779882840,23.92118644067709
1779882855,23.93559322033425
1779882870,23.978813559320557
1779882885,24.18898305084687
1779882900,23.989830508471034
1779882915,24.00593220339141
1779882930,23.963559322033014
1779882945,23.70762711864407
1779882960,23.751694915253353
1779882975,23.82711864406809
1779882990,23.838983050848938
1779883005,23.966101694914265
1779883020,23.87542372881445
1779883035,23.854237288134016
1779883050,23.818644067796413
1779883065,23.864406779659042
1779883080,24.133898305084656
1779883095,24.033050847457325
1779883110,24.107627118646636
1779883125,24.211016949150277
1779883140,24.28813559322083
1779883155,24.370338983051443
1779883170,24.194915254237294
1779883185,24.307627118642984
1779883200,24.368644067795632
1779883215,24.34152542373217
1779883230,24.23559322033987
1779883245,24.383050847460197
1779883260,24.3661016949119
1779883275,24.130508474575485
1779883290,24.17966101694975
1779883305,24.31186440678006
1779883320,24.183050847458908
1779883335,24.07796610169699
1779883350,23.85762711864072
1779883365,23.760169491522564
1779883380,23.656779661016458
1779883395,23.725423728812878
1779883410,23.411016949155016
1779883425,23.187288135592034
1779883440,23.202542372879577
1779883455,23.42033898304967
1779883470,23.573728813562877
1779883485,23.604237288133035
1779883500,23.629661016950543
1779883515,23.604237288133035
1779883530,23.4661016949123
1779883545,23.495762711866874
1779883560,23.591525423726743
1779883575,23.8313559322027
1779883590,23.66864406779483
1779883605,23.694067796609875
1779883620,23.526271186439494
1779883635,23.56440677966083
1779883650,23.600000000000886
1779883665,23.703389830509458
1779883680,23.608474576272577
1779883695,23.6432203389798
1779883710,23.677966101694427
1779883725,23.720338983052823
1779883740,23.522033898304894
1779883755,23.195762711866188
1779883770,23.06525423728676
1779883785,23.012711864408264
1779883800,22.895762711863032
1779883815,22.968644067798984
1779883830,23.12881355932559
1779883845,22.97288135593112
1779883860,22.87288135592924
1779883875,22.816101694916146
1779883890,22.84237288135662
1779883905,22.790677966098638
1779883920,22.62372881355863
1779883935,22.737288135594703
1779883950,22.744915254238474
1779883965,22.803389830509857
1779883980,22.756779661019323
1779883995,22.76271186440728
1779884010,22.70762711864013
1779884025,22.72118644067679
1779884040,22.688135593222913
1779884055,22.88559322034046
1779884070,22.820338983048284
1779884085,22.878813559322133
1779884100,22.801694915254046
1779884115,22.942372881356032
1779884130,22.986440677965312
1779884145,22.982203389828236
1779884160,23.004237288139052
1779884175,23.034745762714138
1779884190,22.967796610166136
1779884205,23.212711864409542
1779884220,23.142372881354856
1779884235,23.20847457627
1779884250,23.141525423729405
1779884265,23.187288135594507
1779884280,23.13898305084815
1779884295,23.27796610169679
1779884310,23.3000000000002
1779884325,23.3559322033854
1779884340,23.482013315435278
1779884355,23.563559322035378
1779884370,23.66694915253902
1779884385,23.918644067795825
1779884400,24.127118644071256
1779884415,24.286440677962553
1779884430,24.35593220339427
1779884445,24.288135593223302
1779884460,24.56101694915067
1779884475,24.754237288136082
1779884490,24.919491525425208
1779884505,24.914406779662702
1779884520,24.932203389831496
1779884535,24.958474576271982
1779884550,25.07881355931898
1779884565,25.09915254237397
1779884580,24.9957627118654
1779884595,24.89830508474231
1779884610,24.97966101694994
1779884625,24.816101694914174
1779884640,24.91779661016693
1779884655,24.69237288135554
1779884670,24.558474576274346
1779884685,24.367796610167712
1779884700,24.29067796610209
1779884715,24.169491525424714
1779884730,24.30254237288294
1779884745,24.431355932201615
1779884760,24.299152542371306
1779884775,24.18813559322143
1779884790,23.968644067797996
1779884805,23.876271186442356
1779884820,23.91186440677996
1779884835,23.972881355935073
1779884850,23.823728813561395
1779884865,23.946610169489645
1779884880,23.75508474576251
1779884895,23.812711864408463
1779884910,23.866101694914864
1779884925,24.05762711864693
1779884940,23.82966101694688
1779884955,23.905084745764093
1779884970,23.836440677967687
1779884985,23.800847457627604
1779885000,23.912711864405402
1779885015,23.80338983050887
1779885030,23.766101694915452
1779885045,23.817796610173446
1779885060,23.89915254237367
1779885075,23.86949152542156
1779885090,23.880508474576967
1779885105,23.899152542371205
1779885120,24.023728813560208
1779885135,24.027118644066913
1779885150,24.06271186440452
1779885165,24.207627118643572
1779885180,24.336440677967186
1779885195,24.411864406779472
1779885210,24.418644067795327
1779885225,24.611864406778285
1779885240,24.637288135593316
1779885255,24.727966101695607
1779885270,24.76271186440777
1779885285,24.850847457626337
1779885300,24.734745762711473
1779885315,24.619491525422056
1779885330,24.550000000000203
1779885345,24.4652542372908
1779885360,24.556779661018524
1779885375,24.54491525423522
1779885390,24.386440677964426
1779885405,24.5720338983036
1779885420,24.43559322033868
1779885435,24.270338983052042
1779885450,24.24661016949281
1779885465,24.150847457625545
1779885480,24.06949152542037
1779885495,24.172033898305976
1779885510,24.029661016948168
1779885525,24.052542372877017
1779885540,24.044067796607806
1779885555,23.876271186442356
1779885570,23.822881355935955
1779885585,23.538983050848252
1779885600,23.633050847459703
1779885615,23.662711864406884
1779885630,23.57881355932786
1779885645,23.650847457626035
1779885660,23.568644067797894
1779885675,23.586440677966692
1779885690,23.61610169491881
1779885705,23.532203389827455
1779885720,23.409322033894263
1779885720,23.409322033894263
1779885735,23.196610169491628
1779885750,23.302542372883927
1779885765,23.1127118644052
1779885780,23.237288135594213
1779885795,22.936440677965606
1779885810,23.03728813559046
1779885825,22.896610169490938
1779885840,22.789830508473198
1779885855,22.725423728813855
1779885870,22.647457627117863
1779885885,22.76525423728607
1779885900,22.69237288135505
1779885915,22.822881355929535
1779885930,22.93474576271226
1779885945,22.673728813555872
1779885960,22.494915254235014
1779885975,22.37796610169719
1779885990,22.432203389826565
1779886005,22.616949152542777
1779886020,22.694915254236303
1779886035,22.654237288133714
1779886050,22.742372881354754
1779886065,22.802542372881952
1779886080,22.73644067796926
1779886095,23.011864406780358
1779886110,23.057627118642987
1779886125,23.093220338987987
1779886140,23.030508474574596
1779886155,23.105932203389344
1779886170,23.1025423728777
1779886185,22.926271186440584
1779886200,23.077966101700444
1779886215,23.055932203389638
1779886230,23.14576271186648
1779886245,23.108474576273064
1779886260,23.201694915254144
1779886275,23.227966101689688
1779886290,23.229661016947965
1779886305,23.20169491525661
1779886320,23.11186440677976
1779886335,23.04491525423916
1779886350,23.049152542373776
1779886365,22.97966101694945
1779886380,22.691525423724677
1779886395,22.647457627117863
1779886410,22.77033898304858
1779886425,22.79152542372902
1779886440,22.917796610168907
1779886455,22.831355932201227
1779886470,22.950847457630186
1779886485,22.956779661020597
1779886500,22.936440677968072
1779886515,22.919491525424718
1779886530,23.112711864402733
1779886545,23.043220338980884
1779886560,22.920338983052623
1779886575,22.92542372881514
1779886590,22.838983050849926
1779886605,22.700000000001285
1779886620,22.82796610169453
1779886635,22.688983050845877
1779886650,22.725423728816317
1779886665,22.71525423728883
1779886680,22.772881355932306
1779886695,22.768644067797695
1779886710,22.80169491525158
1779886725,22.741525423729314
1779886740,22.666949152542472
1779886755,22.866949152543757
1779886770,22.68813559321797
1779886785,22.640677966101997
1779886800,22.668644067793352
1779886815,23.249152542370123
1779886830,23.404237288131746
1779886845,23.631355932201426
1779886860,23.693220338984432
1779886875,23.94491525423631
1779886890,24.016949152544353
1779886905,24.104237288135
1779886920,24.294915254236706
1779886935,24.280508474577054
1779886950,24.349999999996452
1779886965,24.353389830513017
1779886980,24.225423728814842
1779886995,24.329661016953796
1779887010,24.430508474576172
1779887025,24.527118644068892
1779887040,24.621186440677867
1779887055,24.6635593220338
1779887070,24.71440677966634
1779887085,24.611864406778285
1779887100,24.657627118643376
1779887115,23.989830508478427
1779887130,23.90254237288284
1779887145,23.772881355928853
1779887160,23.798305084743898
1779887175,23.61101694915383
1779887190,23.594067796607998
1779887205,23.50084745762693
1779887220,23.42914189248504
1779887235,23.545762711864114
1779887250,23.633898305085143
1779887265,23.923728813560796
1779887280,23.885593220339473
1779887295,24.058474576267443
1779887310,24.03135593220399
1779887325,24.006779661016854
1779887340,24.13050847457795
1779887355,23.969491525423436
1779887370,24.11694915254623
1779887385,24.005932203388948
1779887400,24.113559322034593
1779887415,24.256779661017834
1779887430,24.16016949152513
1779887445,24.12542372881543
1779887460,24.094915254240345
1779887475,24.297457627117957
1779887490,24.227966101696108
1779887505,24.135593220338002
1779887520,24.172033898303514
1779887535,24.204237288136877
1779887550,24.0508474576286
1779887565,24.052542372881945
1779887580,23.951694915252176
1779887595,24.018644067797702
1779887610,23.937288135592528
1779887625,24.005084745763504
1779887640,23.983898305080608
1779887655,23.98559322034135
1779887670,23.927118644065036
1779887685,23.986440677964328
1779887700,24.17796610169146
1779887715,24.23813559321867
1779887730,24.269491525426588
1779887745,24.38305084745773
1779887760,24.319491525426294
1779887775,24.159322033897222
1779887790,24.10508474576044
1779887805,24.004237288138064
1779887820,23.97203389830469
1779887835,23.888135593218273
1779887850,23.832203389828145
1779887865,23.9449152542363
1779887880,23.870338983047002
1779887895,23.81101694915264
1779887910,23.774576271184667
1779887925,23.662711864406873
1779887940,23.85508474576192
1779887955,23.808474576271387
1779887970,23.847457627120615
1779887985,23.905932203389536
1779888000,23.544067796605827
1779888015,23.457627118643074
1779888030,23.455084745761834
1779888045,23.580508474573804
1779888060,23.570338983051244
1779888075,23.527118644069866
1779888090,23.61525423728843
1779888105,23.662711864406884
1779888120,23.66694915253902
1779888135,23.42372881355883
1779888150,23.43983050847428
1779888165,23.572033898307055
1779888180,23.605932203391312
1779888195,23.627966101697183
1779888210,23.62203389830676
1779888225,23.643220338982264
1779888240,23.554237288135795
1779888255,23.479661016946494
1779888270,23.474576271186443
1779888285,23.583898305085437
1779888300,23.611864406781734
1779888315,23.695762711865697
1779888330,23.755932203392895
1779888345,23.52203389830736
1779888360,23.368644067794143
1779888375,23.625423728811
1779888390,23.676271186443543
1779888405,23.714406779659935
1779888420,23.69745762712151
1779888435,23.765254237287547
1779888450,23.809322033899292
1779888465,23.771186440680438
1779888480,23.668644067797295
1779888495,23.691525423731086
1779888510,23.82033898304976
1779888525,23.73389830508208
1779888540,23.822033898305573
1779888555,23.771186440677972
1779888570,23.700847457628203
1779888585,23.625423728813466
1779888600,23.695245391490527
1779888615,23.751694915253353
1779888630,23.86271186440816
1779888645,23.936440677967084
1779888660,23.876271186437425
1779888675,23.788983050846767
1779888690,23.794915254234727
1779888705,23.655084745763112
1779888720,23.69576271186322
1779888735,23.69406779660741
1779888750,23.580508474578743
1779888765,23.44067796609972
1779888780,23.272033898303903
1779888795,23.42711864406799
1779888810,23.303389830506905
1779888825,23.303389830509367
1779888840,23.281355932205962
1779888855,23.388135593218763
1779888870,23.471186440677272
1779888885,23.464406779663882
1779888900,23.363559322031634
1779888915,23.370338983049965
1779888930,23.27288135593181
1779888945,23.348305084746556
1779888960,23.340677966102785
1779888975,23.60084745762633
1779888990,23.66016949152563
1779889005,23.82966101694688
1779889020,23.777966101693828
1779889035,24.02033898304612
1779889050,24.04237288135199
1779889065,24.170338983050154
1779889080,24.232203389828243
1779889095,24.10084745762584
1779889110,24.6635593220338
1779889125,24.48898305084756
1779889140,24.524576271187627
1779889155,24.62033898304996
1779889170,24.60169491525326
1779889185,24.64745762712328
1779889200,24.707627118645547
1779889215,24.69067796610466
1779889230,24.81779661016752
1779889245,24.845762711863816
1779889260,24.906779661016454
1779889275,24.86016949152592
1779889290,24.81949152542333
1779889305,24.896610169493893
1779889320,24.958474576271982
1779889335,25.08983050847685
1779889350,25.106779661015278
1779889365,25.141525423729906
1779889380,25.133050847458215
1779889395,24.981355932205762
1779889410,24.852542372879682
1779889425,24.81525423728873
1779889440,24.733898305083567
1779889455,24.690677966102193
1779889470,24.609322033899495
1779889485,24.628813559324104
1779889500,24.451694915256606
1779889515,24.522881355934278
1779889530,24.534745762710187
1779889545,24.483050847457143
1779889560,24.31949152542383
1779889575,24.400000000001086
1779889590,24.313559322033406
1779889605,24.277118644067897
1779889620,23.96101694915176
1779889635,24.043220338982362
1779889650,23.983898305088005
1779889665,24.07627118644364
1779889680,24.0406779661011
1779889695,24.268644067798682
1779889710,24.42457627118575
1779889725,24.277118644067897
1779889740,24.19406779661185
1779889755,24.244915254239462
1779889770,24.275423728817014
1779889785,24.17372881356179
1779889800,24.193220338983945
1779889815,24.06016949152572
1779889830,24.072881355932008
1779889845,24.09915254237496
1779889860,24.19237288135603
1779889875,24.140677966102974
1779889890,24.083898305087416
1779889905,24.05932203389781
1779889920,24.145762711865505
1779889935,24.195762711862734
1779889950,23.92627118644206
1779889965,23.91186440677996
1779889980,23.873728813558625
1779889995,23.847457627115688
1779890010,23.99237288135475
1779890025,23.941525423729605
1779890040,24.0042372881356
1779890055,24.095762711863323
1779890070,24.20338983050897
1779890085,24.20516140841904
1779890100,24.17457627118723
1779890115,24.213559322033994
1779890130,24.277118644067897
1779890145,24.28644067796748
1779890160,24.33305084746049
1779890175,24.427118644067015
1779890190,24.348305084743103
1779890205,24.35000000000138
1779890220,24.048305084747344
1779890235,24.155084745765087
1779890250,24.129661016950045
1779890265,24.1000000000004
1779890280,24.017796610169782
1779890295,23.842372881360575
1779890310,23.845762711864804
1779890325,23.79661016949054
1779890340,23.79152542372802
1779890355,23.686440677961173
1779890370,23.699152542369927
1779890385,23.66101694915106
1779890400,23.6186440677976
1779890415,23.59999999999596
1779890430,23.48644067796729
1779890445,23.638983050845187
1779890460,23.571186440676684
1779890475,23.59491525423838
1779890490,23.633050847454772
1779890505,23.80423728813925
1779890520,23.782203389833366
1779890535,23.981355932199342
1779890550,24.057627118642
1779890565,24.152542372881356
1779890580,24.338983050845975
1779890595,24.466101694916244
1779890610,24.51355932203222
1779890625,24.67966101694925
1779890640,24.603389830506607
1779890655,24.70254237288303
1779890670,24.53644067796601
1779890685,24.645762711862538
1779890700,24.682203389830516
1779890715,24.67627118644009
1779890730,24.655084745757193
1779890745,24.562711864408946
1779890760,24.604237288134513
1779890775,24.77457627118862
1779890790,24.455932203388752
1779890805,24.580508474577755
1779890820,24.354237288138457
1779890835,24.392372881354852
1779890850,24.47372881355755
1779890865,24.31016949152425
1779890880,24.175423728815137
1779890895,24.097457627119145
1779890910,24.060169491528182
1779890925,24.047457627121904
1779890940,24.069491525422848
1779890955,24.112711864406688
1779890970,24.266101694914965
1779890985,24.14830508474428
1779891000,24.095762711863323
1779891015,24.26186440677789
1779891030,24.255084745759557
1779891045,24.285593220339585
1779891060,24.23135593220527
1779891075,24.150000000000095
1779891090,24.13135593220339
1779891105,24.30254237288294
1779891120,24.28220338982795
1779891135,24.31440677966131
1779891150,24.136440677965908
1779891165,24.382203389829815
1779891180,24.411016949154018
1779891195,24.43389830508288
1779891210,24.44406779661037
1779891225,24.51694915254139
1779891240,24.638135593221232
1779891255,24.5533898305069
1779891270,24.566101694915655
1779891285,24.638983050849138
1779891300,24.692372881358004
1779891315,24.722881355930625
1779891330,24.8576271186422
1779891345,24.690677966099717
1779891360,24.85423728813796
1779891375,24.888135593217275
1779891390,25.009322033894655
1779891405,24.899152542372683
1779891420,24.835593220336328
1779891435,24.96355932203449
1779891450,25.07288135593102
1779891465,25.04322033898384
1779891480,24.905084745763105
1779891495,25.041525423725552
1779891510,25.013559322034197
1779891525,24.867796610172157
1779891540,24.791525423727045
1779891555,24.855084745765875
1779891570,24.778813559323222
1779891585,24.835593220341256
1779891600,24.93135593220359
1779891615,24.97966101694994
1779891630,25.02288135593378
1779891645,25.32711864406908
1779891660,25.175423728811687
1779891675,25.194067796610863
1779891690,25.083898305081487
1779891705,24.93220338982657
1779891720,25.13474576270911
1779891735,24.988135593224094
1779891750,24.71186440678016
1779891765,24.728813559323516
1779891780,25.040677966097658
1779891795,25.11271186441063
1779891810,25.04830508474636
1779891825,25.174576271186243
1779891840,25.060169491524743
1779891855,25.22881355932055
1779891870,25.279661016950627
1779891885,25.26949152542314
1779891900,25.100000000001877
1779891915,24.95084745762575
1779891930,24.866101694916342
1779891945,24.822033898304596
1779891960,24.857627118644654
1779891975,24.766949152537443
1779891990,24.765254237289025
1779892005,24.757627118645253
1779892020,24.708474576270987
1779892035,24.70762711864308
1779892050,24.743220338985616
1779892065,24.638983050849138
1779892080,24.57372881356189
1779892095,24.35084745762929
1779892110,24.37966101694856
1779892125,24.316101694917137
1779892140,24.009322033898105
1779892155,23.8915254237299
1779892170,23.91694915254494
1779892185,24.03220338982942
1779892200,23.96271186440757
1779892215,24.068644067799873
1779892230,23.877966101690774
1779892245,24.081355932203685
1779892260,24.215254237287354
1779892275,24.250000000001982
1779892290,24.251694915252852
1779892305,24.311864406777595
1779892320,24.39661016949193
1779892335,24.49576271186096
1779892350,24.297457627117957
1779892365,24.477966101697092
1779892380,24.62457627118704
1779892395,24.70084745762968
1779892410,24.817796610169985
1779892425,24.792372881357416
1779892440,24.76271186440777
1779892455,24.671186440677573
1779892470,24.774576271186145
1779892485,24.79745762711746
1779892500,24.77288135593033
1779892515,24.936440677966097
1779892530,24.955084745765276
1779892545,24.824576271188327
1779892560,24.70423728813145
1779892575,24.8508474576288
1779892590,24.715254237286853
1779892605,24.610169491524925
1779892620,24.594915254239858
1779892635,24.559322033897324
1779892650,24.558474576269408
1779892665,24.439830508473293
1779892680,24.35084745762929
1779892695,24.281355932204974
1779892710,24.231355932202803
1779892725,24.239830508469552
1779892740,24.139830508475068
1779892755,24.250847457624946
1779892770,24.116949152541288
1779892785,24.12372881355962
1779892800,23.85762711864072
1779892815,23.785593220340072
1779892830,23.89915254237367
1779892845,23.967796610167614
1779892860,23.84237288135811
1779892875,23.954237288133417
1779892890,23.983050847455157
1779892905,24.105084745762916
1779892920,24.034745762715616
1779892935,24.065254237288237
1779892950,24.29406779660632
1779892965,24.446610169491635
1779892980,24.593220338984032
1779892995,24.736440677964822
1779893010,24.738135593220633
1779893025,24.953389830507
1779893040,24.84830508474507
1779893055,25.082203389828138
1779893070,25.29915254237278
1779893085,25.558474576270896
1779893100,25.72881355932253
1779893115,25.96779661017058
1779893130,26.218644067797005
1779893145,26.30932203389683
1779893160,26.494067796610565
1779893175,26.70932203389693
1779893190,26.88947871539924
1779893205,27.157627118645845
1779893220,27.390677966101006
1779893235,27.46016949152532
1779893250,27.554237288139237
1779893265,27.722033898304687
1779893280,27.62288135593073
1779893295,27.676271186439592
1779893310,27.83559322034076
1779893325,27.936440677965614
1779893340,28.175423728813655
1779893355,28.29830508474932
1779893370,28.1728813559324
1779893385,28.183898305085343
1779893400,28.387288135593323
1779893415,28.316101694913186
1779893430,28.341525423728232
1779893445,28.321186440675696
1779893460,28.35508474576489
1779893475,28.143220338980292
1779893490,28.116949152544745
1779893505,27.840319726644257
1779893520,27.86779661017167
1779893535,28.228813559324994
1779893550,28.105084745763897
1779893565,28.07203389831002
1779893580,27.833898305084947
1779893595,27.793220338982362
1779893610,27.671186440679552
1779893625,27.57118644068014
1779893640,27.46101694915324
1779893655,27.455084745762814
1779893670,27.4389830508449
1779893685,27.466101694915746
1779893700,27.404237288135203
1779893715,27.34237288135465
1779893730,27.23728813559273
1779893745,27.09406779660948
1779893760,27.26779661017028
1779893775,27.411016949155997
1779893790,27.538135593221323
1779893805,27.62118644067738
1779893820,27.63983050847655
1779893835,27.301694915257002
1779893850,27.493220338981672
1779893865,27.666101694919497
1779893880,27.95762711864358
1779893895,27.78050847457607
1779893910,27.75762711864722
1779893925,27.89406779660968
1779893940,27.84152542372872
1779893955,27.957627118641113
1779893970,27.685593220336713
1779893985,27.620338983049464
1779894000,27.738135593220147
1779894015,28.750847457627906
1779894030,28.88559322033948
1779894045,29.07372881355499
1779894060,28.68050847457568
1779894075,28.681355932201125
1779894090,28.75847457626921
1779894105,28.736440677965813
1779894120,28.62966101694807
1779894135,28.5584745762704
1779894150,28.672881355934376
1779894165,28.672881355929448
1779894180,28.741525423725854
1779894195,28.711016949150768
1779894210,28.72711864406622
1779894225,28.751694915253356
1779894240,28.729661016949937
1779894255,28.647457627121796
1779894270,28.806779661015568
1779894285,28.72881355932204
1779894300,28.7220338983037
1779894315,28.087288135592626
1779894330,27.87457627118752
1779894345,27.986440677967785
1779894360,27.925423728815147
1779894375,28.015254237289522
1779894390,28.03474576271414
1779894405,27.863559322034593
1779894420,27.900847457625545
1779894435,28.094915254236398
1779894450,27.598305084746055
1779894465,27.598305084746055
1779894480,27.52457627118714
1779894495,27.73135593220182
1779894510,27.580508474579723
1779894525,27.537288135593418
1779894540,27.500000000002466
1779894555,27.46864406779701
1779894570,27.43474576271029
1779894585,27.36694915253932
1779894600,27.23728813559273
1779894615,27.107627118643673
1779894630,27.042372881356425
1779894645,26.93050847457864
1779894660,26.76355932203863
1779894675,26.944067796610373
1779894690,26.87711864406731
1779894705,26.95084745762624
1779894720,26.846610169487285
1779894735,26.719491525426886
1779894750,26.773728813563658
1779894765,26.67881355932431
1779894780,26.627966101694224
1779894795,26.732203389830712
1779894810,26.48983050847349
1779894825,26.535593220336118
1779894840,26.646610169490938
1779894855,26.641525423728417
1779894870,26.653389830506804
1779894885,26.70254237287859
1779894900,26.786440677967484
1779894915,26.780508474574592
1779894930,26.764406779664075
1779894945,27.02711864406888
1779894960,27.05593220339062
1779894975,27.067796610173932
1779894990,27.26779661017028
1779895005,27.377966101694717
1779895020,27.19491525423926
1779895035,27.273728813560705
1779895050,27.422033898306463
1779895065,27.562711864405987
1779895080,27.62372881355617
1779895095,27.465254237290317
1779895110,27.483898305087017
1779895125,27.61186440677532
1779895140,27.42457627118773
1779895155,27.380508474575983
1779895170,27.421186440678557
1779895185,27.349152542375442
1779895200,27.211016949152246
1779895215,27.255084745766467
1779895230,27.200847457624754
1779895245,27.267796610172756
1779895260,27.225423728811883
1779895275,27.29576271186658
1779895290,27.18559322034214
1779895305,27.243220338983154
1779895320,27.585593220339778
1779895335,27.786440677966496
1779895350,27.860169491525422
1779895365,28.044067796613724
1779895380,28.216101694918706
1779895395,28.599999999998428
1779895410,28.78813559322133
1779895425,29.08135593220369
1779895440,29.560169491522757
1779895455,29.805932203391606
1779895470,30.077118644065624
1779895485,30.647457627117358
1779895500,31.120338983050956
1779895515,31.680508474577664
1779895530,32.12881355932411
1779895545,32.5669491525406
1779895560,33.14152542373188
1779895575,33.6677966101694
1779895590,34.2635593220337
1779895605,34.888135593222216
1779895620,35.56016949152671
1779895635,36.25847457627168
1779895650,36.85762711864269
1779895665,37.47881355931957
1779895680,38.0559322033921
1779895695,38.40169491525296
1779895710,39.332203389832586
1779895725,40.30254237288196
1779895740,41.227118644068696
1779895755,41.61101694915333
1779895770,42.198305084745954
1779895785,42.748305084745176
1779895800,43.1830508474599
1779895815,43.973728813560506
1779895830,44.583050847454075
1779895845,45.12881355932361
1779895860,45.714406779660436
1779895875,46.53135593220399
1779895890,46.9483050847425
1779895905,46.97288135593457
1779895920,47.44152542373109
1779895935,47.997457627120724
1779895950,48.31779661017147
1779895965,48.391525423725454
1779895980,48.858474576271085
1779895995,49.18050847457519
1779896010,49.4864406779663
1779896025,49.49915254237506
1779896040,49.55593220339062
1779896055,50.37711864406632
1779896070,50.57627118643969
1779896085,50.81186440678105
1779896100,51.16610169491358
1779896115,51.61186440678124
1779896130,51.90762711864239
1779896145,51.82457627118635
1779896160,52.05508474576518
1779896175,52.325423728811295
1779896190,52.356779661014286
1779896205,53.34406779661195
1779896220,53.50423728813362
1779896235,53.79099124751539
1779896250,54.11271186440915
1779896265,54.491525423723886
1779896280,54.701694915255125
1779896295,54.530508474575576
1779896310,54.439830508475765
1779896325,54.22372881355903
1779896340,54.30677966101754
1779896355,53.82573677466712
1779896370,53.827966101691075
1779896385,53.50677966101981
1779896400,53.28305084745437
1779896415,52.7262711864393
1779896430,52.38644067796887
1779896445,52.09322033898404
1779896460,51.677966101693926
1779896475,51.24067796610288
1779896490,50.84406779660948
1779896505,50.21949152542097
1779896520,49.85084745762634
1779896535,49.36745333866492
1779896550,49.07796610169453
1779896565,48.5720338983046
1779896580,48.40338983050877
1779896595,48.39745762712082
1779896610,48.2720338983039
1779896625,48.19999999999832
1779896640,48.04237288135297
1779896655,48.154237288138155
1779896670,47.9957627118649
1779896685,47.761016949148996
1779896700,47.794067796610264
1779896715,47.68898305084588
1779896730,47.705084745763806
1779896745,47.82372881355745
1779896760,47.751694915256806
1779896775,47.78305084745733
1779896790,47.78813559321985
1779896805,47.91016949152266
1779896820,48.39915254237417
1779896835,48.600847457628795
1779896850,48.46525423728932
1779896865,48.692372881356526
1779896880,48.21610169491625
1779896895,48.1161016949119
1779896910,48.075423728816716
1779896925,48.23474576271048
1779896940,48.45423728813638
1779896955,48.5881355932225
1779896970,48.90084745762703
1779896985,49.026271186439004
1779897000,49.11525423728794
1779897015,49.6715220832783
1779897030,49.72118644068221
1779897045,49.753389830508176
1779897060,49.975423728815336
1779897075,50.05084745762761
1779897090,50.10508474576192
1779897105,49.96016949152286
1779897120,49.5466101694935
1779897135,49.337288135590164
1779897150,49.33559322033928
1779897165,49.56355932203193
1779897180,49.65762711864584
1779897195,49.1999999999998
1779897210,49.53389830508475
1779897225,49.40593220338905
1779897240,49.42966101695073
1779897255,49.43389830508781
1779897270,49.2245762711894
1779897285,49.28644067796748
1779897300,48.881355932204876
1779897315,48.861016949152344
1779897330,48.795762711862636
1779897345,49.09237288135909
1779897360,48.928813559318385
1779897375,49.058474576272374
1779897390,48.84745762711815
1779897405,48.810690060775876
1779897420,48.683050847459405
1779897435,48.65932203389525
1779897450,48.39152542372792
1779897465,48.233898305082576
1779897480,48.56101694915412
1779897495,48.546610169494485
1779897510,48.9550847457638
1779897525,49.293220338988284
1779897540,49.17338422633374
1779897555,49.43474576270831
1779897570,49.589830508474876
1779897585,49.41525423728863
1779897600,49.64152542372793
1779897615,49.5500000000002
1779897630,49.44745762711954
1779897645,49.55338983050937
1779897660,49.72542372881189
1779897675,50.00593220339042
1779897690,50.246610169491824
1779897705,50.359322033899986
1779897720,50.10508474576192
1779897735,50.144067796608695
1779897750,50.439487056065715
1779897765,50.47321713073517
1779897780,50.38813559321926
1779897795,50.30508474575828
1779897810,49.60593220338786
1779897825,49.66864406779632
1779897840,49.45762711864457
1779897855,49.35423728813599
1779897870,49.313559322033406
1779897885,49.2203389830474
1779897900,49.483050847459594
1779897915,49.62966101694954
1779897930,49.57288135593399
1779897945,49.73728813559273
1779897960,49.349152542373474
1779897975,49.00677966101439
1779897990,48.59576271186381
1779898005,49.04830508474487
1779898020,49.13728813559135
1779898035,49.33440226713353
1779898050,48.916101694917025
1779898065,49.12846866758429
1779898080,48.96694915254217
1779898095,49.21186440678065
1779898110,49.49322033898217
1779898125,49.320338983051734
1779898140,49.471186440678764
1779898155,49.308474576270896
1779898170,49.45593220339121
1779898185,49.03474576271315
1779898200,48.803389830506404
1779898215,48.982203389829714
1779898230,48.85762711864812
1779898245,48.538135593217866
1779898260,48.669491525425215
1779898275,48.870338983049464
1779898290,48.94067796610416
1779898305,48.80117424922601
1779898320,48.963559322037945
1779898335,48.827966101693534
1779898350,48.90084745762455
1779898365,48.94576271186668
1779898380,48.869491525424024
1779898395,48.8067796610131
1779898410,48.62627118644137
1779898425,49.00593220339141
1779898440,48.66779661017186
1779898455,48.58898305085042
1779898470,48.814406779659336
1779898485,48.908474576273264
1779898500,48.89745762711293
1779898515,48.987288135587306
1779898530,49.20881892326431
1779898545,50.30677966101409
1779898560,50.99152542372734
1779898575,51.076271186441666
1779898590,51.6644067796622
1779898605,51.79830508474833
1779898620,51.4161016949121
1779898635,51.5850739994993
1779898650,51.74491525423945
1779898665,51.772881355933286
1779898680,52.357627118644665
1779898695,53.18559322033869
1779898710,53.23813559322459
1779898725,53.75084745763037
1779898740,53.65169491525394
1779898755,53.55423728813826
1779898770,53.56610169491663
1779898785,53.381039871458725
1779898800,53.36610169491782
1779898815,53.2991525423723
1779898830,52.85169491525621
1779898845,51.13474576271059
1779898860,51.33728813559066
1779898875,51.19745762712151
1779898890,50.84745762712111
1779898905,50.86864406779414
1779898920,51.01525423728902
1779898935,51.35508474576685
1779898950,51.71610169491772
1779898965,51.49999999999852
1779898980,50.63728813559234
1779898995,50.23813559321768
1779899010,49.88898305085012
1779899025,49.73728813559026
1779899040,49.84661016948926
1779899055,50.09745762712061
1779899070,50.33050847457579
1779899085,50.44576271186521
1779899100,50.365254237287935
1779899115,50.29915254237278
1779899130,50.1771186440675
1779899145,50.34661016949122
1779899160,49.99745762711875
1779899175,49.961864406781146
1779899190,49.72033898305184
1779899205,49.80677966101459
1779899220,49.6169491525408
1779899235,48.945762711864205
1779899250,48.90593220338953
1779899265,48.68898305084982
1779899280,48.51525423728903
1779899295,48.63220338982933
1779899310,48.89237288135534
1779899325,48.94830508474547
1779899340,48.633050847462165
1779899355,48.24322033898463
1779899370,48.16355932203281
1779899385,48.63135593220389
1779899400,48.59406779661046
1779899415,48.46525423728685
1779899430,48.218644067799964
1779899445,48.55000000000365
1779899460,48.966101694914265
1779899475,49.21101694915028
1779899490,49.127118644066314
1779899505,48.95084745762672
1779899520,49.19322033898395
1779899535,49.29491525423916
1779899550,49.3618644067773
1779899565,49.503389830507196
1779899580,49.34576271186678
1779899595,49.279661016951614
1779899610,49.17796610169146
1779899625,49.2033898305065
1779899640,49.31186440678006
1779899655,49.32118644067718
1779899670,49.03813559321984
1779899685,49.205932203390226
1779899700,48.83050847457726
1779899715,49.15677966101597
1779899730,49.46949152542294
1779899745,49.30254237288294
1779899760,49.06355932203489
1779899775,48.59152542372921
1779899790,48.555932203391606
1779899805,48.32372881355942
1779899820,48.345762711862825
1779899835,48.33474576271236
1779899850,48.19576271186372
1779899865,48.07966101694886
1779899880,48.189830508478224
1779899895,48.19406779661284
1779899910,48.427118644068
1779899925,48.383050847456246
1779899940,48.415778822589715
1779899955,48.43983050847428
1779899970,48.26864406779967
1779899985,48.10338983050808
1779900000,48.46694915254513
1779900015,48.19661016948916
1779900030,47.88728813559382
1779900045,47.586440677965214
1779900060,47.843220338982064
1779900075,48.23389830508751
1779900090,49.13728813559135
1779900105,49.41440677966072
1779900120,49.51525423728804
1779900135,50.132203389832775
1779900150,50.28644067796403
1779900165,50.25847457627267
1779900180,50.402542372881356
1779900195,50.6593220338982
1779900210,50.259322033898115
1779900225,50.74661016949133
1779900240,50.929661016954185
1779900255,51.12881355932263
1779900270,51.72457627118694
1779900285,51.81525423728676
1779900300,51.71694915253823
1779900315,52.57203389830805
1779900330,52.76694915253941
1779900345,52.74322033898265
1779900360,52.83350007630384
1779900375,52.81694915254405
1779900390,51.76271186440826
1779900405,51.419491525426196
1779900420,51.204237288137364
1779900435,50.76694915254385
1779900450,50.25169491525434
1779900465,50.18728813559253
1779900480,49.928813559324794
1779900495,50.02627118644295
1779900510,49.96864406779701
1779900525,49.503389830507196
1779900540,49.24745762711825
1779900555,49.04152542372901
1779900570,48.72542372881534
1779900585,48.510169491524046
1779900600,48.052542372878
1779900615,47.89915254237466
1779900630,47.66101694915699
1779900645,48.117796610167716
1779900660,49.45423728813293
1779900675,49.54322033898433
1779900690,49.77118644067451
1779900705,49.91610169491605
1779900720,49.68305084745842
1779900735,49.90169491525395
1779900750,50.34830508474211
1779900765,50.210169491526315
1779900780,50.4957627118649
1779900795,50.666949152541974
1779900810,51.19237288135652
1779900825,51.08474576271335
1779900840,51.062711864409934
1779900855,51.19016142263265
1779900870,51.648305084746745
1779900885,52.076271186438206
1779900900,52.22711864407017
1779900915,52.117796610171176
1779900930,52.490677966102886
1779900945,52.166101694915056
1779900960,51.74067796609992
1779900975,52.322033898307055
1779900990,52.4830508474591
1779901005,52.98644067796532
1779901020,53.21101694915373
1779901035,53.25762711864179
1779901050,53.223728813560015
1779901065,53.180508474573706
1779901080,52.87966101694758
1779901095,52.534745762712156
1779901110,52.56864406779642
1779901125,52.615254237286955
1779901140,52.6805084745742
1779901155,52.46101694915324
1779901170,52.21610169491723
1779901185,52.07966101694985
1779901200,52.106779661015764
1779901215,52.94260205810837
1779901230,52.77966101695064
1779901245,52.76355932203518
1779901260,52.33305084745753
1779901275,51.75593220338993
1779901290,51.69745762712101
1779901305,51.67118644067807
1779901320,51.68135593220556
1779901335,51.83305084745802
1779901350,52.133898305084145
1779901365,51.885593220336524
1779901380,52.14999999999714
1779901395,52.30593220339161
1779901410,52.0228813559318
1779901425,52.37627118644137
1779901440,52.296610169489554
1779901455,52.1135593220341
1779901470,52.74661016948936
1779901485,52.69322033898296
1779901500,52.659322033898704
1779901515,51.749152542371604
1779901530,51.48050847457883
1779901545,51.4805084745739
1779901560,51.310169491527205
1779901575,51.577118644071554
1779901590,51.535593220341056
1779901605,51.02118644067944
1779901620,50.44745762711855
1779901635,50.23474576271345
1779901650,50.10847457627109
1779901665,50.05169491525552
1779901680,49.69237288136047
1779901695,49.752376238971785
1779901710,50.56864406779592
1779901725,51.138135593217285
1779901740,52.021186440678456
1779901755,52.358797567470575
1779901770,52.978813559321544
1779901785,53.465254237289315
1779901800,53.85084745762978
1779901815,54.353389830510544
1779901830,54.93135593220606
1779901845,55.538135593223295
1779901860,56.524576271188124
1779901875,57.51440677966211
1779901890,58.61779661016969
1779901905,60.4355932203377
1779901920,61.78305084745832
1779901935,63.0669491525401
1779901950,64.24067796609498
1779901965,65.78305084745683
1779901980,66.85869926305278
1779901995,67.55084745762761
1779902010,68.27542372881553
1779902025,69.20847457626655
1779902040,70.05254237288096
1779902055,71.09830508474508
1779902070,71.79830508474832
1779902085,73.02372881355873
1779902100,74.52881355931976
1779902115,75.66694915254443
1779902130,76.70508474576478
1779902145,77.68374700845538
1779902160,78.14745762711983
1779902175,78.55593220338915
1779902190,78.85847457626862
1779902205,78.83305084745604
1779902220,78.89661016948747
1779902235,79.9016949152564
1779902250,80.40169491525097
1779902265,80.24067796610139
1779902280,80.82881355932193
1779902295,81.01779661017274
1779902310,81.32288135593349
1779902325,81.74406779661155
1779902340,81.67542372881513
1779902355,81.41779661017038
1779902370,81.13728813559185
1779902385,80.73220338982922
1779902400,79.78135593220448
1779902415,79.67118644068005
1779902430,79.41610169491653
1779902445,79.1423728813588
1779902460,79.39067796610149
1779902475,79.70833700567441
1779902490,79.44745762711953
1779902505,79.45437658049757
1779902520,80.06864406779395
1779902535,79.48375921192716
1779902550,79.62966101694708
1779902565,79.9033898305073
1779902580,80.1076271186432
1779902595,79.96610169491575
1779902610,79.95593220339072
1779902625,79.5135593220347
1779902640,79.28389830508623
1779902655,79.91610169491358
1779902670,80.55762711864051
1779902685,81.01864406779819
1779902700,80.71016949152828
1779902715,80.70084745762375
1779902730,80.79152542372852
1779902745,80.21016949152384
1779902760,79.68898305084883
1779902775,79.98389830508455
1779902790,79.58898305084696
1779902805,79.50254237288175
1779902820,79.23474576271197
1779902835,78.95084745762672
1779902850,78.36186440678321
1779902865,78.57457627118585
1779902880,77.92966101694728
1779902895,77.84322033898454
1779902910,77.51864406779671
1779902925,77.11779661016871
1779902940,77.24915254237357
1779902955,76.682203389831
1779902970,75.96271186440559
1779902985,76.17372881355982
1779903000,76.34406779661145
1779903015,76.43474576271375
1779903030,76.41016949152167
1779903045,76.73797788459662
1779903060,76.47796610169512
1779903075,76.25677966101834
1779903090,76.7271186440682
1779903105,76.29745762711845
1779903120,76.14067796610347
1779903135,76.7169491525407
1779903150,76.67711864406603
1779903165,76.50084745762643
1779903180,76.45593220339171
1779903195,76.17796610169196
1779903210,76.10677966101922
1779903225,76.5694915254253
1779903240,76.14322033898719
1779903255,76.16271186440935
1779903270,75.84830508474163
1779903285,75.55000000000167
1779903300,75.51694915254286
1779903315,75.16440677966368
1779903330,75.17033898304916
1779903345,75.19999999999882
1779903360,74.95355963688233
1779903375,74.9586443481747
1779903390,75.14322033898326
1779903405,74.92457627118773
1779903420,75.09152542372772
1779903435,74.79915254237575
1779903450,74.89042261446411
1779903465,74.48305084745715
1779903480,74.85423728813304
1779903495,74.83050847457874
1779903510,74.79152542372951
1779903525,74.62288135593123
1779903540,74.66525423728714
1779903555,74.56694915254356
1779903570,74.69576271186223
1779903585,74.72355744784632
1779903600,74.37372881356308
1779903615,74.46694915254169
1779903630,74.30508474576172
1779903645,74.21610169491527
1779903660,73.99152542372931
1779903675,74.14067796610297
1779903690,74.13305084745427
1779903705,73.98965416714827
1779903720,73.93728813559007
1779903735,73.968644067798
1779903750,73.71101694915323
1779903765,73.66610169491358
1779903780,73.64067796610347
1779903795,73.04576271186214
1779903810,73.0694915254263
1779903825,73.29001159314481
1779903840,72.88644067796591
1779903855,73.06779661016802
1779903870,73.56101694915412
1779903885,73.38474576270958
1779903900,74.44322033898246
1779903915,75.4703389830474
1779903930,75.3711864406759
1779903945,75.3872881355938
1779903960,75.74915254237258
1779903975,75.55338983050838
1779903990,75.86186440677828
1779904005,76.22711864406375
1779904020,76.3983050847433
1779904035,76.70593220338776
1779904050,77.60084745762732
1779904065,77.77118644067649
1779904080,78.25762711864427
1779904095,78.58559322034372
1779904110,78.5720338983046
1779904125,78.71610169491574
1779904140,78.73813559321916
1779904155,78.82288135593349
1779904170,79.14745762711884
1779904185,78.94915254237338
1779904200,78.19576271186618
1779904215,78.11425840175188
1779904230,78.08898305085091
1779904245,78.31271186440648
1779904260,78.82711864407057
1779904275,78.78898305084677
1779904290,79.15169491525099
1779904305,79.56694915254356
1779904320,79.6042372881345
1779904335,79.38559322033898
1779904350,79.65593220339248
1779904365,80.07627118644265
1779904380,80.155932203392
1779904395,80.4610169491478
1779904410,80.79661016949103
1779904425,81.33559322033483
1779904440,81.51883201187893
1779904455,81.57627118644363
1779904470,81.5042372881356
1779904485,81.24067796610042
1779904500,80.95254237288057
1779904515,81.06016949152375
1779904530,80.64745762711982
1779904545,80.05084745762761
1779904560,80.2110169491493
1779904575,80.20169491525463
1779904590,79.87118644068131
1779904605,80.31440677966033
1779904620,79.8144067796633
1779904635,79.73813559322063
1779904650,79.19237288135356
1779904665,78.61864406779266
1779904680,78.09561420755632
1779904695,77.98559322033987
1779904710,77.42796610169688
1779904725,77.16779661017088
1779904740,76.655932203393
1779904755,76.6033898305071
1779904770,76.67457627118478
1779904785,77.35000000000089
1779904800,77.19830508474597
1779904815,77.3805084745809
1779904830,77.916799435927
1779904845,77.93050847457519
1779904860,77.5177966101688
1779904875,77.46016949152286
1779904890,76.69830508474399
1779904905,76.43135593220458
1779904920,77.03559322034056
1779904935,76.25338983050916
1779904950,76.26101694915047
1779904965,76.4915254237293
1779904980,76.33644067796767
1779904995,75.95762711864555
1779905010,76.42881355932086
1779905025,76.01525423728903
1779905040,76.08389830508298
1779905055,76.19237288135652
1779905070,75.95338983051094
1779905085,75.9837354829537
1779905100,76.2322033898312
1779905115,75.39322033898424
1779905130,75.56678350361717
1779905145,75.50423728813658
1779905160,75.25593220339141
1779905175,75.28559322034351
1779905190,75.75338983050719
1779905205,75.37203389830134
1779905220,75.48389830508407
1779905235,75.8042372881348
1779905250,75.65423728813569
1779905265,76.06271186440748
1779905280,76.05423728813332
1779905295,75.8110169491556
1779905310,75.95338983050601
1779905325,76.25254237288372
1779905340,75.9008474576275
1779905355,75.88474576271207
1779905370,75.85338983050906
1779905385,75.24593053606368
1779905400,75.3720338983038
1779905415,75.71779661016713
1779905430,75.38135593220339
1779905445,75.58135593220221
1779905460,75.7220338983042
1779905475,75.66525423729355
1779905490,75.58813559322053
1779905505,75.28135593220645
1779905520,75.31949152542285
1779905535,75.43983050847478
1779905550,75.07881355932145
1779905565,74.80186575006054
1779905580,74.9728813559316
1779905595,74.87033898305341
1779905610,74.94491525423778
1779905625,75.213559322033
1779905640,74.9228813559319
1779905655,75.2440677966081
1779905670,75.85423728813944
1779905685,75.4855932203374
1779905700,75.58898305084844
1779905715,75.7093220338979
1779905730,75.34237288135662
1779905745,75.23728813559222
1779905760,75.11186440677778
1779905775,75.0815248710196
1779905790,75.02372881356169
1779905805,75.31610169491121
1779905820,75.32966101694787
1779905835,75.23474576271097
1779905850,75.41186440678095
1779905865,75.35677966101872
1779905880,75.44322033898393
1779905895,75.86355932203162
1779905910,75.48983050847201
1779905925,75.28406587073542
1779905940,75.62288135593023
1779905955,75.08644067796769
1779905970,75.15762711864535
1779905985,75.5381355932233
1779906000,75.4101694915276
1779906015,75.71101694915373
1779906030,75.33813559321707
1779906045,75.62796610169275
1779906060,75.61186440678223
1779906075,76.03898305084577
1779906090,76.51355932203272
1779906105,76.63898305084963
1779906120,76.38220338983031
1779906135,76.57457627118535
1779906150,76.53305084745733
1779906165,76.89576271186401
1779906180,76.66949152542472
1779906195,76.54830508474734
1779906210,76.68728813559105
1779906225,76.90508474576608
1779906240,76.78983050847418
1779906255,76.73305084745861
1779906270,76.64067796610051
1779906285,76.56694915254405
1779906300,76.5066203838669
1779906315,76.82372881355843
1779906330,76.82033898304927
1779906345,76.86949152542353
1779906360,77.18474576271423
1779906375,76.33135593220024
1779906390,75.97796610169314
1779906405,76.27711864406592
1779906420,76.01949152542363
1779906435,76.1822033898315
1779906450,76.10762711864466
1779906465,75.76694915254384
1779906480,75.72796610169462
1779906495,75.71440677966042
1779906510,75.70169491525414
1779906525,75.67288135592993
1779906540,75.85508474576241
1779906555,76.08305084746
1779906570,76.39067796609953
1779906585,76.23151707445794
1779906600,76.26440677965964
1779906615,76.14152542372645
1779906630,76.18728813559154
1779906645,76.10169491525177
1779906660,76.23898305084707
1779906675,76.06779661016998
1779906690,76.28050847457756
1779906705,77.19406779660642
1779906720,77.71016949152877
1779906735,77.65254237288038
1779906750,77.86016949152543
1779906765,78.31101694915067
1779906780,78.31694915254356
1779906795,78.71355932203448
1779906810,78.41864406779384
1779906825,79.28220338982794
1779906840,79.60169491525325
1779906855,79.35084745762681
1779906870,79.04661016949153
1779906885,79.2949152542367
1779906900,79.20084745762772
1779906915,79.27796610170074
1779906930,79.0974576271216
1779906945,78.92542372881661
1779906960,78.64745762711686
1779906975,78.47457627118644
1779906990,78.40423728813668
1779907005,77.96186440677818
1779907020,76.93389830508534
1779907035,76.92118644067658
1779907050,76.7567796610203
1779907065,76.24491525423748
1779907080,76.06610169491417
1779907095,76.19491525423778
1779907110,75.67203389830449
1779907125,74.99576271186292
1779907140,74.66779661017087
1779907155,74.40084745762653
1779907170,74.46779661016959
1779907185,74.26440677966161
1779907200,73.90762711864288
1779907215,74.02796610169729
1779907230,74.11101694915581
1779907245,73.84576271186481
1779907260,73.94745762712003
1779907275,73.98728813559224
1779907290,73.69491525423531
1779907305,73.72796610169658
1779907320,73.8805084745745
1779907320,73.8805084745745
1779907335,73.2644067796626
1779907350,73.53710872616006
1779907365,73.64915254236774
1779907380,73.47542372881189
1779907395,73.97966101695093
1779907410,74.1415254237309
1779907425,74.02288135592984
1779907440,74.29661016949005
1779907455,74.39745762711982
1779907470,74.33135593220221
1779907485,74.84237288135711
1779907500,74.97288135593408
1779907515,74.92711864406651
1779907530,75.18983050847132
1779907545,75.43644067796315
1779907560,75.29152542372901
1779907575,75.30677966101655
1779907590,75.57627118644216
1779907605,75.26440677966062
1779907620,75.30677966102148
1779907635,75.53898305084381
1779907650,75.45762711864357
1779907665,75.82288135593151
1779907680,76.19152542372862
1779907695,75.89745762712082
1779907710,75.98474576271147
1779907725,76.06101694915166
1779907740,76.4186440677983
1779907755,76.23050847457785
1779907770,76.9008474576216
1779907785,77.13659568409636
1779907800,77.06610169491566
1779907815,77.23305084745566
1779907830,77.10847457626912
1779907845,77.15169491525296
1779907860,77.27457627118861
1779907875,77.16949152542176
1779907890,76.76186440678035
1779907905,76.57118644067866
1779907920,76.59322033898206
1779907935,76.48813559322261
1779907950,76.31610169491516
1779907965,76.10169491525424
1779907980,75.9313559322026
1779907995,76.09322033898256
1779908010,76.4593220338984
1779908025,77.437288135594
1779908040,77.05593220339308
1779908055,77.26440677966112
1779908070,77.00508474576301
1779908085,76.91016949152365
1779908100,76.61016949152543
1779908115,76.80508474576173
1779908130,77.18389830508139
1779908145,76.77796610169334
1779908160,76.60593220339081
1779908175,76.99745762711923
1779908190,77.286440677967
1779908205,77.4211864406761
1779908220,77.60254237288314
1779908235,77.4754237288178
1779908250,76.95084745762624
1779908265,77.21101694915224
1779908280,76.90932203389575
1779908295,76.83474576271384
1779908310,76.22155026882258
1779908325,75.60084745762683
1779908340,75.64491525423858
1779908355,75.59745762711519
1779908370,75.0398305084722
1779908385,75.19999999999882
1779908400,75.47033898304987
1779908415,75.75932203389762
1779908430,76.01186440677986
1779908445,76.45762711864259
1779908460,76.27033898305254
1779908475,76.156779661014
1779908490,76.09152542372428
1779908505,76.3559322033923
1779908520,75.92372881355884
1779908535,76.50762711864476
1779908550,76.65068915721798
1779908565,76.33898305084648
1779908580,76.4728813559326
1779908595,76.01525423728903
1779908610,75.8338983050869
1779908625,75.5433861465349
1779908640,75.05703331830632
1779908655,75.03983050847467
1779908670,75.0805084745748
1779908685,75.13135593219994
1779908700,74.864406779663
1779908715,74.35593220338934
1779908730,73.90000000000158
1779908745,73.71610169491575
1779908760,73.72288135593162
1779908775,73.89067796610199
1779908790,73.82288135593103
1779908805,74.21525423728734
1779908820,74.17033898305016
1779908835,73.56355932203292
1779908850,73.97542372881385
1779908865,74.2760967871011
1779908880,73.93644067796215
1779908895,74.10593220339081
1779908910,74.26186440678282
1779908925,74.57796610169649
1779908940,74.58728813559361
1779908955,74.80508474575876
1779908970,74.76610169491693
1779908985,75.23813559322261
1779909000,75.32372881355991
1779909015,75.13983050847408
1779909030,74.97288135593408
1779909045,75.11610169491486
1779909060,74.98898305084707
1779909075,74.7059322033922
1779909090,74.9450851180675
1779909105,74.59237288135367
1779909120,74.6644067796617
1779909135,74.96779661017156
1779909150,74.35423728813599
1779909165,74.19830508474399
1779909180,74.44830508474745
1779909195,74.08220338983406
1779909210,74.15677966101597
1779909225,74.33898305084597
1779909240,73.95423728813341
1779909255,73.51949152542609
1779909270,73.6194915254255
1779909285,73.05677966102002
1779909300,73.10000000000139
1779909315,73.76525423728755
1779909330,73.78389830508918
1779909345,74.05677966101409
1779909360,74.34576271186431
1779909375,74.28389830508623
1779909390,74.33983050847388
1779909405,74.67288135592845
1779909420,74.31355932203094
1779909435,74.68983050847675
1779909450,75.004915287566
1779909465,75.00677966101833
1779909480,75.25254237288472
1779909495,75.85000000000237
1779909510,75.31525423728824
1779909525,75.26271186440727
1779909540,76.10254237287968
1779909555,75.95084745762722
1779909570,75.94152542372763
1779909585,76.29237288135346
1779909600,75.91109860644293
1779909615,75.86864406779661
1779909630,75.94067796609973
1779909645,75.42288135593141
1779909660,75.56864406779592
1779909675,75.94491525423433
1779909690,75.66525423728616
1779909705,75.75508474576054
1779909720,75.98389830508849
1779909735,75.66694915254445
1779909750,75.75677966101883
1779909765,75.93220338982805
1779909780,75.46610169491032
1779909795,75.41779661016889
1779909810,75.67457627118822
1779909825,75.5093220338991
1779909840,75.32796610169453
1779909855,75.61779661017019
1779909870,75.16254347486964
1779909885,75.05169491525798
1779909900,75.2940677966078
1779909915,75.18389830508336
1779909930,75.06610169491762
1779909945,75.54999999999427
1779909960,75.1830508474604
1779909975,75.13983050847408
1779909990,75.09491525423935
1779910005,75.01949152542215
1779910020,75.29644268774703
1779910035,75.57966101694886
1779910050,75.46610169491525
1779910065,75.32033898305322
1779910080,75.71864406779503
1779910095,75.89491525423462
1779910110,75.77966101694767
1779910125,75.69830508474745
1779910140,75.62966101695103
1779910155,75.62966101695103
1779910170,76.09152542372428
1779910185,76.09152542372428
1779910200,75.85932203389703
1779910215,76.22881355932451
1779910230,75.81949152542482
1779910245,75.44745762711855
1779910260,75.64576271186401
1779910275,75.60508474576389
1779910290,75.650847457629
1779910305,75.72372881356002
1779910320,74.91779661017186
1779910335,75.1203389830544
1779910350,75.59322033898306
1779910365,75.12203389830282
1779910380,74.755084745764
1779910395,75.26864406780017
1779910410,74.9322033898315
1779910425,74.97033898305035
1779910440,75.48813559321866
1779910455,75.12457627118654
1779910470,74.86779661017215
1779910485,74.95338983050699
1779910500,74.92559372479037
1779910515,74.90677966101646
1779910530,75.08389830508395
1779910545,75.18576145246739
1779910560,75.17881355932086
1779910575,75.3491525423725
1779910590,75.08728813559806
1779910605,75.2364406779668
1779910620,75.31355932203489
1779910635,75.10932203389653
1779910650,75.21525423728883
1779910665,75.36186440677878
1779910680,75.16525423728666
1779910695,75.27711864406938
1779910710,75.18321909681998
1779910725,74.82966101694836
1779910740,75.12711864406533
1779910755,75.32457627118536
1779910770,74.82033898305372
1779910785,74.70423728813391
1779910800,74.71610169491476
1779910815,74.2779661016958
1779910830,74.38389830508564
1779910845,74.33220338982764
1779910860,74.10423728813993
1779910875,73.79915254237426
1779910890,74.19322033898395
1779910905,73.8881355932232
1779910920,73.77711864406592
1779910935,73.91101694915206
1779910950,73.65914345181696
1779910965,73.37033898305243
1779910980,73.39830508474626
1779910995,73.18220338982952
1779911010,72.57627118644265
1779911025,72.71355932203053
1779911040,72.52542372881257
1779911055,72.57203389830804
1779911070,73.03220338983287
1779911085,73.11864406779809
1779911100,73.08813559322054
1779911115,73.46271186440559
1779911130,73.57033898305619
1779911145,73.46525423728684
1779911160,73.8728813559332
1779911175,73.85187219070292
1779911190,73.58050847457626
1779911205,73.95695622402334
1779911220,74.2455881056801
1779911235,74.00762711864722
1779911250,74.36542803099474
1779911265,74.40677966101448
1779911280,74.34152542372723
1779911295,75.00508474576499
1779911310,75.25423728813806
1779911325,75.18474576271375
1779911340,75.0847457627094
1779911355,75.07542372880981
1779911370,74.85677966101676
1779911385,74.58728813559115
1779911400,74.82796610169748
1779911415,74.51440677966012
1779911430,74.400847457629
1779911445,74.71949152542638
1779911460,74.57542372881278
1779911475,74.6203389830475
1779911490,74.8779661016972
1779911505,74.9457627118657
1779911520,75.0635593220339
1779911535,75.2788135593252
1779911550,75.28050847457854
1779911565,75.06525423728725
1779911580,75.10762711864318
1779911595,74.91694915254395
1779911610,74.96271186440659
1779911625,75.26101694915393
1779911640,75.58474576271384
1779911655,75.43474576270732
1779911670,75.84237288135614
1779911685,76.24390673835018
1779911700,76.09999999999843
1779911715,76.33474576271433
1779911730,76.39999999999911
1779911745,76.22711864406868
1779911760,76.34406779660898
1779911775,76.09406779661293
1779911790,75.85153119682315
1779911805,76.03067097849967
1779911820,75.57118644067717
1779911835,75.4000000000001
1779911850,75.67033898304868
1779911865,75.3169491525416
1779911880,75.29322033898728
1779911895,75.5025423728783
1779911910,75.27542372881356
1779911925,74.9601694915278
1779911940,74.92542372881317
1779911955,74.79745762711745
1779911970,74.56949152542481
1779911985,74.79491525423374
1779912000,74.23474576271197
1779912015,74.26525423728951
1779912030,74.49322033898463
1779912045,74.36525423728892
1779912060,74.25084745762743
1779912075,74.24491525423946
1779912090,74.35254237288017
1779912105,74.11186440677878
1779912120,74.15677966101597
1779912135,74.16186440678341
1779912150,73.53135593220448
1779912165,73.7923728813584
1779912180,73.57051816597647
1779912195,73.21525423728586
1779912210,73.75423728813708
1779912225,73.79322033898383
1779912240,73.61186440678173
1779912255,73.69576271186816
1779912270,73.79999999999971
1779912285,73.51864406779572
1779912300,73.90169491525494
1779912315,73.64237288135436
1779912330,73.8144067796618
1779912345,74.01016949152601
1779912360,73.82372881355893
1779912375,73.91355932203331
1779912390,73.69304198672425
1779912405,73.7542372881346
1779912420,74.04152542372655
1779912435,74.22203389830568
1779912450,74.37457627118359
1779912465,74.47203389830419
1779912480,74.2906779661021
1779912495,74.51186440677887
1779912510,74.5008474576284
1779912525,74.30254237288294
1779912540,74.44067796609873
1779912555,74.47118644067876
1779912570,74.2355932203374
1779912585,74.3237288135609
1779912600,73.88135593220241
1779912615,73.60338983051253
1779912630,73.64745762711686
1779912645,73.52627118644196
1779912660,73.26016949152799
1779912675,73.39661016949044
1779912690,73.34067796610032
1779912705,73.2474576271217
1779912720,73.12288135593516
1779912735,73.3669491525408
1779912750,73.30677966101607
1779912765,73.32627118644068
1779912780,73.84491525423937
1779912795,73.75677966101833
1779912810,73.70338983050699
1779912825,73.8915254237299
1779912840,73.96101694915176
1779912855,73.90593220338954
1779912870,74.38898305084568
1779912885,74.25932203389662
1779912900,74.43559322034116
1779912915,74.79576271186411
1779912930,74.8805084745735
1779912945,74.93559322034066
1779912960,75.80423728813481
1779912975,75.650847457629
1779912990,75.80084745762564
1779913005,76.07796610169501
1779913020,76.1796610169527
1779913035,75.94915254237387
1779913050,76.09237288135465
1779913065,75.90847457626882
1779913080,75.94661016949262
1779913095,76.03220338982746
1779913110,75.93813559322093
1779913125,76.16355932203726
1779913140,76.42796610169295
1779913155,76.05847457627533
1779913170,75.92457627118674
1779913185,76.3135593220339
1779913200,76.33220338983307
1779913215,76.28220338983091
1779913230,76.21779661017156
1779913245,75.73474576271542
1779913260,75.40084745763048
1779913275,75.43474576271227
1779913290,74.74237288135771
1779913305,74.87627118643644
1779913320,75.2737288135602
1779913335,75.13644067796739
1779913350,74.81440677966083
1779913365,74.77542372881405
1779913380,74.28983050847665
1779913395,74.3415254237297
1779913410,74.21101694915028
1779913425,73.80677966101557
1779913440,73.40762711864338
1779913455,73.21440677966042
1779913470,72.71610169491427
1779913485,72.38559322034097
1779913500,72.3627118644047
1779913515,72.26355932203568
1779913530,72.31949152542335
1779913545,72.36440677966051
1779913560,72.4822033898312
1779913575,72.52372881355676
1779913590,72.96864406779898
1779913605,72.98728813559569
1779913620,72.66186440678243
1779913635,72.74406779660809
1779913650,72.94303690194599
1779913665,73.28728813559391
1779913680,73.41186440678291
1779913695,73.73559322034036
1779913710,73.59576271186627
1779913725,73.82457627118437
1779913740,74.03983050847567
1779913755,74.14237288135878
1779913770,74.28728813559293
1779913785,74.74152542372734
1779913800,74.59322033898157
1779913815,74.7659306164755
1779913830,75.1025423728782
1779913845,75.0050847457625
1779913860,74.7016949152502
1779913875,74.92457627118524
1779913890,74.41253839009384
1779913905,74.20847457627148
1779913920,74.23474576271197
1779913935,74.01610169491397
1779913950,73.91779661016791
1779913965,74.27457627118909
1779913980,74.15762711864386
1779913995,73.8627118644057
1779914010,73.92711864406996
1779914025,73.72542372881287
1779914040,73.92203389830499
1779914055,73.75169491525335
1779914070,73.34661016948827
1779914085,72.916949152541
1779914100,72.92457627118722
1779914115,72.84999999999546
1779914130,72.25847457627069
1779914145,72.40169491525148
1779914160,72.099152542372
1779914175,71.69491525423729
1779914190,72.03286123973889
1779914205,71.99067796610585
1779914220,71.92476661175357
1779914235,71.86355932203806
1779914250,71.76101694914998
1779914265,71.33220338983307
1779914280,71.55423728813777
1779914295,71.69322033898146
1779914310,71.80677966101754
1779914325,71.77966101694668
1779914340,71.9906779661009
1779914355,72.114406779662
1779914370,72.66271186440787
1779914385,72.97796610169857
1779914400,72.78389830508523
1779914415,73.26016949152306
1779914430,73.49745762711775
1779914445,73.39915254237171
1779914460,73.3220338983036
1779914475,73.7720338983034
1779914490,73.8313559322027
1779914505,73.74745762711628
1779914520,74.06355932203242
1779914535,74.17288135593141
1779914550,73.82118644068014
1779914565,73.84152542372773
1779914580,74.00847457627266
1779914595,73.75593220339043
1779914610,74.12033898305293
1779914625,73.96694915254218
1779914640,74.18813559321895
1779914655,74.44745762711953
1779914670,74.30762711864298
1779914685,74.19491525423976
1779914700,74.7449152542365
1779914715,74.48728813559174
1779914730,74.85423728813304
1779914745,75.1728813559329
1779914760,75.08474576271186
1779914775,75.01779661017127
1779914790,75.60593220338687
1779914805,76.2576271186413
1779914820,76.45407765476406
1779914835,76.66186440677848
1779914850,76.88983050847852
1779914865,76.82288135593299
1779914880,76.73813559322113
1779914895,76.49322033898513
1779914910,76.45762711864259
1779914925,76.33135593220271
1779914940,76.18474576271275
1779914955,76.00677966101242
1779914970,75.72796610169462
1779914985,75.22118644067679
1779915000,74.58050847457775
1779915015,74.31864406779592
1779915030,73.89491525423907
1779915045,73.49661016948738
1779915060,73.45084745762476
1779915075,73.54237288135741
1779915090,72.92242241393842
1779915105,72.07203389830362
1779915120,71.5042372881356
1779915135,71.6200503733957
1779915150,71.82542372881672
1779915165,71.713559322034
1779915180,71.74915254236913
1779915195,71.53983050847566
1779915210,71.28474576271216
1779915225,71.3652542372919
1779915240,71.25762711864131
1779915255,71.32118644068014
1779915270,71.19745762711904
1779915285,71.49237288135721
1779915300,71.69661016949064
1779915315,71.53220338983188
1779915330,71.86355932203557
1779915345,71.96355932203498
1779915360,71.89322033898029
1779915375,72.2169491525402
1779915390,71.99152542372882
1779915405,72.02457627118763
1779915420,72.13013338757011
1779915435,72.04322033898187
1779915450,71.88898305085061
1779915465,72.62203389830282
1779915480,72.78983050847073
1779915495,72.49237288135376
1779915510,72.79491525423818
1779915525,72.83286666350222
1779915540,72.8788135593246
1779915555,73.36186440677828
1779915570,73.80423728813432
1779915585,74.15254237288383
1779915600,74.7449152542365
1779915615,75.33813559322202
1779915630,75.66864406779533
1779915645,76.18728813559402
1779915660,76.21186440677867
1779915675,76.61271186440915
1779915690,76.87264616250384
1779915705,77.08728813559361
1779915720,77.19676476769757
1779915735,77.17796610169343
1779915750,76.93050847457617
1779915765,76.72966101694698
1779915780,77.01694915253891
1779915795,76.94576271186865
1779915810,77.0093220338976
1779915825,77.15762711864092
1779915840,77.34237288135465
1779915855,76.90423728813323
1779915870,76.57966101694787
1779915885,75.7644067796626
1779915900,75.59999999999891
1779915915,74.82711864406957
1779915930,74.07542372881326
1779915945,73.86949152542402
1779915960,73.76355932203913
1779915975,73.16610169491653
1779915990,73.26440677966013
1779916005,73.2991525423723
1779916020,73.01186440678036
1779916035,73.10666151426352
1779916050,73.0779661016955
1779916065,72.84049383385562
1779916080,73.0042372881341
1779916095,72.9177966101689
1779916110,72.05169491525355
1779916125,71.9728813559321
1779916140,71.83983050847635
1779916155,71.89661016949438
1779916170,71.97881355932006
1779916185,72.20847457626853
1779916200,72.0491525423723
1779916215,72.00338983051213
1779916230,72.55932203389929
1779916245,72.36271186440963
1779916260,72.30254237288244
1779916275,72.34915254236805
1779916290,71.68728813559598
1779916305,71.72476796767282
1779916320,71.67033898305262
1779916335,71.35762711864318
1779916350,71.33305084745605
1779916365,71.66949152542719
1779916380,71.47796610169512
1779916395,71.71101694915274
1779916410,72.1889830508513
1779916425,71.79491525423668
1779916440,71.63305084745922
1779916455,71.71694915254317
1779916470,71.531355932204
1779916485,71.54915254237032
1779916500,71.73135593220033
1779916515,71.41186440677996
1779916530,71.21864406779454
1779916545,71.2169491525412
1779916560,70.95169491525513
1779916575,71.38728813559037
1779916590,71.53050847457854
1779916605,71.21883919431095
1779916620,71.0813559322017
1779916635,71.50254237287979
1779916650,71.07118644067916
1779916665,70.93898305084639
1779916680,71.03220338982992
1779916695,70.74915254237506
1779916710,70.57711864407007
1779916725,70.64745762711736
1779916740,70.69661016949162
1779916755,70.60593220338933
1779916770,70.4067796610135
1779916785,70.4186440677968
1779916800,70.18135593220211
1779916815,70.30847457627483
1779916830,70.59745762711766
1779916845,70.50847457626872
1779916860,70.59576271186184
1779916875,70.57203389830508
1779916890,70.13728813559035
1779916905,70.49576271186491
1779916920,70.36186440678124
1779916935,69.79915254237082
1779916950,69.90762711864437
1779916965,69.86440677966299
1779916980,69.36525423728892
1779916995,69.82796610169748
1779917010,69.82881355932292
1779917025,69.879661016953
1779917040,69.90254237287938
1779917055,70.2406779661014
1779917070,70.1440677966087
1779917085,70.0703389830547
1779917100,70.05593220339013
1779917115,69.77691374178522
1779917130,69.8847457627106
1779917145,69.63050847457745
1779917160,69.38813559322024
1779917175,69.70932203390137
1779917190,69.7949152542362
1779917205,69.48559322033593
1779917220,69.56101694915313
1779917235,70.17118644067708
1779917250,70.12372881355617
1779917265,70.34322033898206
1779917280,70.61779661016772
1779917295,70.43474576271225
1779917310,70.29491525423818
1779917325,70.45593220339269
1779917340,70.40084745762553
1779917355,69.91949152542274
1779917370,70.09152542373019
1779917385,70.22033898305135
1779917400,69.7542372881361
1779917415,69.98474576270752
1779917430,69.99745762712368
1779917445,69.91525423728814
1779917460,70.47288135593112
1779917475,70.35169491525374
1779917490,70.19745762712002
1779917505,70.59237288135513
1779917520,70.41440677965973
1779917535,69.75593220338698
1779917550,69.90508474576312
1779917565,70.12627118643988
1779917580,69.76525423728656
1779917595,69.84999999999843
1779917610,70.18135593220458
1779917625,69.99745762711628
1779917640,70.30847457627483
1779917655,70.17881355932086
1779917670,70.47796610169117
1779917685,70.90847457626882
1779917700,70.95084745762722
1779917715,71.01440677966112
1779917730,71.32542372881228
1779917745,71.21525423728784
1779917760,71.16779661017186
1779917775,71.26186440678084
1779917790,71.42288135593043
1779917805,71.07796610169501
1779917820,71.58728813559658
1779917835,71.99745762711925
1779917850,71.86610169491436
1779917865,71.4932203389802
1779917880,71.7855932203371
1779917895,71.9186440677978
1779917910,71.63474576270762
1779917925,71.97457627118791
1779917940,71.84322033898304
1779917955,71.66016949152512
1779917970,71.69152542372812
1779917985,71.48983050847349
1779918000,71.17796610169442
1779918015,71.16271186440935
1779918030,70.85508474575994
1779918045,70.63813559322517
1779918060,70.91016949152464
1779918075,70.92033898304967
1779918090,70.25403562058048
1779918105,70.50762711863835
1779918120,70.39152542373088
1779918135,70.0457627118651
1779918150,70.16186440677996
1779918165,70.03559322033513
1779918180,69.83135593220172
1779918195,69.9906779661004
1779918210,69.55847457627188
1779918225,69.51610169491347
1779918240,69.39491525423611
1779918255,69.14661016949093
1779918270,68.89830508474577
1779918285,69.07457627118536
1779918300,69.3762711864394
1779918315,69.0542372881353
1779918330,68.95593220338924
1779918345,69.05932203389534
1779918360,68.85084745762485
1779918375,68.59915254237052
1779918390,68.76949152542463
1779918405,68.44152542373256
1779918420,68.14936847886052
1779918435,68.51016949152897
1779918450,68.45847457627099
1779918465,68.48644067796975
1779918480,68.94830508474794
1779918495,68.99237288135474
1779918510,68.86016949152443
1779918525,69.14999999999763
1779918540,69.09830508474458
1779918555,69.41016949152858
1779918570,69.46810710399811
1779918585,68.95423728813589
1779918600,68.75508474576006
1779918615,69.06271186440698
1779918630,69.56101694915313
1779918645,69.22542372881483
1779918660,69.23644067796532
1779918675,69.18050847457519
1779918690,69.26694915254286
1779918705,69.35338983050808
1779918720,69.24406779661155
1779918735,69.12796610169423
1779918750,69.25338983050867
1779918765,68.99152542373177
1779918780,68.57944799625928
1779918795,68.88474576271403
1779918810,68.59322033898256
1779918825,68.39406779661165
1779918840,68.26271186440431
1779918855,68.2271186440667
1779918870,68.2008474576287
1779918885,68.52648456620514
1779918900,68.54152542372705
1779918915,68.35254237288115
1779918930,68.25508474576054
1779918945,68.22966101695044
1779918960,68.26271186440924
1779918975,68.38442424838486
1779918990,68.45508474576182
1779919005,68.36525423728744
1779919020,68.52372881355824
1779919035,68.3211864406757
1779919050,68.15593220338904
1779919065,68.39999999999961
1779919080,68.53559322033662
1779919095,68.8627118644057
1779919110,69.18644067796315
1779919125,69.05254237287701
1779919140,68.91779661017286
1779919155,69.00254237287977
1779919170,68.90677966101991
1779919185,68.66101694915353
1779919200,68.86610169491486
1779919215,69.17966101694975
1779919230,69.57796610169402
1779919245,69.92457627118526
1779919260,70.0355932203376
1779919275,69.95593220338579
1779919290,70.33135593220122
1779919305,70.43644067796562
1779919320,70.39237288135632
1779919335,70.61440677966102
1779919350,70.6228813559327
1779919365,70.57881355932095
1779919380,70.31440677966032
1779919395,69.79237288135741
1779919410,69.786440677967
1779919425,69.97033898305037
1779919440,69.98983050847744
1779919455,69.81525423728873
1779919470,70.12627118644482
1779919485,70.11610169491733
1779919500,69.79576271186411
1779919515,69.7601694915265
1779919530,69.07087190717509
1779919545,68.69745762711904
1779919560,68.64237288135682
1779919575,68.46694915254514
1779919590,68.32457627118733
1779919605,68.33728813559608
1779919620,68.08559322033682
1779919635,68.00423728813412
1779919650,68.06779661016802
1779919665,68.23559322033591
1779919680,67.84322033898206
1779919695,68.06440677966131
1779919710,68.07627118643722
1779919725,67.75762711864476
1779919740,67.87203389830381
1779919755,68.10169491525227
1779919770,67.95338983050897
1779919785,68.27033898304808
1779919800,68.14830508474773
1779919815,68.2406779661009
1779919830,68.39322033898374
1779919845,68.26016949152553
1779919860,68.20847457626999
1779919875,67.92966101694482
1779919890,67.82372881355991
1779919905,67.58050847457726
1779919920,67.22881355932351
1779919935,66.95254237288205
1779919950,66.44745762712003
1779919965,65.94915254237141
1779919980,65.67542372881118
1779919995,65.31016949152573
1779920010,64.75254237287781
1779920025,64.35593220338687
1779920040,63.56440677966082
1779920055,62.497457627121214
1779920070,61.77288135593082
1779920085,60.5661016949122
1779920100,59.4237288135603
1779920115,58.37711864406829
1779920130,57.097457627118644
1779920145,55.89322033898374
1779920160,54.567796610169
1779920175,53.585278544261115
1779920190,52.34830508474755
1779920205,51.24119485555785
1779920220,50.39050317961839
1779920235,49.69576271186471
1779920250,48.82966101694935
1779920265,47.99067796609992
1779920280,47.34237288135712
1779920295,46.55254237288196
1779920310,46.00084745762445
1779920325,45.587288135595095
1779920340,45.1169491525403
1779920355,44.93559322034313
1779920370,44.639830508474574
1779920385,44.56949152542236
1779920400,44.64067796610496
1779920415,44.61101694915284
1779920430,44.4228813559324
1779920445,44.46742011810506
1779920460,44.477118644066714
1779920475,44.77796610169285
1779920490,44.928813559322336
1779920505,44.94745762711905
1779920520,44.85338983050758
1779920535,44.83220338982963
1779920550,45.004237288132146
1779920565,45.0101694915275
1779920580,44.67203389830794
1779920595,44.69999999999931
1779920610,44.437288135594514
1779920625,44.44406779661036
1779920640,44.260169491524536
1779920655,44.396610169489456
1779920670,44.3669491525398
1779920685,44.305932203387165
1779920700,44.31525423728922
1779920715,44.31016949152424
1779920730,44.49661016949133
1779920745,44.74661016949232
1779920760,44.76440677965865
1779920775,44.64491525423463
1779920790,44.65932203390166
1779920805,44.74830508474567
1779920820,44.677966101693436
1779920835,44.69067796609972
1779920850,44.58050847457529
1779920865,44.95677966101863
1779920880,45.265254237290996
1779920895,45.36525423729041
1779920910,45.45677966101813
1779920925,45.56864406779593
1779920940,45.623728813560604
1779920955,45.76355932203469
1779920970,45.83474576270989
1779920985,45.674576271183284
1779921000,45.51016949152701
1779921015,45.522881355933286
1779921030,45.7228813559321
1779921045,45.55593220339457
1779921060,45.770338983048084
1779921075,45.95084745762722
1779921090,45.87288135593121
1779921105,45.8991525423717
1779921120,45.933898305081385
1779921135,45.860169491524935
1779921150,45.90084745762505
1779921165,45.94152542373009
1779921180,45.60423728813845
1779921195,45.48135593220526
1779921210,45.46016949152484
1779921225,45.25084745762397
1779921240,45.149152542371205
1779921255,44.877966101694724
1779921270,44.95000000000277
1779921285,45.031355932205464
1779921300,45.00640682309849
1779921315,44.84152542372675
1779921330,44.871186440678855
1779921345,44.84322033898256
1779921360,44.667796610170875
1779921375,44.84199892880748
1779921390,44.91271186440442
1779921405,44.8728813559322
1779921420,44.784745762713655
1779921435,44.853763703296046
1779921450,44.54576271186313
1779921465,44.84406779661047
1779921480,44.93305084745447
1779921495,44.949152542372396
1779921510,44.8864406779664
1779921525,45.06271186440599
1779921540,45.21440677966092
1779921555,45.272033898306866
1779921570,45.41949152542718
1779921585,45.35762711864171
1779921600,45.30932203390028
1779921615,45.036999623732044
1779921630,45.470338983049864
1779921645,46.2118644067762
1779921660,45.92457627118427
1779921675,45.56779661016801
1779921690,45.41016949152513
1779921705,45.54576271186461
1779921720,45.52457627118418
1779921735,45.186440677967084
1779921750,45.07966101694936
1779921765,44.83474576271088
1779921780,44.87796610169718
1779921795,44.44745762711953
1779921810,44.42627118643664
1779921825,44.35084745762683
1779921840,44.234745762709494
1779921855,44.15169491524852
1779921870,44.02796610169235
1779921885,44.12372881356209
1779921900,44.22966101694945
1779921915,44.104237288139934
1779921930,43.27203389830636
1779921945,43.01016949152454
1779921960,43.13559322033898
1779921975,43.198305084747446
1779921990,43.23135593220625
1779922005,43.319491525424816
1779922020,43.44830508474596
1779922035,43.61610169491388
1779922050,43.66186440678143
1779922065,43.700847457625734
1779922080,43.94661016948965
1779922095,43.846610169487775
1779922110,43.62711864406681
1779922125,43.47834929932502
1779922140,43.51694915254484
1779922155,43.39322033898374
1779922170,43.35631622836259
1779922185,43.18728813559451
1779922200,43.066949152540104
1779922215,43.172033898306964
1779922230,42.98644067796531
1779922245,42.968644067794045
1779922260,42.70932203389841
1779922275,42.696610169492125
1779922290,42.69830508474547
1779922305,42.63305084745822
1779922320,42.355932203388846
1779922335,42.39152542372644
1779922350,42.222881355928166
1779922365,42.250847457626925
1779922380,42.33050847457627
1779922395,42.46694915254612
1779922410,42.68305084745793
1779922425,42.82711864406908
1779922440,42.85169491525128
1779922455,42.76101694915639
1779922470,42.50593220339043
1779922485,42.544067796614215
1779922500,42.67881355932085
1779922515,42.718644067797996
1779922530,42.96101694915028
1779922545,42.98050847457736
1779922560,42.8500000000004
1779922575,42.87372881356208
1779922590,42.89745762711884
1779922605,42.72881355932056
1779922620,42.80000000000069
1779922635,42.894648528997514
1779922650,43.03983050847665
1779922665,43.490677966099426
1779922680,43.863559322036075
1779922695,44.37504661048589
1779922710,44.62711864406583
1779922725,45.48728813559075
1779922740,46.22627118644078
1779922755,47.31271186440994
1779922770,48.362711864411125
1779922785,49.63305084745625
1779922800,50.747457627116766
1779922815,52.796882785831414
1779922830,54.6499999999996
1779922845,56.344067796606524
1779922860,57.69406779661086
1779922875,59.58983050847241
1779922890,61.00677966101982
1779922905,62.777966101694815
1779922920,64.39152542372693
1779922935,66.04830508474538
1779922950,67.87627118644335
1779922965,69.09237288135415
1779922980,70.74745762711923
1779922995,72.27796610169531
1779923010,73.79152542372802
1779923025,74.89067796610101
1779923040,75.78135593220102
1779923055,76.7491525423716
1779923070,77.32188014833703
1779923085,78.01271186440826
1779923100,78.74830508474419
1779923115,78.35523148995324
1779923130,78.49661016948738
1779923145,79.35932203390097
1779923160,79.40338983050779
1779923175,79.67288135593338
1779923190,79.83559322033878
1779923205,80.01779661017126
1779923220,79.8940677966077
1779923235,80.28728813559441
1779923250,80.17542372881415
1779923265,80.73898305084755
1779923280,80.31864406779493
1779923295,80.70169491525661
1779923310,80.3000000000007
1779923325,80.98813559321817
1779923340,80.8008474576281
1779923355,80.91610169491258
1779923370,80.86525423728497
1779923385,80.98644067796728
1779923400,80.80932203389979
1779923415,80.67203389830449
1779923430,80.6542372881357
1779923445,80.4593220338994
1779923460,80.5372881355954
1779923475,80.49661016949034
1779923490,80.99576271186687
1779923505,80.8627118644062
1779923520,81.00932203390107
1779923535,80.28220338983189
1779923550,80.58983050847388
1779923565,80.31101694915364
1779923580,80.49237288135573
1779923595,79.88728813559185
1779923610,79.91101694915106
1779923625,79.56271186440648
1779923640,79.81271186440748
1779923655,79.62288135593369
1779923670,79.71694915254267
1779923685,79.31525423728922
1779923700,79.78220338982744
1779923715,79.79406779660829
1779923730,79.64647217947132
1779923745,79.44237288135949
1779923760,79.40423728813569
1779923775,79.50084745762594
1779923790,79.3915254237294
1779923805,79.07118644067866
1779923820,79.07966101695034
1779923835,79.2186440677965
1779923850,79.15508474575768
1779923865,79.77711864407233
1779923880,80.58983050847142
1779923895,81.4330508474604
1779923910,82.2093220338989
1779923925,82.9855932203374
1779923940,83.7610169491554
1779923955,84.3940677966156
1779923970,84.97457627118743
1779923985,85.6398305084736
1779924000,86.17796610169442
1779924015,86.4127118644054
1779924030,86.42627118644207
1779924045,86.71694915254317
1779924060,86.22372881355706
1779924075,86.56431569027518
1779924090,86.05169491525453
1779924105,86.43898305084834
1779924120,86.21779661016909
1779924135,86.35593220338983
1779924150,85.6364406779669
1779924165,84.9644067796624
1779924180,84.29491525423668
1779924195,83.56101694915412
1779924210,83.25847457627218
1779924225,83.21186440678163
1779924240,82.42203389830647
1779924255,81.79152542373
1779924270,80.6593220338982
1779924285,80.20423728813341
1779924300,79.81355932203292
1779924315,80.20169491525711
1779924330,80.06186440677808
1779924345,80.41694915254347
1779924360,80.2906779661011
1779924375,80.62542372881643
1779924390,80.81779661017147
1779924405,80.65084745762407
1779924420,80.41355932203429
1779924435,80.64576271186648
1779924450,81.11271186440965
1779924465,81.1644067796627
1779924480,81.44999999999882
1779924495,81.17796610169442
1779924510,80.5847457627089
1779924525,80.4288135593243
1779924540,80.38474576271256
1779924555,80.3008474576286
1779924570,80.79067796609814
1779924585,80.39576271186303
1779924600,80.45423728813688
1779924615,79.85338983050758
1779924630,79.90084745762603
1779924645,79.70084745762969
1779924660,80.06016949152227
1779924675,79.50169491525631
1779924690,79.8059322033916
1779924705,79.76355932203074
1779924720,79.86186440678173
1779924735,79.33983050847388
1779924750,79.3915254237294
1779924765,79.04322033898484
1779924780,79.03750131354221
1779924795,78.95677966101469
1779924810,78.93305084745792
1779924825,79.31355932203094
1779924840,79.16949152542472
1779924855,79.04406779661274
1779924870,79.17203389830351
1779924885,79.37881355932065
1779924900,79.4822033898317
1779924915,79.99491525423502
1779924930,79.60847457626912
1779924945,79.54830508474437
1779924960,79.23135593220528
1779924975,79.58474576271236
1779924990,79.68644067796511
1779925005,79.78969348944896
1779925020,79.6779661016959
1779925035,79.51271186440924
1779925050,79.73474576271393
1779925065,79.84322033898256
1779925080,79.85000000000089
1779925095,79.66935369053398
1779925110,79.55423728813233
1779925125,79.5966101694932
1779925140,79.61610169492029
1779925155,79.50423728813263
1779925170,79.38898305084568
1779925185,78.84406779661393
1779925200,79.35084745762681
1779925215,79.15677966101596
1779925230,79.32372881355843
1779925245,79.57118644067569
1779925260,80.05677966101803
1779925275,79.93474576271275
1779925290,80.0067796610208
1779925305,79.90254237287938
1779925320,80.24067796610139
1779925335,80.20423728813341
1779925350,80.1593220338987
1779925365,80.14576271186698
1779925380,80.43220338982854
1779925395,81.02457627118615
1779925410,80.74237288135673
1779925425,80.8923728813583
1779925440,80.58305084745557
1779925455,81.16694915254642
1779925470,81.25932203389958
1779925485,81.62033898305046
1779925500,81.0956345466743
1779925515,81.29067796610259
1779925530,81.30775384573852
1779925545,81.38474576271403
1779925560,81.58813559321956
1779925575,81.31186440678056
1779925590,81.42372881355587
1779925605,81.5720338983041
1779925620,81.39406779661115
1779925635,81.65847457627177
1779925650,81.91864406779533
1779925665,81.60932203389751
1779925680,81.5042372881356
1779925695,81.26355932203666
1779925710,81.35508474575946
1779925725,81.13389830508514
1779925740,81.41779661016791
1779925755,81.13813559322222
1779925770,81.03559322033908
1779925785,80.9627118644056
1779925800,80.98656958257781
1779925815,80.77288135593182
1779925830,80.77457627118763
1779925845,81.13813559321727
1779925860,81.35508474576439
1779925875,81.3559322033923
1779925890,81.3423728813581
1779925905,81.32118644067768
1779925920,81.38474576271157
1779925935,81.61610169491338
1779925950,81.11101694915382
1779925965,81.31440677966427
1779925980,80.97796610169561
1779925995,81.2855932203376
1779926010,81.31016949152226
1779926025,81.62711864406631
1779926040,81.6881355932239
1779926055,82.02978284892589
1779926070,81.6999999999998
1779926085,82.13529078774134
1779926100,81.9542372881354
1779926115,82.18983050847675
1779926130,82.13728813559332
1779926145,81.83813559322054
1779926160,81.98474576271295
1779926175,81.94745762711953
1779926190,81.89902982393131
1779926205,81.70423728813441
1779926220,81.71949152542442
1779926235,81.47711864406475
1779926250,81.93135593220408
1779926265,81.87033898305144
1779926280,82.47627118644077
1779926295,81.98898305084757
1779926310,81.99576271186095
1779926325,81.69322033898393
1779926340,81.87711864406731
1779926355,81.70593220339269
1779926370,81.74830508474369
1779926385,81.40084745762455
1779926400,81.76101694915245
1779926415,81.70677966101567
1779926430,81.96864406779503
1779926445,81.97881355932253
1779926460,81.74491525423453
1779926475,81.55072237777784
1779926490,81.73474576271444
1779926505,82.02627118644097
1779926520,81.66016949152512
1779926535,82.02966101694767
1779926550,81.7050847457648
1779926565,81.68135593220309
1779926580,81.35169491525522
1779926595,81.67033898305263
1779926610,81.37372881355863
1779926625,81.29830508474636
1779926640,81.46016949152632
1779926655,81.65338983050927
1779926670,81.80508474576419
1779926685,82.12203389830577
1779926700,81.93898305084538
1779926715,81.25
1779926730,80.9983050847432
1779926745,80.80762711864398
1779926760,81.28135593220547
1779926775,80.65508474576113
1779926790,80.78474576271513
1779926805,80.18898305084834
1779926820,80.39067796610544
1779926835,80.43240238235161
1779926850,80.6584745762703
1779926865,80.38148893905804
1779926880,80.84406779660948
1779926895,80.44576271186273
1779926910,80.69830508474499
1779926925,80.86623141537788
1779926940,80.64576271186155
1779926955,80.60677966101971
1779926970,80.3686440677971
1779926985,80.41440677965974
1779927000,80.58644067796472
1779927015,81.02033898305648
1779927030,80.86271186440372
1779927045,80.90971650174917
1779927060,80.39223994738987
1779927075,80.42711864407094
1779927090,80.14830508474576
1779927105,80.89067796610495
1779927120,80.43389830508188
1779927135,80.69302399685608
1779927150,80.7711864406834
1779927165,81.18983050847527
1779927180,80.8076271186415
1779927195,81.42288135593043
1779927210,82.07966101694738
1779927225,82.81949152542283
1779927240,83.41101694915254
1779927255,83.9279661016954
1779927270,84.77203389830736
1779927285,85.45847457626901
1779927300,84.92457627118772
1779927315,85.07203389830312
1779927330,85.01610169491298
1779927345,85.04576271186264
1779927360,85.66525423728616
1779927375,85.62033898304897
1779927390,85.59491525424133
1779927405,85.08898305084894
1779927420,85.34237288135908
1779927435,84.44406779661037
1779927450,84.46355932203498
1779927465,84.47711864407165
1779927480,84.48389830508751
1779927495,83.85423728813154
1779927510,83.22542372881337
1779927525,82.41779661017186
1779927540,81.55084745763106
1779927555,80.87288135593369
1779927570,79.94745762711904
1779927585,79.29745762712042
1779927600,79.47372881356249
1779927615,79.17033898305016
1779927630,79.05423728813284
1779927645,78.9135593220333
1779927660,78.82966101694689
1779927675,78.77372881355676
1779927690,78.5796610169459
1779927705,78.68305084745694
1779927720,78.91355932203331
1779927735,78.99830508474024
1779927750,78.82457627118437
1779927765,78.89745762712033
1779927780,79.05677966101655
1779927795,79.0864406779662
1779927810,79.16186440677848
1779927825,79.13220338983376
1779927840,79.70677966101518
1779927855,79.57627118644068
1779927870,79.91949152542274
1779927885,79.67288135593093
1779927900,80.21271186440757
1779927915,79.74915254237604
1779927930,80.17627118644207
1779927945,80.23220338983465
1779927960,80.4313559322031
1779927975,80.63135593220437
1779927990,81.45338983050551
1779928005,81.20254237288155
1779928020,81.66864406779682
1779928035,81.51949152542561
1779928050,81.55677966101655
1779928065,81.48813559322261
1779928080,80.81271186440895
1779928095,81.0449152542362
1779928110,80.849152542372
1779928125,80.98559322033691
1779928140,80.71864406779503
1779928155,81.3872881355953
1779928170,81.29830508474636
1779928185,81.37542372881444
1779928200,81.37542372881444
1779928215,81.79999999999674
1779928230,81.95847457627
1779928245,81.98305084745468
1779928260,81.69661016949557
1779928275,81.1440677966077
1779928290,80.8684495096585
1779928305,81.05254237288244
1779928320,80.48898305084904
1779928335,80.72118644067629
1779928350,80.68559322033867
1779928365,80.81779661017147
1779928380,80.95169491525266
1779928395,80.94491525423926
1779928410,80.7432203389797
1779928425,80.87711864406829
1779928440,80.64661016948945
1779928455,80.5338983050887
1779928470,80.2050847457638
1779928485,80.07796610169106
1779928500,80.40000000000009
1779928515,80.09745762711815
1779928530,79.6983050847435
1779928545,79.57542372881522
1779928560,79.49406779661007
1779928575,79.79406779661076
1779928590,79.77881355932075
1779928605,80.0177966101688
1779928620,79.91779661017186
1779928635,79.71016949152434
1779928650,80.04830508474883
1779928665,80.11610169491486
1779928680,80.42457627118723
1779928695,80.58559322034175
1779928710,80.16610169491702
1779928725,79.96610169491328
1779928740,79.93474576271275
1779928755,79.58813559322152
1779928770,79.50084745762594
1779928785,79.42033898305114
1779928800,79.43728813559203
1779928815,79.4050847457636
1779928830,79.67542372881218
1779928845,79.80098440010526
1779928860,80.07881355932145
1779928875,79.87457627118555
1779928890,79.98305084745664
1779928905,79.68983050847427
1779928920,79.65000000000208
1779928920,79.65000000000208
1779928935,79.49237288135672
1779928950,79.02711864406938
1779928965,78.81864406779641
1779928980,78.38644067796541
1779928995,78.53305084745537
1779929010,78.33474576271236
1779929025,78.63050847457598
1779929040,78.27372881355971
1779929055,78.672033898304
1779929070,79.05762711864446
1779929085,78.98898305084559
1779929100,78.99491525423355
1779929115,79.44830508474745
1779929130,79.645762711865
1779929145,79.5610169491556
1779929160,79.64406779661165
1779929175,79.47033898304838
1779929190,79.77033898304907
1779929205,79.92457627118526
1779929220,80.33389830508247
1779929235,80.24237288135721
1779929250,80.52457627118663
1779929265,80.75508474576054
1779929280,81.19152542372862
1779929295,81.07288135593497
1779929310,81.50743905870299
1779929325,81.43135593220211
1779929340,81.74830508474369
1779929355,81.47966101694846
1779929370,81.46864406779306
1779929385,80.94830508474597
1779929400,80.77900902702704
1779929415,80.56271186440796
1779929430,79.85762711863973
1779929445,79.88545685055936
1779929460,79.11016949152543
1779929475,79.3949152542361
1779929490,78.81610169491269
1779929505,78.67288135592945
1779929520,78.562711864405
1779929535,78.27711864406395
1779929550,78.06949152542629
1779929565,77.64830508474576
1779929580,77.58983050847438
1779929595,77.2364406779673
1779929610,77.37711864406435
1779929625,77.13050847457745
1779929640,77.13135593220044
1779929655,77.06271186440895
1779929670,77.24322033898315
1779929685,77.21101694915224
1779929700,76.88220338982735
1779929715,77.03474576271265
1779929730,77.33474576271088
1779929745,77.69576271186668
1779929760,77.75169491525433
1779929775,77.69915254237091
1779929790,77.8371378788993
1779929805,78.12966101695102
1779929820,78.12542372881643
1779929835,78.81016949152719
1779929850,79.45677966101665
1779929865,80.22627118644176
1779929880,81.28898305084677
1779929895,81.94745762711953
1779929910,82.57893166825929
1779929925,83.14491525423611
1779929940,82.96101694915521
1779929955,83.46101694915224
1779929970,83.26949152542511
1779929985,83.72881355931958
1779930000,83.7627118644063
1779930015,84.03728813559688
1779930030,83.75254237287879
1779930045,83.67711864406651
1779930060,83.78644067796552
1779930075,83.5415254237295
1779930090,83.85423728813647
1779930105,83.45084745762722
1779930120,83.8635593220336
1779930135,83.48220338983268
1779930150,82.91016949152265
1779930165,82.22372881356101
1779930180,81.40084745762948
1779930195,81.10423728813797
1779930210,80.16864406779582
1779930225,80.21440677966338
1779930240,80.23644067796432
1779930255,80.37881355931967
1779930270,80.2771186440669
1779930285,80.37118644067836
1779930300,80.46101694915028
1779930315,80.34237288135415
1779930330,80.08559322033977
1779930345,80.52881355932125
1779930360,80.67288135593734
1779930375,81.16949152542028
1779930390,81.46186440677965
1779930405,81.35254237288066
1779930420,81.79067796610455
1779930435,81.65508474576015
1779930450,81.00521352397739
1779930465,81.06525423728873
1779930480,80.88983050847705
1779930495,80.92966101694678
1779930510,80.57796610169305
1779930525,80.9754237288168
1779930540,80.83135593220318
1779930555,80.7822033898314
1779930570,80.35508474576291
1779930585,80.68220338983198
1779930600,80.87033898304996
1779930615,80.94406779660889
1779930630,80.55423728813875
1779930645,80.54152542372753
1779930660,80.45932203389692
1779930675,80.17118644067462
1779930690,79.97288135593162
1779930705,79.67457627118428
1779930720,79.39237288135485
1779930735,79.41949152542324
1779930750,79.71101694915225
1779930765,79.65932203390166
1779930780,80.00508474576252
1779930795,80.49237288135573
1779930810,80.71694915254415
1779930825,80.7296610169455
1779930840,80.7447847104055
1779930855,80.80593220338815
1779930870,81.03559322033662
1779930885,80.70013084656887
1779930900,80.84745762711619
1779930915,80.52881355932371
1779930930,80.99758645704009
1779930945,80.5906779661018
1779930960,80.3754237288105
1779930975,80.56949152542137
1779930990,80.72966101694796
1779931005,80.67118644067659
1779931020,80.78813559321935
1779931035,80.42457627118476
1779931050,80.3830508474592
1779931065,80.22288135593013
1779931080,79.74237288135524
1779931095,79.56779661016652
1779931110,79.11101694915334
1779931125,79.06525423729069
1779931140,78.86949152542155
1779931155,78.75423728813708
1779931170,78.83135593220516
1779931185,78.5338983050808
1779931200,78.45254237288304
1779931215,78.62966101694808
1779931230,78.71002515271527
1779931245,78.84745762711569
1779931260,79.13135593220339
1779931275,79.2542372881341
1779931290,79.46101694915126
1779931305,79.77881355932075
1779931320,79.8542372881355
1779931335,79.78220338983239
1779931350,79.7161016949123
1779931365,79.74576271186442
1779931380,79.7516949152573
1779931395,79.96101694915569
1779931410,80.07542372881474
1779931425,80.38389830508464
1779931440,80.42783340904154
1779931455,80.50873886455777
1779931470,80.89322033898374
1779931485,81.22457627118496
1779931500,81.16271186440687
1779931515,80.95084745762722
1779931530,80.77372881355971
1779931545,81.03983050847863
1779931560,80.48898305084657
1779931575,80.49661016949527
1779931590,79.96186440677869
1779931605,80.46949152542196
1779931620,80.16186440677996
1779931635,80.44152542372812
1779931650,80.864406779662
1779931665,80.99661016949231
1779931680,80.91779661017087
1779931695,80.9915254237298
1779931710,81.03474576271117
1779931725,80.7271186440667
1779931740,81.07881355931798
1779931755,81.42457627118871
1779931770,81.32457627118437
1779931785,81.016101694912
1779931800,80.95254237288303
1779931815,80.88220338983328
1779931830,81.30254237288096
1779931845,81.39576271186203
1779931860,81.48474576270851
1779931875,81.22542372881287
1779931890,81.4016949152574
1779931905,81.46271186440511
1779931920,81.77711864406542
1779931935,81.20169491525859
1779931950,80.8296610169523
1779931965,81.06271186440253
1779931980,81.21114433122062
1779931995,81.13474576271058
1779932010,81.3313559322027
1779932025,81.39830508474823
1779932040,81.22288135593408
1779932055,81.02966101694867
1779932070,80.95593220338726
1779932085,81.02372881356071
1779932100,80.99237288135276
1779932115,80.99576271186687
1779932130,80.76949152542264
1779932145,80.71694915254169
1779932160,80.59732608356322
1779932175,80.81779661017393
1779932190,80.47979335733346
1779932205,80.24237288135721
1779932220,80.43644067796808
1779932235,80.38559322034047
1779932250,80.65677966101448
1779932265,81.1550847457631
1779932280,81.98813559322211
1779932295,82.22627118643979
1779932310,82.78728813559687
1779932325,83.44745762712051
1779932340,83.84915254237151
1779932355,84.23389830508651
1779932370,84.85338983051005
1779932385,84.6813559322026
1779932400,84.75847457627316
1779932415,84.94237288135653
1779932430,85.11525423728942
1779932445,85.12457627118654
1779932460,85.41101694915302
1779932475,85.53305084745585
1779932490,85.79491525424015
1779932505,85.89406779661165
1779932520,85.66016949152612
1779932535,85.47382729608583
1779932550,85.3355932203383
1779932565,84.24661016949034
1779932580,83.84830508474606
1779932595,82.93305084745644
1779932610,82.45593220338824
1779932625,81.82372881355843
1779932640,81.09152542372921
1779932655,80.47555609792605
1779932670,80.76610169491842
1779932685,80.76610169491347
1779932700,80.93305084746089
1779932715,80.7686440677972
1779932730,80.36630135964778
1779932745,80.33898305084746
1779932760,80.13898305084616
1779932775,80.28624019905327
1779932790,79.98559322034036
1779932805,80.22118644068172
1779932820,79.8152542372838
1779932835,80.64999999999615
1779932850,80.32118644068113
1779932865,80.40169491525346
1779932880,80.21271186440511
1779932895,80.37203389830627
1779932910,79.9933559772487
1779932925,79.90423728813273
1779932940,79.87542372881347
1779932955,79.82118644067914
1779932970,79.41440677966072
1779932985,79.13135593220093
1779933000,78.93220338983001
1779933015,79.41016949152858
1779933030,79.76525423728408
1779933045,79.73220338982775
1779933060,79.91610169491358
1779933075,79.92457627118772
1779933090,79.83389830508544
1779933105,79.86525423728597
1779933120,80.59745762712012
1779933135,81.28559322034008
1779933150,82.6101694915269
1779933165,83.23559322033839
1779933180,83.69576271186075
1779933195,84.73389830508357
1779933210,85.77128290655706
1779933225,86.51186440677935
1779933240,86.72966101694698
1779933255,88.0906779661018
1779933270,88.4279661016959
1779933285,88.59576271186135
1779933300,88.76440677965716
1779933315,88.7991525423718
1779933330,88.82966101694934
1779933345,88.72022427346177
1779933360,88.62966101694806
1779933375,88.47542372881189
1779933390,88.49499325428224
1779933405,87.94152542372812
1779933420,87.16101694915501
1779933435,86.36101694915234
1779933450,85.30677966101902
1779933465,84.9050847457631
1779933480,84.35338983051055
1779933495,83.61260076339046
1779933510,82.77881355932273
1779933525,81.94576271186371
1779933540,81.75084745762742
1779933555,80.87118644067786
1779933570,80.52457627118663
1779933585,80.11694915254277
1779933600,79.4822033898317
1779933615,79.46949152542294
1779933630,79.02881355932271
1779933645,79.10607385712984
1779933660,78.96610169491427
1779933675,79.20932203389938
1779933690,78.87796610169325
1779933705,79.04237288136186
1779933720,79.20847457626901
1779933735,79.44915254237534
1779933750,79.44322033898246
1779933765,79.32372881355843
1779933780,79.46949152542048
1779933795,79.62033898305489
1779933810,79.755084745764
1779933825,79.6932203389785
1779933840,79.80508474576123
1779933855,79.8474576271221
1779933870,79.73474576271393
1779933885,79.89661016949144
1779933900,80.42627118644057
1779933915,80.17796610169295
1779933930,80.11694915254277
1779933945,80.59745762712012
1779933960,80.1906779661017
1779933975,79.9228813559319
1779933990,80.16779661017037
1779934005,79.5144067796626
1779934020,79.60593220338785
1779934035,79.32711864407007
1779934050,79.42203389830695
1779934065,79.46779661017206
1779934080,79.23389830508405
1779934095,78.76101694915047
1779934110,78.68898305084736
1779934125,78.22881355932253
1779934140,77.96186440678312
1779934155,77.91271186440638
1779934170,77.44661016949112
1779934185,77.15762711864338
1779934200,76.43151571854115
1779934215,76.2838983050892
1779934230,75.91864406779385
1779934245,75.56694915254258
1779934260,75.13474576271157
1779934275,75.01101694915295
1779934290,74.91186440677897
1779934305,74.28728813559292
1779934320,73.8220338983031
1779934335,73.78644067796797
1779934350,73.27881355932223
1779934365,72.58983050847685
1779934380,72.45423728813736
1779934395,72.01694915254386
1779934410,71.98474576270802
1779934425,71.66186440677848
1779934440,71.26694915254829
1779934455,70.99661016948986
1779934470,70.8601694915274
1779934485,70.62627118643692
1779934500,70.47288135593605
1779934515,70.27118644067896
1779934530,69.90423728813273
1779934545,69.78728813559243
1779934560,69.40423728813569
1779934575,69.19915254237436
1779934590,69.38305084745527
1779934605,68.8805084745745
1779934620,68.66949152542767
1779934635,68.7288135593245
1779934650,68.66101694915353
1779934665,68.28728813559144
1779934680,68.11694915254473
1779934695,68.05254237288048
1779934710,67.70084745762672
1779934725,67.49491525423748
1779934740,67.4771186440687
1779934755,67.33305084746
1779934770,67.2635593220332
1779934785,67.01949152542264
1779934800,66.85000000000385
1779934815,66.27627118644048
1779934830,65.99830508474567
1779934845,65.81972325611214
1779934860,65.3364406779662
1779934875,64.73135593220476
1779934890,64.19406779661185
1779934905,63.96779661017009
1779934920,63.356779661015764
1779934935,62.55677966101557
1779934950,61.83728813559263
1779934965,61.38050847457697
1779934980,60.81864406779691
1779934995,60.2093220338984
1779935010,59.49548810500311
1779935025,59.14067796610052
1779935040,58.579380199187
1779935055,58.01779661016584
1779935070,57.18983050847921
1779935085,56.906779661019414
1779935100,56.58983050847537
1779935115,56.178813559324794
1779935130,55.849999999997436
1779935145,55.723728813560015
1779935160,55.62203389830233
1779935175,55.52966101694915
1779935190,55.44999999999733
1779935205,55.422033898305976
1779935220,55.35677966101626
1779935235,55.43589534986075
1779935250,55.36670689210806
1779935265,55.38050847457795
1779935280,55.35677966101626
1779935295,55.45338983050897
1779935310,55.3889830508447
1779935325,55.56779661017295
1779935340,55.855084745764884
1779935355,56.17203389830401
1779935370,56.32627118644265
1779935385,56.75338983050621
1779935400,57.01186440677888
1779935415,57.63728813559283
1779935430,57.79067796610604
1779935445,57.87966101695251
1779935460,58.235310069900656
1779935475,58.16864406779533
1779935490,58.0019796475967
1779935505,58.02711864407036
1779935520,58.04406779661125
1779935535,58.08644067796719
1779935550,58.15677966101449
1779935565,58.08813559321807
1779935580,58.35169491525325
1779935595,58.19576271186372
1779935610,58.10169491525473
1779935625,58.16271186440984
1779935640,57.79067796610357
1779935655,57.599152542373965
1779935670,57.24830508474567
1779935685,56.833050847460484
1779935700,56.81271186440549
1779935715,56.32033898305223
1779935730,55.97796610169561
1779935745,56.12881355931769
1779935760,55.9847457627164
1779935775,55.84152542372822
1779935790,56.23135593220576
1779935805,55.80593220338815
1779935820,55.68898305084785
1779935835,55.67796610169492
1779935850,55.772881355931816
1779935865,55.937836866691214
1779935880,55.93050847457717
1779935895,56.19915254237733
1779935910,56.53220338983189
1779935925,56.60508474576291
1779935940,56.62966101694757
1779935955,56.6830508474589
1779935970,56.74661016949034
1779935985,56.94605460302142
1779936000,56.82627118643969
1779936015,57.023728813559714
1779936030,56.892372881359776
1779936045,56.694067796606916
1779936060,56.71694915254316
1779936075,56.73983050847201
1779936090,56.453389830510446
1779936105,56.737288135593225
1779936120,56.876271186439396
1779936135,56.94661016949163
1779936150,56.83813559322054
1779936165,56.91779661016989
1779936180,57.06186440677858
1779936195,57.097457627118644
1779936210,57.0822033898311
1779936225,56.816949152545035
1779936240,56.816101694914664
1779936255,56.34661016949518
1779936270,56.29800880005779
1779936285,56.39745762711539
1779936300,56.228813559326966
1779936315,56.60000000000039
1779936330,56.238983050849534
1779936345,56.29237288135347
1779936360,56.247457627121214
1779936375,55.93728813559549
1779936390,56.392372881352884
1779936405,56.091525423729216
1779936420,55.89999999999961
1779936435,56.454237288135886
1779936450,56.29067796609766
1779936465,55.619491525423534
1779936480,55.35847457627207
1779936495,55.15000000000158
1779936510,54.96779661017157
1779936525,54.949152542372396
1779936540,54.910169491523156
1779936555,55.15677966101744
1779936570,55.13728813559035
1779936585,55.07966101694935
1779936600,55.08644067797015
1779936615,54.68050847457716
1779936630,54.86949152542551
1779936645,54.58135593220072
1779936660,54.665254237289616
1779936675,54.82881355932292
1779936690,54.58050847457528
1779936705,54.506779661018825
1779936720,54.54406779660731
1779936735,53.93813559322044
1779936750,54.04491525423818
1779936765,54.03782398524933
1779936780,53.78389830508672
1779936795,53.90847457627326
1779936810,54.03305084745733
1779936825,54.183898305084355
1779936840,54.30338983050837
1779936855,54.241525423730295
1779936870,54.14237288135632
1779936885,54.156779661018426
1779936900,53.905084745761634
1779936915,54.1364406779659
1779936930,54.154237288132244
1779936945,54.29830508474587
1779936960,54.1500000000001
1779936975,54.85962807032034
1779936990,55.01610169491051
1779937005,55.035593220337596
1779937020,54.923728813559826
1779937035,54.96440677965994
1779937050,55.408474576271786
1779937065,55.31525423728824
1779937080,55.29491525423571
1779937095,55.41949152542471
1779937110,55.04067796610011
1779937125,55.022033898303405
1779937140,55.00084745762543
1779937155,54.94067796610318
1779937170,55.13898305084618
1779937185,55.18559322033671
1779937200,55.08898305084647
1779937215,56.0203389830466
1779937230,56.07881355932045
1779937245,56.16016949152809
1779937260,56.21949152541998
1779937275,55.50932203389909
1779937290,55.5559322033921
1779937305,55.836440677965705
1779937320,55.81101694915067
1779937335,55.56949152542383
1779937350,55.42627118644552
1779937365,55.69661016949162
1779937380,55.542372881357906
1779937395,55.416949152540994
1779937410,55.62033898304898
1779937425,55.47881355931907
1779937440,55.360169491525426
1779937455,55.31271186440452
1779937470,55.31610169491861
1779937485,55.350000000000385
1779937500,55.4076271186414
1779937515,54.462711864407076
1779937530,54.325423728811785
1779937545,54.82881355932045
1779937560,55.14661016948994
1779937575,55.02118644067797
1779937590,55.00084745762791
1779937605,54.747457627117754
1779937620,54.741525423724866
1779937635,54.83050847457627
1779937650,54.8161016949117
1779937665,55.061864406778085
1779937680,55.01779661017127
1779937695,55.21101694915422
1779937710,55.22457627118842
1779937725,55.42288135593141
1779937740,55.43813559321896
1779937755,55.478813559324
1779937770,55.766101694915946
1779937785,55.71186440677916
1779937800,55.88983050847458
1779937815,55.882203389830806
1779937830,55.79970033695163
1779937845,55.01610169491792
1779937860,55.10593220338983
1779937875,55.09606714530542
1779937890,55.28389830508771
1779937905,55.34067796609834
1779937920,55.23135593220181
1779937935,55.139830508474084
1779937950,54.89915254237269
1779937965,55.14915254237367
1779937980,55.08050847457726
1779937995,54.92542372881317
1779938010,54.88389830508515
1779938025,54.92711864406405
1779938040,54.968644067797
1779938055,54.90762711864436
1779938070,54.76271186441024
1779938085,54.893220338984726
1779938100,54.458474576272465
1779938115,54.42203389830696
1779938130,54.40932203390068
1779938145,54.46918284191678
1779938160,54.32288135592807
1779938175,54.04152542372655
1779938190,54.015254237290996
1779938205,54.14576271186549
1779938220,54.49152542372882
1779938235,54.810169491521286
1779938250,54.76440677965865
1779938265,54.74915254236864
1779938280,54.76440677966112
1779938295,54.9039315520804
1779938310,54.72881355932104
1779938325,54.729661016951425
1779938340,54.60762711864614
1779938355,54.383050847457724
1779938370,54.08813559321955
1779938385,54.05593220339111
1779938400,54.14067796610051
1779938415,54.240677966104855
1779938430,54.42257235642048
1779938445,54.305084745761725
1779938460,54.356241652596005
1779938475,54.614406779662005
1779938490,54.480508474575885
1779938505,54.24491525423453
1779938520,54.12966101694757
1779938535,53.76186440677591
1779938550,53.77711864406839
1779938565,53.9271186440675
1779938580,54.10593220338835
1779938595,53.95338983050798
1779938610,54.12796610169669
1779938625,53.96779661016762
1779938640,54.103389830504625
1779938655,54.36694915253981
1779938670,54.445762711861256
1779938685,54.50000000000049
1779938700,54.32881355932342
1779938715,54.44830508474497
1779938730,54.42372881355784
1779938745,54.61610169491535
1779938760,54.72881355932104
1779938775,54.58050847457775
1779938790,54.49067796610091
1779938805,54.545762711868065
1779938820,54.66101694915502
1779938835,54.672033898305486
1779938850,54.99237288135623
1779938865,54.84915254236805
1779938880,54.95508474576034
1779938895,55.286440677966496
1779938910,55.549152542376234
1779938925,55.631355932204386
1779938940,56.146610169488966
1779938955,55.93813559322094
1779938970,56.08135593220665
1779938985,56.2389830508446
1779939000,56.05508474576617
1779939015,56.077118644067106
1779939030,55.84491525423492
1779939045,55.568644067795915
1779939060,55.85338983051153
1779939075,55.74491525423798
1779939090,55.77372881355972
1779939105,55.91949152542423
1779939120,55.970338983054305
1779939135,55.86016949152493
1779939150,55.62203389829985
1779939165,55.187288135592524
1779939180,55.054542003106256
1779939195,54.83983050847833
1779939210,54.51440677966013
1779939225,54.019491525423135
1779939240,53.99491525424094
1779939255,53.86271186440324
1779939270,53.69915254237239
1779939285,53.528813559325684
1779939300,53.55762711864249
1779939315,53.357627118646136
1779939330,53.52627118644197
1779939345,53.32457627118733
1779939360,53.36186440677828
1779939375,53.61779661016969
1779939390,53.58474576271088
1779939405,53.56779661016999
1779939420,53.488983050848546
1779939435,53.600847457628795
1779939450,53.68983050847773
1779939465,54.06016949152572
1779939480,54.221496803411306
1779939495,54.19915254236696
1779939510,54.150000000002564
1779939525,54.269491525426595
1779939540,54.06779661017196
1779939555,54.076271186443634
1779939570,54.43813559322241
1779939585,54.52457627118022
1779939600,54.55932203389733
1779939615,54.357627118645155
1779939630,54.56101694915561
1779939645,54.60847457626912
1779939660,55.0033898305067
1779939675,54.91016949153056
1779939690,54.71610169491476
1779939705,54.66694915254296
1779939720,55.00415247199022
1779939735,54.77796610169284
1779939750,54.62711864406582
1779939765,54.33559322033681
1779939780,54.14661016949094
1779939795,54.393220338980285
1779939810,54.271186440677475
1779939825,54.49830508474468
1779939840,54.42257235642295
1779939855,54.641525423727934
1779939870,54.842372881357115
1779939885,55.25338983050522
1779939900,55.65338983050532
1779939915,55.44322033898395
1779939930,55.45338983050897
1779939945,55.46864406779898
1779939960,55.426271186438115
1779939975,55.419491525422245
1779939990,55.36271186440669
1779940005,55.226271186439305
1779940020,55.09830508474359
1779940035,55.0067796610134
1779940050,55.33728813559411
1779940065,55.358474576269614
1779940080,55.025423728817515
1779940095,55.279661016950634
1779940110,55.311864406779065
1779940125,55.34376504247467
1779940140,55.31016949152572
1779940155,55.05847457627139
1779940170,55.30677966101902
1779940185,55.073728813561395
1779940200,54.947457627114105
1779940215,55.045762711862636
1779940230,54.69522240526887
1779940245,54.6177966101687
1779940260,54.68728813559056
1779940275,54.737288135592735
1779940290,54.6601694915271
1779940305,54.51440677966259
1779940320,54.47288135592964
1779940335,54.45508474576084
1779940350,54.36101694914939
1779940365,54.444067796610376
1779940380,54.561864406781034
1779940395,54.30593220338964
1779940410,54.03305084745733
1779940425,53.844915254236895
1779940440,53.859322033899005
1779940455,53.8067796610131
1779940470,53.745762711865396
1779940485,53.32627118643821
1779940500,53.206779661016654
1779940515,53.422881355933384
1779940530,53.52288135593526
1779940545,53.84322033898354
1779940560,53.827966101698465
1779940575,54.01864406779523
1779940590,54.25677966101537
1779940605,54.520878107648684
1779940620,54.64969254028556
1779940635,54.77542372881652
1779940650,54.7449152542365
1779940665,55.04491525423719
1779940680,54.76186440677739
1779940695,54.89576271186846
1779940710,55.27457627118566
1779940725,55.324576271190296
1779940740,54.93135593220112
1779940755,54.82033898305371
1779940770,54.871186440678855
1779940785,54.824576271183375
1779940800,54.900000000000595
1779940815,55.03728813559342
1779940830,54.83050847457627
1779940845,54.93983050847526
1779940860,55.02033898305252
1779940875,54.899152542370224
1779940890,54.64406779661165
1779940905,54.357627118645155
1779940920,54.46186440677917
1779940935,54.357627118645155
1779940950,54.35169491525473
1779940965,54.044067796610264
1779940980,53.94629794100112
1779940995,53.84237288135564
1779941010,53.34576271186283
1779941025,53.30000000000019
1779941040,53.550000000001184
1779941055,53.82966101695181
1779941070,53.744067796614516
1779941085,53.51355932203321
1779941100,53.195762711863715
1779941115,52.88305084745427
1779941130,52.90725857025084
1779941145,52.81186440677907
1779941160,52.85677966101626
1779941175,52.365254237290905
1779941190,52.31016949152622
1779941205,52.188983050846375
1779941220,51.94999999999832
1779941235,51.96355932203005
1779941250,51.93898305084785
1779941265,51.772033898307846
1779941280,51.85084745762683
1779941295,52.23305084745812
1779941310,52.60169491525522
1779941325,52.68389830508583
1779941340,52.53983050847221
1779941355,52.364406779662986
1779941370,52.481355932203286
1779941385,52.4923728813587
1779941400,52.32033898304878
1779941415,52.45508474576035
1779941430,52.305084745761235
1779941445,52.04830508474685
1779941460,52.21694915254267
1779941475,52.179661016949254
1779941490,52.43644067796858
1779941505,52.29661016949202
1779941520,52.63337197713973
1779941535,52.660169491524144
1779941550,53.015254237289525
1779941565,53.17711864406947
1779941580,53.08728813559509
1779941595,52.95508474576231
1779941610,53.03728813559538
1779941625,53.3779661016962
1779941640,53.496610169489855
1779941655,53.69322033898196
1779941670,54.07966101695034
1779941685,54.11949152542501
1779941700,54.382203389832284
1779941715,54.60847457626912
1779941730,54.73728813559027
1779941745,54.87796610169718
1779941760,54.89322033898226
1779941775,54.90423728813521
1779941790,54.99152542372832
1779941805,55.22372881355804
1779941820,55.33389830508495
1779941835,55.914705663010686
1779941850,56.12203389830677
1779941865,56.301694915250586
1779941880,56.57288135593201
1779941895,56.85423728813599
1779941910,57.09067796610032
1779941925,57.14617436787385
1779941940,57.41355932203231
1779941955,57.53813559322133
1779941970,57.90932203389969
1779941985,58.31779661016654
1779942000,58.40000000000454
1779942015,58.51101694915442
1779942030,59.01610169491397
1779942045,59.054237288135305
1779942060,59.349999999998914
1779942075,60.08305084745851
1779942090,60.38898305084223
1779942105,60.223728813560506
1779942120,60.19830508474546
1779942135,60.33813559321955
1779942150,60.22457627118841
1779942165,60.319491525425306
1779942180,60.29067796609864
1779942195,60.33898305084746
1779942210,60.38305084745428
1779942225,60.40847457627425
1779942240,60.33983050847783
1779942255,60.232203389832186
1779942270,60.31806564023048
1779942285,60.300847457628606
1779942300,59.95847457627197
1779942315,60.09322033898601
1779942330,59.864406779658054
1779942345,60.078813559323905
1779942360,59.97118644067827
1779942375,59.79915254237328
1779942390,59.95508474576281
1779942405,60.08813559322104
1779942420,59.8576271186422
1779942435,59.283050847455854
1779942450,59.3127118644055
1779942465,59.66779661016841
1779942480,59.56525423728281
1779942495,59.330508474576774
1779942510,59.45169491525414
1779942525,59.52118644067599
1779942540,59.53756245720191
1779942555,59.35508474576143
1779942570,59.42203389830203
1779942585,59.388135593222714
1779942600,59.722033898305185
1779942615,59.60762711864861
1779942630,59.33728813559262
1779942645,59.444067796607904
1779942660,59.46271186440708
1779942675,59.36610169491683
1779942690,59.277118644070356
1779942705,59.47118644068122
1779942720,59.69406779661135
1779942735,59.83474576271088
1779942750,60.07203389830558
1779942765,59.95254237287908
1779942780,59.857627118644665
1779942795,59.635593220337505
1779942810,59.33644067796718
1779942825,59.22203389830321
1779942840,59.253389830508674
1779942855,60.19915254237338
1779942870,60.614406779658545
1779942885,60.26779661016979
1779942900,60.23135593219935
1779942915,60.47569169022464
1779942930,61.058474576270406
1779942945,60.722881355934575
1779942960,60.986440677964815
1779942975,60.96779661017058
1779942990,61.449999999998816
1779943005,61.572881355932005
1779943020,61.65254237287889
1779943035,61.906779661016955
1779943050,61.792372881357906
1779943065,61.5372881355944
1779943080,61.73220338983071
1779943095,61.8271186440676
1779943110,61.809322033898795
1779943125,61.88924142887237
1779943140,61.388983050848644
1779943155,60.4302402050148
1779943170,60.616949152542276
1779943185,60.47372881355656
1779943200,59.955084745760345
1779943215,59.435593220341154
1779943230,59.25677966101783
1779943245,59.67881355932381
1779943260,59.31553006420158
1779943275,59.04152542372655
1779943290,58.586440677964234
1779943305,58.369491525422056
1779943320,58.38050847457252
1779943335,58.016949152540406
1779943350,57.589830508474385
1779943365,57.70169491525217
1779943380,57.627118644070265
1779943395,57.683898305085826
1779943410,57.572033898305584
1779943425,57.934745762714726
1779943440,58.1338983050881
1779943455,58.353389830504135
1779943470,58.29999999999773
1779943485,58.43785381595373
1779943500,58.75423728813214
1779943515,59.01582383609746
1779943530,58.82288135593349
1779943545,58.73813559321669
1779943560,58.47457627118644
1779943575,58.3889830508442
1779943590,58.44067796610219
1779943605,58.177118644069466
1779943620,58.12118644067687
1779943635,58.22966101695044
1779943650,58.355084745764884
1779943665,58.55084745762662
1779943680,58.489830508476444
1779943695,58.34830508474409
1779943710,58.07033898305421
1779943725,57.658474576268326
1779943740,57.411016949153534
1779943755,57.240677966099426
1779943770,57.390677966101
1779943785,57.26440677965865
1779943800,57.699152542373376
1779943815,57.681786286920286
1779943830,57.84322033898454
1779943845,57.75932203389811
1779943860,57.589830508474385
1779943875,57.56271186440599
1779943890,57.6415254237299
1779943905,57.725423728813865
1779943920,58.22627118644127
1779943935,58.01073227615339
1779943950,57.66016949152662
1779943965,57.78954433589243
1779943980,57.560169491527205
1779943995,57.61271186440816
1779944010,57.36779661016722
1779944025,57.54406779661174
1779944040,57.60847457627109
1779944055,57.64322033898325
1779944070,57.5237288135543
1779944085,57.39406779661264
1779944100,57.16694915254297
1779944115,56.92796610169738
1779944130,56.82711864406513
1779944145,56.75084745762496
1779944160,57.007335642953706
1779944175,56.81610169491713
1779944190,57.062711864408946
1779944205,56.833050847458026
1779944220,56.50084745762642
1779944235,56.66525423728764
1779944250,56.80084745762712
1779944265,57.10254237288116
1779944280,57.29830508474537
1779944295,57.207627118640616
1779944310,57.397457627119344
1779944325,57.56949152542185
1779944340,57.50084745762791
1779944355,57.50677966101587
1779944370,57.65254237288284
1779944385,57.358040929228714
1779944400,57.38474576271058
1779944415,58.21765732784121
1779944430,59.273728813558726
1779944445,59.373728813560604
1779944460,59.72542372881682
1779944475,59.88389830508514
1779944490,59.95508474576528
1779944505,59.72966101695143
1779944520,59.86864406779513
1779944535,59.98050847457539
1779944550,59.975423728815336
1779944565,59.76271186440777
1779944580,60.244915254236005
1779944595,60.34322033898454
1779944610,60.74322033898216
1779944625,60.76297787811609
1779944640,61.04830508474783
1779944655,61.19491525423285
1779944670,61.30847457627385
1779944685,61.26101694915047
1779944700,61.455932203391704
1779944715,60.04661016949301
1779944730,59.56610169491565
1779944745,59.60508474576242
1779944760,59.534745762712646
1779944775,59.63474576271206
1779944790,59.91271186440687
1779944805,60.11271186440816
1779944820,60.13220338983278
1779944835,60.17372881355587
1779944850,60.30847457627484
1779944865,60.13728813559529
1779944880,60.183050847455455
1779944895,59.80593220338668
1779944910,59.856779661011814
1779944925,59.58898305084696
1779944940,59.67118644067511
1779944955,59.400847457626526
1779944970,59.70254237288057
1779944985,59.676271186437624
1779945000,59.73389830508603
1779945015,59.905084745763105
1779945030,59.5576271186415
1779945045,59.54152542372605
1779945060,59.50932203389762
1779945075,59.46864406779504
1779945090,59.42203389830203
1779945105,59.38474576271108
1779945120,59.881355932201416
1779945135,60.72542372881337
1779945150,60.905932203392496
1779945165,61.11610169491387
1779945180,61.283898305086716
1779945195,61.45423728813836
1779945210,61.381355932204876
1779945225,61.60338983050957
1779945240,61.83389830508593
1779945255,61.92542372881367
1779945270,62.11864406779415
1779945285,62.31186440677956
1779945300,62.37203389830184
1779945315,62.91949152542718
1779945330,62.90762711864634
1779945345,63.04152542373001
1779945360,63.27966101694521
1779945375,63.152542372879886
1779945390,63.35338983051153
1779945405,63.438135593220935
1779945420,62.977118644068184
1779945435,62.42033898305065
1779945450,62.46864406779701
1779945465,62.16101694915748
1779945480,61.951105416236054
1779945495,61.927118644067015
1779945510,62.06610169491318
1779945525,61.86271186440767
1779945540,61.800847457624656
1779945555,61.73644067796778
1779945570,61.80847457627336
1779945585,61.684745762712254
1779945600,61.6813559322031
1779945615,61.728813559324
1779945630,61.72288135593358
1779945645,61.46694915254465
1779945660,61.46466803615128
1779945675,61.29915254237179
1779945690,60.79152542373099
1779945705,60.480508474577356
1779945720,60.37372881356209
1779945735,60.41779661016891
1779945750,60.32457627118782
1779945765,60.4101694915276
1779945780,60.37118644067589
1779945795,60.33264745065392
1779945810,60.08220338983061
1779945825,59.27457627118664
1779945840,57.50932203389959
1779945855,55.61610169491683
1779945870,53.69830508474448
1779945885,51.834745762713844
1779945900,49.85254237288215
1779945915,48.05169491525749
1779945930,45.98898305084855
1779945945,43.94322033898048
1779945960,42.19491525423926
1779945975,40.29576271186609
1779945990,38.59237288135958
1779946005,36.87627118644187
1779946020,35.07118644068014
1779946035,33.15762711864486
1779946050,31.438983050850812
1779946065,29.464406779662887
1779946080,27.3364406779667
1779946095,25.804237288137276
1779946110,24.074576271185354
1779946125,23.24661016948639
1779946140,23.220338983050848
1779946155,23.311864406776106
1779946170,23.064406779658842
1779946185,22.85508474576291
1779946200,22.92796610169887
1779946215,22.86610169491585
1779946230,22.90593220339052
1779946245,22.853389830507098
1779946260,22.95762711864111
1779946275,23.083050847455556
1779946290,22.994915254239455
1779946305,22.95423728813688
1779946320,22.893220338981767
1779946335,22.845762711863326
1779946350,22.850000000000392
1779946365,22.770338983051055
1779946380,22.60847457627356
1779946395,22.444915254237785
1779946410,22.385593220338485
1779946425,22.4144067796627
1779946440,22.267796610170286
1779946455,22.266101694914465
1779946470,22.297457627117467
1779946485,22.439830508475268
1779946500,22.338135593220045
1779946515,22.24915254237111
1779946530,22.327118644067113
1779946545,22.142372881353367
1779946560,22.011016949150974
1779946575,22.033050847456835
1779946590,21.995762711865897
1779946605,22.02711864406148
1779946620,22.012711864406786
1779946635,22.052542372881454
1779946650,22.11271186440372
1779946665,22.162711864405892
1779946680,22.201694915252656
1779946695,22.20593220338727
1779946710,22.131355932200435
1779946725,22.200847457622285
1779946740,22.14661016949291
1779946755,22.051694915251087
1779946770,21.899152542375646
1779946785,21.816101694914668
1779946800,21.87203389830479
1779946815,21.877118644067306
1779946830,21.972881355932106
1779946845,21.93813559321749
1779946860,21.887288135592332
1779946875,21.877966101697677
1779946890,21.92288135593241
1779946905,21.94491525423581
1779946920,21.991525423731282
1779946935,22.028813559322234
1779946950,21.967796610167124
1779946965,21.9864406779663
1779946980,21.912711864407374
1779946995,21.815254237289228
1779947010,21.665254237285183
1779947025,21.6898305084797
1779947040,21.866101694914363
1779947055,21.963559322032523
1779947070,22.092372881358603
1779947085,22.031355932201024
1779947100,21.975423728810895
1779947115,22.072881355933983
1779947130,22.10254237288116
1779947145,22.163559322033798
1779947160,22.13474576271206
1779947175,22.299152542370816
1779947190,22.229661016948967
1779947205,22.11779661017117
1779947220,22.104237288136975
1779947235,21.936440677966594
1779947250,22.00338983050967
1779947265,22.021186440678463
1779947280,21.911016949149086
1779947295,22.086440677968177
1779947310,22.187288135595495
1779947325,22.165254237292086
1779947340,22.169491525426686
1779947355,22.1822033898305
1779947370,22.144067796611655
1779947385,22.10338983050907
1779947400,22.153389830511237
1779947415,22.126271186440384
1779947430,22.086440677968177
1779947445,22.318644067795425
1779947460,22.299152542373278
1779947475,22.30254237288244
1779947490,22.370338983050942
1779947505,22.344915254238373
1779947520,22.574576271186842
1779947535,22.416949152541488
1779947550,22.661864406782428
1779947565,22.67966101694876
1779947580,22.54067796610012
1779947595,22.803389830509857
1779947610,22.717796610170083
1779947625,22.674576271186254
1779947640,22.593220338986008
1779947655,22.583050847456054
1779947670,22.716101694914272
1779947685,22.59491525423689
1779947700,22.7271186440672
1779947715,22.60677966101774
1779947730,22.68220338982755
1779947745,22.43135593220359
1779947760,22.268644067793254
1779947775,22.38220338983179
1779947790,22.40254237288185
1779947805,22.47711864406622
1779947820,22.260169491521587
1779947835,22.162711864400965
1779947850,22.20169491525512
1779947865,22.24745762711776
1779947880,22.226271186442258
1779947895,22.14406779660918
1779947910,22.298305084750304
1779947925,22.19322033898592
1779947940,22.304237288133322
1779947955,22.30593220339161
1779947970,22.316949152542076
1779947985,22.206779661017638
1779948000,22.255932203386976
