timestamp,memory_usage_percent
1779734520,36.33266949564998
1779734535,36.02823370944955
1779734550,36.0336531505105
1779734565,36.04275570685559
1779734580,35.89890374704364
1779734595,35.83081873021969
1779734610,35.78388531831324
1779734625,35.817769978927316
1779734640,35.78556902815742
1779734655,35.164858870914706
1779734670,35.20947718178542
1779734685,35.17280387674192
1779734700,35.17454020251872
1779734715,35.28324471933346
1779734730,35.32591624069684
1779734745,35.24951790651727
1779734760,35.262408810011756
1779734775,35.21989513644627
1779734790,35.232680808075486
1779734805,35.240678429835334
1779734820,35.18979882298159
1779734835,35.34006992657447
1779734850,35.33759697774082
1779734865,35.22505149784406
1779734880,35.23536422063965
1779734895,35.180433186973346
1779734910,35.149021475192896
1779734925,35.268143946668495
1779734940,35.34422658525228
1779734955,35.34249025947547
1779734970,35.36490464677608
1779734985,35.3292836603852
1779735000,35.30234430287835
1779735015,35.336123731627175
1779735030,35.43546261243367
1779735045,35.396684670084944
1779735060,35.58731219400547
1779735075,35.59283686693168
1779735090,35.2406258139027
1779735105,35.39579019923023
1779735120,35.37242872514226
1779735135,35.39579019923023
1779735150,35.42425541878336
1779735165,35.525646320962444
1779735180,35.54264126720212
1779735195,35.535380268499104
1779735210,35.51933240904679
1779735225,35.60204465514203
1779735240,35.50260054247026
1779735255,35.43788294533468
1779735270,35.439145727717815
1779735285,35.42383449132232
1779735300,35.4532467976628
1779735315,35.51391296798584
1779735330,35.4455122555661
1779735345,35.432673968004245
1779735360,35.49860173159034
1779735375,35.55353276525665
1779735390,35.53253900813706
1779735405,35.538168912928526
1779735420,35.584523549576055
1779735435,35.61372539218601
1779735450,35.5672129077406
1779735465,35.53532765256647
1779735480,35.478712909055986
1779735495,35.431463801553754
1779735510,35.37795339806847
1779735525,35.403051197933245
1779735540,35.31665583655387
1779735555,35.2832973352661
1779735570,35.359064278254095
1779735585,35.35485500364365
1779735600,35.38489870117571
1779735615,36.408489054570616
1779735630,36.50430266789086
1779735645,36.624477458019065
1779735660,36.6565731769237
1779735675,36.486728946392255
1779735690,36.60790343924044
1779735705,36.710136196341615
1779735720,36.57696527085367
1779735735,36.66225569764781
1779735750,36.65662579285633
1779735765,36.69714006098187
1779735780,36.7292357798865
1779735795,36.72849915682968
1779735810,36.78195694438233
1779735825,36.747072581048265
1779735840,36.7462833420588
1779735855,35.63250928013512
1779735870,35.47129406255508
1779735885,35.423413563861274
1779735900,35.42099323096026
1779735915,35.37448074651485
1779735930,35.41625779702352
1779735945,35.48792069726634
1779735960,35.49423460918201
1779735975,35.262724505607544
1779735990,35.18858865653108
1779736005,35.13997153478044
1779736020,35.287085682415494
1779736035,35.20258449461081
1779736050,35.25099115263093
1779736065,35.30960530158137
1779736080,35.28087700236509
1779736095,35.292452507543814
1779736110,35.226051200564044
1779736125,35.28392872645766
1779736140,35.44393377758719
1779736155,35.42783330220224
1779736170,35.42899085272011
1779736185,35.365115110506615
1779736200,35.36032706063723
1779736215,35.41673134041719
1779736230,35.419519984846616
1779736245,35.48239602434013
1779736260,35.45456219597857
1779736275,35.47387224325398
1779736290,35.52285767653303
1779736305,35.49623401462196
1779736320,35.50423163638181
1779736335,35.59194239607696
1779736350,35.58031427496561
1779736365,35.58184013701189
1779736380,35.58804881706229
1779736395,35.768784545648266
1779736410,35.59720398934001
1779736425,35.514702206975294
1779736440,35.564003335850124
1779736455,35.632719743865636
1779736470,35.54890256318516
1779736485,35.48786808133371
1779736500,35.42830684559591
1779736515,35.48313264739696
1779736530,35.42336094792864
1779736545,35.44509132810506
1779736560,35.49086718949365
1779736575,35.49086718949365
1779736590,35.18122242596281
1779736605,35.1743297387882
1779736620,35.236469155224896
1779736635,35.19863829966352
1779736650,35.3148142789118
1779736665,35.31428811958549
1779736680,35.29571469536691
1779736695,35.19690197388671
1779736710,35.20647807362547
1779736725,35.38695072254829
1779736740,35.33559757230087
1779736755,35.33691297061663
1779736770,35.298345491998425
1779736785,35.3160244453623
1779736800,35.33659727502085
1779736815,35.36122153149195
1779736830,35.34927771478481
1779736845,35.41715226787824
1779736860,35.56963324064159
1779736875,35.61083151589133
1779736890,35.250149297708845
1779736905,35.2836656467945
1779736920,35.291137109228046
1779736935,35.37658538382007
1779736950,35.33401909432195
1779736965,35.39042337410191
1779736980,35.44151344468619
1779736995,35.490814573561025
1779737010,35.478712909055986
1779737025,35.50775690386806
1779737040,35.49860173159034
1779737055,35.478818140921256
1779737070,35.44388116165456
1779737085,35.411101435625724
1779737100,35.41499501464038
1779737115,35.44961629831129
1779737130,35.40562937863214
1779737145,35.386424563221986
1779737160,35.41394269598778
1779737175,35.39331725039659
1779737190,35.31786600300437
1779737205,35.32512700170739
1779737220,35.30334400559833
1779737235,35.30739543241089
1779737250,35.27393169925786
1779737265,35.38237313640944
1779737280,35.3666409725529
1779737295,35.41925690518346
1779737310,35.36211600234667
1779737325,35.30029228150576
1779737340,35.27314246026839
1779737355,35.28156100948928
1779737370,35.226419512092455
1779737385,35.1434968022667
1779737400,35.32396945118952
1779737415,35.5145443591774
1779737430,35.513439424592164
1779737445,35.43688324261469
1779737460,35.432673968004245
1779737475,35.50796736759858
1779737490,35.59836153985788
1779737505,35.62124947055217
1779737520,35.59920339477998
1779737535,35.60251819853569
1779737550,35.520753039227806
1779737565,35.55295398999772
1779737580,35.578998876649834
1779737595,35.55832081512603
1779737610,35.49118288508944
1779737625,35.40252503860694
1779737640,35.564055951782755
1779737655,35.522699828735135
1779737670,35.460086868904774
1779737685,35.5026531584029
1779737700,35.52317337212882
1779737715,35.67902176458053
1779737730,35.64334816225701
1779737745,35.66855119398705
1779737760,35.76389126391363
1779737775,35.6872298500709
1779737790,35.74768555666341
1779737805,35.56626582095325
1779737820,35.449826762041816
1779737835,35.45935024584794
1779737850,35.46692694014675
1779737865,35.39121261309137
1779737880,35.46755833133831
1779737895,35.44556487149874
1779737910,35.41667872448456
1779737925,35.56968585657423
1779737940,35.40578722643003
1779737955,35.425097273705454
1779737970,35.40694477694791
1779737985,35.36479941491083
1779738000,35.27356338772943
1779738015,35.47745012667286
1779738030,35.436778010749435
1779738045,35.593783953719026
1779738060,35.572842812532066
1779738075,35.44640672642083
1779738090,35.53532765256647
1779738105,35.683546734786766
1779738120,35.555532170696615
1779738135,35.3952114239713
1779738150,35.47997569143912
1779738165,35.34238502761021
1779738180,35.382688832005215
1779738195,35.332124920747255
1779738210,35.33580803603139
1779738225,35.2325229602776
1779738240,35.33691297061663
1779738255,35.39137046088926
1779738270,35.40468229184479
1779738285,35.3692191532518
1779738300,35.44103990129251
1779738315,35.443828545721935
1779738330,35.367114515946575
1779738345,35.394422184981835
1779738360,35.392159699878725
1779738375,35.35375006905841
1779738390,35.4203618397687
1779738405,35.382794063870485
1779738420,35.40615553795845
1779738435,35.47292515646663
1779738450,35.7667851402083
1779738465,35.52917158844869
1779738480,35.418046738732954
1779738495,35.482132944676984
1779738510,35.52164751008253
1779738525,35.506967664878594
1779738540,35.516438532752105
1779738555,35.533380863059136
1779738570,35.50670458521545
1779738585,35.5348541091728
1779738600,35.4892360955821
1779738615,35.72485024190175
1779738630,35.676443583881635
1779738645,35.52191058974567
1779738660,35.56053068429651
1779738675,35.52301552433092
1779738690,35.52717218300874
1779738705,35.506967664878594
1779738720,35.489183479649476
1779738735,35.42557081709913
1779738750,35.44524917590296
1779738765,35.46524323030257
1779738780,35.41457408717934
1779738795,35.475135025637115
1779738810,35.46939988898038
1779738825,35.43893526398729
1779738840,35.457666536003764
1779738855,35.39431695311658
1779738870,35.406102922025816
1779738885,35.23536422063965
1779738900,35.227366598879804
1779738915,35.184379381920635
1779738930,35.20190048748661
1779738945,35.182116896817526
1779738960,35.17627652829554
1779738975,35.23262819214287
1779738990,35.236311307427
1779739005,35.124449834654435
1779739020,35.293662673994305
1779739035,35.538379376659044
1779739050,35.41441623938145
1779739065,35.447406429140806
1779739080,35.62461689024053
1779739095,35.621775629878485
1779739110,35.61356754438811
1779739125,35.71148579501359
1779739140,36.11931188883306
1779739155,35.54016831836848
1779739170,35.55579525035976
1779739185,35.51927979311416
1779739200,35.48934132744736
1779739215,35.587417425870726
1779739230,35.578998876649834
1779739245,35.57594715255726
1779739260,35.628405237389934
1779739275,35.706066353952636
1779739290,35.84071052555424
1779739305,35.7016992315443
1779739320,35.643032466661225
1779739335,35.78919952750893
1779739350,35.38000541944106
1779739365,35.707855295662085
1779739380,35.58725957807284
1779739395,35.59031130216541
1779739410,35.58126136175295
1779739425,35.78225422440169
1779739440,35.55795250359761
1779739455,35.66718317973866
1779739470,35.67549649709429
1779739485,35.89101135714906
1779739500,35.6541870443789
1779739515,35.41720488381087
1779739530,35.4355152283663
1779739545,35.465822005561506
1779739560,35.59525719983269
1779739575,35.612462609802876
1779739590,35.57594715255726
1779739605,35.72427146664281
1779739620,35.597730148666315
1779739635,35.6252482814321
1779739650,35.587364809938094
1779739665,35.58394477431711
1779739680,35.55658448934922
1779739695,35.592468555403265
1779739710,35.56689721214481
1779739725,35.54821855606096
1779739740,35.51770131513524
1779739755,35.432831815802146
1779739770,35.541483716684255
1779739785,35.57021201590054
1779739800,35.629720635705695
1779739815,34.918405842473156
1779739830,35.91489899056334
1779739845,35.53111837795603
1779739860,35.51754346733734
1779739875,35.52596201655823
1779739890,35.525067545703514
1779739905,35.55600571409029
1779739920,35.662447745801906
1779739935,35.66918258517862
1779739950,35.7006469128917
1779739965,35.53880030412009
1779739980,35.46818972252987
1779739995,35.39252801140713
1779740010,35.52601463249086
1779740025,35.29981873811209
1779740040,35.45913978211742
1779740055,35.579840731571934
1779740070,35.55732111240605
1779740085,35.58468139737394
1779740100,35.45629852175537
1779740115,35.458771470589014
1779740130,35.420414455701334
1779740145,35.467453099473055
1779740160,35.42025660790345
1779740175,35.42856992525907
1779740190,35.580682586494014
1779740205,35.33054644276834
1779740220,35.48849947252527
1779740235,35.50954584557749
1779740250,35.546061302823105
1779740265,35.572842812532066
1779740280,35.38047896283474
1779740295,35.50270577433553
1779740310,35.09666862222549
1779740325,35.36716713187921
1779740340,35.425781280829646
1779740355,35.335860651964026
1779740370,35.38011065130632
1779740385,35.382846679803116
1779740400,35.40936510984891
1779740415,35.49860173159034
1779740430,35.52033211176676
1779740445,35.65555505862731
1779740460,35.69580624708968
1779740475,35.67318139605854
1779740490,35.42351879572654
1779740505,35.48860470439054
1779740520,35.66702533194076
1779740535,35.49107765322417
1779740550,35.35901166232147
1779740565,35.546061302823105
1779740580,35.487447153872665
1779740595,35.48018615516965
1779740610,35.33964899911343
1779740625,35.476345192087614
1779740640,35.31386719212445
1779740655,35.38879228019036
1779740670,35.36290524133613
1779740685,35.456403753620634
1779740700,35.52196320567831
1779740715,35.55674233714711
1779740730,35.35743318434255
1779740745,35.51086124389327
1779740760,35.5556900184945
1779740775,35.58578633195918
1779740790,35.58078781835927
1779740805,35.4778710541339
1779740820,35.60814810332717
1779740835,35.57136956641841
1779740850,35.83723787400063
1779740865,35.98829821658296
1779740880,35.748527411585506
1779740895,35.66218466613875
1779740910,35.61556694982808
1779740925,35.69017634229821
1779740940,35.72632348801541
1779740955,35.614882942703886
1779740970,35.438093409065196
1779740985,35.43367367072423
1779741000,35.39942069858174
1779741015,35.03421351019303
1779741030,35.343121650667044
1779741045,35.42204554961288
1779741060,35.435094300905256
1779741075,35.49570785529566
1779741090,35.58520755670025
1779741105,35.58389215838448
1779741120,35.63687640254345
1779741135,35.65408181251365
1779741150,35.68049501069419
1779741165,35.603096973794635
1779741180,35.60883211045136
1779741195,35.81150868294428
1779741210,35.667709339064956
1779741225,35.55269091033456
1779741240,35.70927592584311
1779741255,35.72037788762815
1779741270,35.73021706703007
1779741285,35.68370458258465
1779741300,35.70212015900535
1779741315,35.60435975617777
1779741330,35.540378782099005
1779741345,35.56089899582493
1779741360,35.939102319573394
1779741375,35.91221557799918
1779741390,35.89253721919534
1779741405,35.91700362786856
1779741420,35.994769976296524
1779741435,35.930368074756714
1779741450,35.93426165377138
1779741465,35.80735202426647
1779741480,35.8464982781436
1779741495,35.9895609989661
1779741510,35.95872806244459
1779741525,35.92784250999045
1779741540,36.56423221515707
1779741555,35.794724200435134
1779741570,35.61272568946603
1779741585,35.68696677040775
1779741600,35.67928484424369
1779741615,35.09851017986757
1779741630,35.553848460852436
1779741645,35.60741148027034
1779741660,35.59825630799263
1779741675,35.64987253790321
1779741690,35.74573876715609
1779741705,35.77857110911755
1779741720,35.84428840897312
1779741735,35.73326879112264
1779741750,35.75394685264644
1779741765,35.77783448606072
1779741780,35.711801490609375
1779741795,35.76389126391363
1779741810,35.6209337749564
1779741825,35.72721795887013
1779741840,35.77052087142507
1779741855,35.71843109812082
1779741870,35.84123668488055
1779741885,36.14867157924091
1779741900,36.15151283960296
1779741915,35.8869599303365
1779741930,35.82797746985765
1779741945,35.79183032414045
1779741960,35.796723605875094
1779741975,35.80545785069177
1779741990,35.83350214278386
1779742005,35.69338591418868
1779742020,35.85118109614772
1779742035,35.807667719862245
1779742050,35.72853335718589
1779742065,35.80061718488976
1779742080,35.828766708847105
1779742095,35.99692722953437
1779742110,35.94331159418383
1779742125,35.88185618487134
1779742140,35.94257497112701
1779742155,35.892431987330085
1779742170,35.63072033842568
1779742185,35.607779791798755
1779742200,35.667077947873395
1779742215,35.238468560664856
1779742230,35.76988948023351
1779742245,35.546745309947305
1779742260,35.51228187407429
1779742275,35.534380565779124
1779742290,35.463454288593134
1779742305,35.35969566944567
1779742320,35.42688621541489
1779742335,35.43488383717474
1779742350,35.500074977704
1779742365,35.47829198159494
1779742380,35.47255684493822
1779742395,35.53585381189278
1779742410,35.545114216035756
1779742425,35.575684072894106
1779742440,35.65266118233262
1779742455,35.47823936566231
1779742470,35.51764869920261
1779742485,35.68765077753194
1779742500,35.632140968606706
1779742515,35.628142157726785
1779742530,35.5322759284739
1779742545,35.48465850944324
1779742560,35.45093169662705
1779742575,36.2285425649741
1779742590,35.855390370758165
1779742605,35.77262550873029
1779742620,35.87769952619353
1779742635,35.894010465309
1779742650,35.784464093572176
1779742665,35.80030148929397
1779742680,35.83534370042592
1779742695,35.742739658996136
1779742710,35.772415044999775
1779742725,35.81029851649377
1779742740,35.85833686298548
1779742755,35.81650719654419
1779742770,35.83255505599651
1779742785,35.736741442676255
1779742800,35.7946715845025
1779742815,36.75222894244607
1779742830,36.86398518335338
1779742845,36.7471251969809
1779742860,36.73896972742317
1779742875,36.82689095084882
1779742890,36.753176029233416
1779742905,37.050192968932926
1779742920,37.068871625016776
1779742935,36.864721806410195
1779742950,36.80926461341759
1779742965,36.17897835643611
1779742980,36.11094595554479
1779742995,36.06948460063192
1779743010,36.10000184155764
1779743025,36.068169202316156
1779743040,36.04743852485971
1779743055,36.04928008250178
1779743070,36.14525154361993
1779743085,36.09500332795774
1779743100,35.76131308321473
1779743115,35.710380860428344
1779743130,35.639770278838135
1779743145,35.657186152538856
1779743160,35.63193050487619
1779743175,35.68801908906036
1779743190,35.66060618815984
1779743205,35.74242396340036
1779743220,35.54253603533686
1779743235,35.40936510984891
1779743250,35.64234845953703
1779743265,35.54790286046517
1779743280,35.470399591700364
1779743295,35.43704109041259
1779743310,35.44088205349462
1779743325,35.361800306750894
1779743340,35.446827653881876
1779743355,35.47381962732135
1779743370,35.59099530928961
1779743385,35.5178065470005
1779743400,35.48660529895058
1779743415,35.61351492845548
1779743430,35.74884310718128
1779743445,35.77594031248602
1779743460,35.83355475871649
1779743475,35.7517895994086
1779743490,35.76994209616614
1779743505,35.705434962761075
1779743520,35.77478276196815
1779743535,35.76783745886092
1779743550,35.75105297635177
1779743565,35.76215493813682
1779743580,35.55395369271769
1779743595,35.600729256826256
1779743610,35.63392991031614
1779743625,35.653818732850496
1779743640,35.745843999021346
1779743655,35.77420398670922
1779743670,35.765469741892545
1779743685,35.71153841094622
1779743700,35.63461391744034
1779743715,35.58620725942022
1779743730,35.633824678450885
1779743745,35.63408775811403
1779743760,35.709381157708364
1779743775,35.69891058711489
1779743790,35.646768197877996
1779743805,35.665815165490265
1779743820,35.65339780538945
1779743835,35.674075866913256
1779743850,35.65929078984408
1779743865,35.68965018297191
1779743880,35.736478363013106
1779743895,35.78041266675962
1779743910,35.791146317016256
1779743925,35.73137461754794
1779743940,35.768731929715635
1779743955,35.76710083580409
1779743970,35.66739364346918
1779743985,35.72937521210798
1779744000,35.72611302428489
1779744015,35.85938918163809
1779744030,35.825136209495604
1779744045,35.84986569783196
1779744060,35.83492277296488
1779744075,35.81745428333154
1779744090,35.845288111693094
1779744105,35.933525030714556
1779744120,35.95346646918153
1779744135,35.85444328397082
1779744150,35.81192961040532
1779744165,35.90958478136764
1779744180,35.66734102753655
1779744195,35.572106189475235
1779744210,35.5672129077406
1779744225,35.79288264279307
1779744240,35.60620131381984
1779744255,35.671076758753316
1779744270,35.63324590319195
1779744285,35.75573579435589
1779744300,35.65360826911997
1779744315,35.556479257483964
1779744330,35.55900482225023
1779744345,35.62056546342798
1779744360,35.62193347767637
1779744375,35.60662224128088
1779744390,35.58804881706229
1779744405,35.5916793164138
1779744420,35.536853514612766
1779744435,35.518701017855214
1779744450,35.50133776008714
1779744465,35.594731040506375
1779744480,35.54443020891156
1779744495,35.55626879375343
1779744510,35.58878544011912
1779744525,35.6176715871333
1779744540,35.6075167121356
1779744555,35.52301552433092
1779744570,35.60367574905358
1779744585,35.64639988634959
1779744600,35.601571111748356
1779744615,35.79093585328573
1779744630,35.65271379826525
1779744645,35.604622835840914
1779744660,35.62593228855629
1779744675,35.68407289411306
1779744690,35.68023193103104
1779744705,35.61372539218601
1779744720,35.67097152688806
1779744735,35.64392693751594
1779744750,35.73000660329954
1779744765,35.6879138571951
1779744780,35.70264631833165
1779744795,35.70690820887473
1779744810,35.73921439150989
1779744825,35.65050392909477
1779744840,35.678022061860545
1779744855,35.70727652040314
1779744870,35.723376995788094
1779744885,35.701383535948516
1779744900,35.7016992315443
1779744915,35.63392991031614
1779744930,35.553164453728236
1779744945,35.637770873398175
1779744960,35.57031724776579
1779744975,35.565160886368
1779744990,35.577052087142505
1779745005,35.510072004903805
1779745020,35.516070221223686
1779745035,35.55995190903758
1779745050,35.586417723150745
1779745065,35.58699649840968
1779745080,35.6156195657607
1779745095,35.61551433389545
1779745110,35.550849352692495
1779745125,35.56542396603115
1779745140,35.57058032742895
1779745155,35.56952800877634
1779745170,35.491761660348374
1779745185,35.51254495373745
1779745200,35.4248341940423
1779745215,35.19858568373089
1779745230,35.48860470439054
1779745245,35.672023845540664
1779745260,35.54516683196839
1779745275,35.72763888633117
1779745290,35.451405240020726
1779745305,35.60804287146191
1779745320,35.728375509388
1779745335,35.60972658130609
1779745350,35.54637699841889
1779745365,35.63429822184455
1779745380,35.62651106381524
1779745395,35.73379495044895
1779745410,35.6908603494224
1779745425,35.610726284026065
1779745440,35.649346378576894
1779745455,35.68286272766257
1779745470,35.54322004246105
1779745485,35.62466950617317
1779745500,35.75184221534122
1779745515,35.6013080320852
1779745530,35.60020309749995
1779745545,35.64292723479598
1779745560,35.679074380513164
1779745575,35.6345613015077
1779745590,35.387371650009335
1779745605,35.606043466021944
1779745620,35.65655476134728
1779745635,35.72611302428489
1779745650,36.002820213989
1779745665,35.70454049190636
1779745680,35.71595814928719
1779745695,35.68996587856768
1779745710,35.70275155019692
1779745725,35.61946052884274
1779745740,35.398420995861756
1779745755,35.645189719899086
1779745770,35.68891355991508
1779745785,35.54048401396427
1779745800,35.72232467713549
1779745815,35.445354407768214
1779745830,35.604675451773545
1779745845,35.71627384488297
1779745860,35.80587877815281
1779745875,35.86365107218117
1779745890,35.747054165471845
1779745905,35.6934385301213
1779745920,35.60509637923459
1779745935,35.605727770426164
1779745950,35.61777681899856
1779745965,35.61046320436291
1779745980,35.6784429893216
1779745995,35.65781754373042
1779746010,35.4551409712375
1779746025,35.54763978080202
1779746040,35.53085529829288
1779746055,35.4546148119112
1779746070,35.49339275425992
1779746085,35.545482527564175
1779746100,35.51149263508483
1779746115,35.4892360955821
1779746130,35.581471825483476
1779746145,35.57584192069201
1779746160,35.58057735462875
1779746175,35.563792872119606
1779746190,35.63892842391605
1779746205,35.68644061108144
1779746220,35.617145427806996
1779746235,35.59573074322636
1779746250,35.59809846019473
1779746265,28.797804863290654
1779746280,28.75539642159042
1779746295,28.587288516835784
1779746310,28.63532686332748
1779746325,28.53577751879046
1779746340,28.829006111340572
1779746355,28.760763246718735
1779746370,28.704201119140883
1779746385,28.628065864624464
1779746400,28.681418420311854
1779746415,28.671474009044683
1779746430,28.72251146369632
1779746445,28.713935066677543
1779746460,28.703517112016684
1779746475,28.77449600513532
1779746490,28.705358669658764
1779746505,28.787544756427696
1779746520,28.87330872661551
1779746535,28.83347846561417
1779746550,28.873677038143917
1779746565,27.618313501511395
1779746580,27.504189543635704
1779746595,27.405061126559737
1779746610,27.23500643229776
1779746625,27.22643003527898
1779746640,27.347394064396635
1779746655,27.30314406505434
1779746670,27.33402961750848
1779746685,27.39090744068211
1779746700,27.317876526190897
1779746715,27.29840863111759
1779746730,27.358601258046946
1779746745,27.28215030793475
1779746760,27.351708570872347
1779746775,27.34507896336089
1779746790,27.324506133702343
1779746805,27.321717489272924
1779746820,27.33381915377796
1779746835,27.35739109159645
1779746850,27.27915119977481
1779746865,27.309721056633162
1779746880,27.28109798928213
1779746895,27.29230518293244
1779746910,27.327768321525436
1779746925,27.358443410249055
1779746940,27.271521889543372
1779746955,27.297935087723914
1779746970,27.363968083175273
1779746985,27.396800425136735
1779747000,27.305459166090085
1779747015,27.349919629162912
1779747030,27.43468389663074
1779747045,27.440945192613775
1779747060,27.51287117251975
1779747075,27.548807854506418
1779747090,27.566539423802926
1779747105,27.71702099112632
1779747120,27.629415463296436
1779747135,27.53049750995099
1779747150,27.623259399178668
1779747165,27.621575689334488
1779747180,27.59374186097292
1779747195,27.66377366730419
1779747210,27.651251075338124
1779747225,27.564013859036653
1779747240,27.542757022253905
1779747255,27.590795368745614
1779747270,27.53812682018242
1779747285,27.545966594144378
1779747300,27.53702188559718
1779747315,27.5568580921989
1779747330,27.513397331846058
1779747345,27.367966894055186
1779747360,27.42516041282461
1779747375,27.4700944192911
1779747390,27.322085800801343
1779747405,27.290674089020893
1779747420,27.457466595459767
1779747435,27.449784669295706
1779747450,27.429317071502425
1779747465,27.318613149247728
1779747480,27.318402685517206
1779747495,27.381226109078092
1779747510,27.42942230336768
1779747525,27.408533778113352
1779747540,27.48687890180025
1779747555,27.51907985257016
1779747570,27.59563603454762
1779747585,27.58869073144039
1779747600,27.57222194452702
1779747615,27.547018912796982
1779747630,27.73164822039762
1779747645,27.74385511676791
1779747660,27.708602441905438
1779747675,27.724071526098815
1779747690,27.666194000205202
1779747705,27.53512771202248
1779747720,27.650093524820253
1779747735,27.654828958757005
1779747750,27.611262966538895
1779747765,27.523973134304804
1779747780,27.569170220434447
1779747795,27.531497212670963
1779747810,27.56475048209348
1779747825,27.323822126578147
1779747840,27.270837882419173
1779747855,27.24431945237338
1779747870,27.223904470512718
1779747885,27.31229923733206
1779747900,27.254526943303702
1779747915,27.21759055859705
1779747930,27.297935087723914
1779747945,27.248844422579598
1779747960,27.272626824128608
1779747975,27.227219274268442
1779747990,27.28593865508414
1779748005,27.337975812455774
1779748020,27.340080449760997
1779748035,27.41711017513213
1779748050,27.30182866673857
1779748065,27.256631580608925
1779748080,27.27352129498334
1779748095,27.33287206699061
1779748110,27.279519511303217
1779748125,27.2741526861749
1779748140,27.24547700289125
1779748155,27.21874810911492
1779748170,27.24852872698382
1779748185,27.295199059227127
1779748200,27.24963366156906
1779748215,27.284254945239972
1779748230,27.274205302107536
1779748245,27.232112556003084
1779748260,27.305248702359563
1779748275,27.337133957533677
1779748290,27.342132471133585
1779748305,27.342448166729373
1779748320,27.347551912194533
1779748335,27.337765348725252
1779748350,27.500295964621046
1779748365,27.42663365893826
1779748380,27.5219211129322
1779748395,27.525656844148973
1779748410,27.51581766474707
1779748425,27.52223680852799
1779748440,27.4752507806889
1779748455,27.53123413300782
1779748470,27.588217188046716
1779748485,27.565644952948197
1779748500,27.59600434607603
1779748515,27.640096497620448
1779748530,27.569064988569192
1779748545,27.587796260585673
1779748560,27.53481201642669
1779748575,27.486405358406575
1779748590,27.580850957478432
1779748605,27.504031695837817
1779748620,27.50592586941252
1779748635,27.56790743805132
1779748650,27.577273074059562
1779748665,27.564329554632437
1779748680,27.539757914093965
1779748695,27.55364852030844
1779748710,27.460360471754452
1779748725,27.44083996074851
1779748740,27.45957123276499
1779748755,27.455782885615598
1779748770,27.408744241843873
1779748785,27.41369013951115
1779748800,27.242372662866043
1779748815,27.33887028331049
1779748830,27.242898822192352
1779748845,27.31172046207312
1779748860,27.407323611662846
1779748875,27.40385096010923
1779748890,27.45241546592724
1779748905,27.55948888883043
1779748920,27.589532586362473
1779748935,27.51481796202708
1779748950,27.459623848697625
1779748965,27.479512671231976
1779748980,27.573958270303834
1779748995,27.642411598656192
1779749010,27.63509798402054
1779749025,27.578641088307954
1779749040,27.70902336936648
1779749055,27.672086984659828
1779749070,27.75074780394251
1779749085,27.727596793585064
1779749100,27.78179120419454
1779749115,27.790157137482797
1779749130,27.760166055883385
1779749145,27.74453912389211
1779749160,27.647147032592944
1779749175,27.66598353647468
1779749190,27.6429377579825
1779749205,27.678190432844975
1779749220,27.63736046912365
1779749235,27.58400791343627
1779749250,27.659564392693746
1779749265,27.617050719128255
1779749280,27.50597848534515
1779749295,27.551280803340063
1779749310,27.60536998208427
1779749325,27.58348175410996
1779749340,27.48498472822556
1779749355,27.558699649840968
1779749370,27.484511184831884
1779749385,27.580850957478432
1779749400,27.5992139179665
1779749415,27.577957081183758
1779749430,27.717494534519993
1779749445,27.65061968414656
1779749460,27.699920813021393
1779749475,27.7402246174164
1779749490,27.766953511192728
1779749505,27.82430487776003
1779749520,27.78536908761342
1779749535,27.826830442526308
1779749550,27.846614033195394
1779749565,27.595372954884468
1779749580,27.535811719146675
1779749595,27.57874632017321
1779749610,27.516396440005998
1779749625,27.63357212197426
1779749640,27.47309352745104
1779749655,27.4404716492201
1779749670,27.510766535214525
1779749685,27.413269212050096
1779749700,27.47861820037726
1779749715,27.373544182914035
1779749730,27.373912494442443
1779749745,27.292515646662963
1779749760,27.244214220508113
1779749775,27.34018568162625
1779749790,27.349919629162912
1779749805,27.38527753589064
1779749820,27.471515049472128
1779749835,27.55107033960954
1779749850,27.56490832989138
1779749865,27.74959025342464
1779749880,27.74043508114692
1779749895,27.66598353647468
1779749910,27.676348875202905
1779749925,27.709496912760155
1779749940,27.62047075474925
1779749955,27.6429377579825
1779749970,27.68360987390591
1779749985,27.661353334403195
1779750000,27.667562014453594
1779750015,27.712232941256943
1779750030,27.770899706140018
1779750045,27.774845901087307
1779750060,27.925537932141232
1779750075,28.0349790720128
1779750090,27.95021480454496
1779750105,28.016879191187883
1779750120,28.09243567044537
1779750135,28.013880083027942
1779750150,28.086174374462335
1779750165,28.125688939867878
1779750180,28.085595599203394
1779750195,28.09696064065159
1779750210,27.436314990542286
1779750225,27.353181816986005
1779750240,27.36112682281322
1779750255,27.39332777358312
1779750270,27.50371600024203
1779750285,27.451468379139886
1779750300,27.51045083961875
1779750315,27.495402682886404
1779750330,27.405639901818667
1779750345,27.492350958793832
1779750360,27.448258807249427
1779750375,27.580377414084754
1779750390,27.62967854295959
1779750405,27.667877710049382
1779750420,27.759271585028667
1779750435,27.79263008631644
1779750450,27.793577173103788
1779750465,27.74474958762263
1779750480,27.8022061860552
1779750495,27.80483698268673
1779750510,27.78989405781965
1779750525,27.73217437972393
1779750540,27.79436641209324
1779750555,27.70155190693294
1779750570,27.714495426360052
1779750585,27.580850957478432
1779750600,27.612104821460992
1779750615,27.70376177610342
1779750630,27.615103929620933
1779750645,27.630152086353267
1779750660,27.669666651758817
1779750675,27.718599469105243
1779750690,27.66577307274416
1779750705,27.68445172882801
1779750720,27.655828661476978
1779750735,27.692028423126803
1779750750,27.751905354460384
1779750765,27.698815878436143
1779750780,27.657512371321157
1779750795,27.730385438014483
1779750810,27.686030206806922
1779750825,27.673612846706106
1779750840,27.722650895917788
1779750855,27.723913678300928
1779750870,27.778529016371444
1779750885,27.837195781254522
1779750900,27.886339062331466
1779750915,27.776161299403068
1779750930,27.835038528016664
1779750945,27.674296853830306
1779750960,27.700710052010848
1779750975,27.64504239528772
1779750990,27.737278125189093
1779751005,27.650198756685505
1779751020,27.716652679597907
1779751035,27.659511776761125
1779751050,27.66166902999897
1779751065,27.60252872172222
1779751080,27.54433550023283
1779751095,27.49924364596844
1779751110,27.50561017381673
1779751125,27.51366041150921
1779751140,27.64272729425197
1779751155,27.596267425739185
1779751170,27.57295856758385
1779751185,27.599266533899126
1779751200,27.65777545098431
1779751215,27.69986819708876
1779751230,27.822621167915862
1779751245,27.86150434212984
1779751260,27.86818656557393
1779751275,27.803837279966746
1779751290,27.707813202915975
1779751305,27.707023963926513
1779751320,27.736488886199627
1779751335,27.747696079849938
1779751350,27.627942217182788
1779751365,27.648672894639226
1779751380,27.552911897251608
1779751395,27.669824499556704
1779751410,27.668930028701986
1779751425,27.65903823336745
1779751440,27.655618197746456
1779751455,27.626048043608087
1779751470,27.676033179607117
1779751485,27.73443686482704
1779751500,27.743644653037393
1779751515,27.724281989829336
1779751530,27.774004046165224
1779751545,27.751905354460384
1779751560,27.672192216525083
1779751575,27.686293286470075
1779751590,27.67140297753563
1779751605,27.60105547560857
1779751620,27.553490672510538
1779751635,27.64383222883722
1779751650,27.561067366809343
1779751665,27.567381278725012
1779751680,27.559278425099908
1779751695,27.62931023143118
1779751710,27.606895844130563
1779751725,27.52418359803532
1779751740,27.59147937586981
1779751755,27.58621778260675
1779751770,27.573747806573312
1779751785,27.592163382994006
1779751800,27.57879893610584
1779751815,27.628994535835393
1779751830,27.61747164658931
1779751845,27.58758579685514
1779751860,27.574537045562764
1779751875,27.55670024440101
1779751890,27.564066474969284
1779751905,27.578641088307954
1779751920,27.63972818609203
1779751935,27.588795963305646
1779751950,27.656144357072765
1779751965,27.72470291729039
1779751980,27.681768316263845
1779751995,27.75732479552133
1779752010,27.729543583092397
1779752025,27.638570635574155
1779752040,27.663878899169458
1779752055,27.650672300079183
1779752070,27.738909219100638
1779752085,27.744433892026844
1779752100,27.740961240473226
1779752115,27.78347491403872
1779752130,27.787473724918645
1779752145,27.84340446130493
1779752160,27.742276638788987
1779752175,27.684241265097487
1779752190,27.66035363168321
1779752205,27.666088768339936
1779752220,27.750853035807776
1779752235,27.672192216525083
1779752250,27.74738038425416
1779752265,27.72533430848195
1779752280,27.606317068871622
1779752295,27.628257912778565
1779752310,27.66130071847056
1779752325,27.654671110959107
1779752340,27.58926950669932
1779752355,27.64819935124555
1779752370,27.668666949038833
1779752385,27.765006721685392
1779752400,27.59200553519612
1779752415,27.62294370358288
1779752430,27.642622062386714
1779752445,27.65824899437799
1779752460,27.54622967380752
1779752475,27.55801564271677
1779752490,27.69087087260893
1779752505,27.65046183634866
1779752520,27.752536745651945
1779752535,27.73443686482704
1779752550,27.772741263782088
1779752565,27.823199943174792
1779752580,27.805994533204604
1779752595,27.73412116923125
1779752610,27.80999334408453
1779752625,27.785000776085013
1779752640,27.709339064962258
1779752655,27.62778436938489
1779752670,27.684346496962743
1779752685,27.729070039698723
1779752700,27.757745722982374
1779752715,27.746012370005758
1779752730,27.762428540986495
1779752745,27.833617897835637
1779752760,27.696500777400402
1779752775,27.884023961295725
1779752790,27.897125328520733
1779752805,27.90044013227645
1779752820,27.955897325269063
1779752835,27.954739774751193
1779752850,27.91932925209083
1779752865,27.951688050658618
1779752880,28.00561938160494
1779752895,27.9838363854959
1779752910,27.931220452865336
1779752925,27.994517419819896
1779752940,28.01829982136891
1779752955,27.970682402338255
1779752970,27.95994875208162
1779752985,27.93879714716413
1779753000,27.746538529332064
1779753015,27.795734426341646
1779753030,27.753325984641407
1779753045,27.872869383578035
1779753060,27.85718983565414
1779753075,27.88228763551891
1779753090,27.884129193160977
1779753105,27.816254640067562
1779753120,27.80052247621102
1779753135,27.737330741121724
1779753150,27.775161596683095
1779753165,27.629731158892223
1779753180,27.752378897854058
1779753195,27.786947565592335
1779753210,27.854611654955242
1779753225,27.83588038293876
1779753240,27.97289227150873
1779753255,27.963316171769968
1779753270,27.87013335508125
1779753285,27.88344518603678
1779753300,27.78968359408912
1779753315,27.828935079831517
1779753330,27.857347683452026
1779753345,27.872448456116995
1779753360,27.848666054567982
1779753375,27.767111358990615
1779753390,27.738856603168006
1779753405,27.737593820784866
1779753420,27.750011180885682
1779753435,27.746328065601546
1779753450,27.727859873248217
1779753465,27.745380978814193
1779753480,27.784211537095548
1779753495,27.6794532152281
1779753510,27.702498993720294
1779753525,27.794945187352184
1779753540,27.789525746291233
1779753555,27.777792393314616
1779753570,27.78442200082607
1779753585,27.813676459368665
1779753600,27.82409441402951
1779753615,27.745591442544715
1779753630,27.743697268970013
1779753645,27.808151786442448
1779753660,27.75311552091089
1779753675,27.81699126312439
1779753690,27.803626816236225
1779753705,27.888496315569324
1779753720,27.80331112064044
1779753735,27.745012667285785
1779753750,27.94032300921042
1779753765,27.8944945318892
1779753780,27.895862546137597
1779753795,27.849928836951122
1779753810,27.90133460313118
1779753825,27.910384543543632
1779753840,27.956633948325894
1779753855,27.880867005337883
1779753870,27.882708562979953
1779753885,27.974102437959235
1779753900,27.969998395214056
1779753915,27.899966588882773
1779753930,27.8495605254227
1779753945,27.937323901050483
1779753960,27.888759395232466
1779753975,27.73859352350485
1779753990,27.802890193179397
1779754005,27.781475508598763
1779754020,27.753273368708776
1779754035,27.74080339267534
1779754050,27.748380086974134
1779754065,27.847140192521703
1779754080,27.86718686285394
1779754095,27.756272476868716
1779754110,27.79431379616062
1779754125,27.7894731303586
1779754140,27.799101846029995
1779754155,27.76179714979493
1779754170,27.78100196520509
1779754185,27.93206230778742
1779754200,27.836511774130322
1779754215,27.841720751460752
1779754230,27.878814983965295
1779754245,27.959738288351097
1779754260,28.025402972274037
1779754275,28.0089868012933
1779754290,28.056025445065025
1779754305,28.080912781199274
1779754320,28.112745420440767
1779754335,28.097644647775788
1779754350,28.04245053444634
1779754365,28.10606319699668
1779754380,28.13810629996869
1779754395,28.141210639993897
1779754410,28.09154119959065
1779754425,28.160099759808265
1779754440,28.13979000981287
1779754455,27.915067361547752
1779754470,27.929957670482196
1779754485,27.882550715182063
1779754500,27.939270690557805
1779754515,27.95879120156375
1779754530,27.94574245027137
1779754545,27.95316129677228
1779754560,28.075914267599366
1779754575,27.918066469707693
1779754590,27.911542094061502
1779754605,27.93337770610318
1779754620,27.873816470365387
1779754635,27.872658919847517
1779754650,27.85908400922883
1779754665,27.893231749506064
1779754680,27.859294472959363
1779754695,27.86376682723295
1779754710,27.836880085658734
1779754725,27.829619086955727
1779754740,27.912857492377263
1779754755,27.946373841462936
1779754770,27.85387503189841
1779754785,27.887391380984074
1779754800,27.781317660800863
1779754815,28.00877633756278
1779754830,27.96231646905
1779754845,28.018615516964694
1779754860,28.03234827538127
1779754875,27.969367004022484
1779754890,27.95226682591756
1779754905,27.988677051297906
1779754920,28.023508798699336
1779754935,28.02171985698989
1779754950,28.050816467734595
1779754965,28.15005011667583
1779754980,28.170359866671223
1779754995,28.21482032974405
1779755010,28.133265634166683
1779755025,28.165150889340808
1779755040,28.067653566176375
1779755055,28.100748987800994
1779755070,28.07880814389405
1779755085,28.10416902342199
1779755100,28.069074196357402
1779755115,28.05970856034916
1779755130,28.07223115231523
1779755145,28.041766527322142
1779755160,27.888496315569324
1779755175,27.991991855053634
1779755190,27.97289227150873
1779755205,27.95679179612378
1779755220,28.02766545737715
1779755235,28.04281884597475
1779755250,28.00598769313336
1779755265,28.02940178315396
1779755280,28.05371034402927
1779755295,28.09501385114427
1779755310,27.84671926506065
1779755325,27.89538900274392
1779755340,27.81136135833292
1779755355,27.831671108328315
1779755370,27.90270261737957
1779755385,27.869238884226533
1779755400,27.87429001375906
1779755415,27.777792393314616
1779755430,27.95979090428372
1779755445,27.958317658170074
1779755460,27.971419025395083
1779755475,28.04429209208841
1779755490,28.06060303120388
1779755505,28.105431805805114
1779755520,28.091646431455906
1779755535,28.08759500464335
1779755550,28.20114018726011
1779755565,28.18472401627937
1779755580,28.151681210587377
1779755595,28.231762660051086
1779755610,28.212136917179887
1779755625,28.263174371831536
1779755640,28.242443694375098
1779755655,28.224869972876487
1779755670,28.258859865355824
1779755685,28.1878809722372
1779755700,28.231183884792156
1779755715,28.244285252017164
1779755730,28.236235014324684
1779755745,28.285062599805844
1779755760,28.29148174358678
1779755775,28.31489583360738
1779755790,28.04623888159573
1779755805,28.063917834959607
1779755820,28.070652674336316
1779755835,28.033242746235988
1779755850,28.046554577191518
1779755865,28.033926753360184
1779755880,27.990518608939972
1779755895,27.961053686666858
1779755910,28.001673186657648
1779755925,27.973207967104518
1779755940,28.066916943119548
1779755955,28.01593210440053
1779755970,28.053920807759802
1779755985,27.988519203500005
1779756000,28.01582687253528
1779756015,28.09338275723272
1779756030,28.087858084306504
1779756045,28.193405645163416
1779756060,28.247705287638148
1779756075,28.263016524033645
1779756090,28.343676748756288
1779756105,28.247073896446583
1779756120,28.23670855771836
1779756120,28.23670855771836
1779756135,28.241128296059326
1779756150,28.169675859547027
1779756165,28.206717476118946
1779756180,28.216398807722964
1779756195,28.18746004477616
1779756210,28.164782577812385
1779756225,28.27117199359138
1779756240,28.297585191771923
1779756255,28.250441316134946
1779756270,28.222975799301786
1779756285,28.289587570012074
1779756300,28.183092922367827
1779756315,28.32520855640297
1779756330,28.36188186144647
1779756345,28.33930962634795
1779756360,28.334732040209097
1779756375,28.290271577136274
1779756390,28.28706200524581
1779756405,28.206927939849468
1779756420,28.227869081036427
1779756435,28.220765930131307
1779756450,28.27411848581869
1779756465,28.2979008873677
1779756480,28.28737770084159
1779756495,28.25780754670322
1779756510,28.242548926240353
1779756525,28.27801206483336
1779756540,28.184408320683584
1779756555,28.212873540236714
1779756570,28.245074491006616
1779756585,28.21124244632517
1779756600,28.33683667751432
1779756615,28.347359864040435
1779756630,28.525412180062247
1779756645,28.453907127617317
1779756660,28.446751360779555
1779756675,28.53982894560302
1779756690,28.465324784998145
1779756705,28.51941396374236
1779756720,28.45790593849724
1779756735,28.486634237713528
1779756750,28.47395379794956
1779756765,28.353042384764528
1779756780,28.3213149773883
1779756795,28.308160994230658
1779756810,28.289377106281556
1779756825,28.31526414513579
1779756840,28.345149994869946
1779756855,28.33399541715227
1779756870,28.32241991197354
1779756885,28.116218071994382
1779756900,28.107852138706125
1779756915,28.131845003985656
1779756930,28.12895112769097
1779756945,28.13679090165293
1779756960,28.222397024042856
1779756975,28.186092030527764
1779756990,28.18861759529403
1779757005,28.183619081694122
1779757020,28.118743636760644
1779757035,28.112534956710245
1779757050,28.119690723547997
1779757065,28.114481746217567
1779757080,28.130161294141477
1779757095,28.12458400528264
1779757110,28.13679090165293
1779757125,28.161204694393504
1779757140,28.115691912668073
1779757155,28.17251711990908
1779757170,28.19798323130227
1779757185,28.05071123586933
1779757200,28.143052197635964
1779757215,29.43445764812043
1779757230,29.482548610544757
1779757245,29.501700810022278
1779757260,29.51122429382842
1779757275,29.551633330088688
1779757290,29.502174353415956
1779757305,29.495439514039244
1779757320,29.51364462672942
1779757335,29.520274234240873
1779757350,29.050308723984706
1779757365,29.047993622948965
1779757380,29.057201411159316
1779757395,29.09734736775643
1779757410,29.107449626821502
1779757425,29.164537913725653
1779757440,29.183637497270553
1779757455,29.151068234972232
1779757470,28.482477579035702
1779757485,28.51704624677398
1779757500,28.353200232562425
1779757515,28.363302491627486
1779757530,28.3555679495308
1779757545,28.526990658041164
1779757560,28.479004927482087
1779757575,28.47811045662737
1779757590,28.286588461852137
1779757605,28.381823299913446
1779757620,28.333100946297552
1779757635,28.37277335950099
1779757650,28.373246902894667
1779757665,28.35551533359817
1779757680,28.40697371571086
1779757695,28.423337270758964
1779757710,28.333574489691227
1779757725,28.461378590050856
1779757740,28.519624427472877
1779757755,28.600600347791318
1779757770,28.49552633032809
1779757785,28.589551001938894
1779757800,28.593812892481974
1779757815,28.566136911918292
1779757830,28.563506115286774
1779757845,28.615595888591027
1779757860,28.58381586528217
1779757875,28.64295617355892
1779757890,28.594444283673536
1779757905,28.54282805376296
1779757920,28.494316163877585
1779757935,28.557455283034262
1779757950,28.432334595238785
1779757965,28.454748982539403
1779757980,28.549141965678626
1779757995,28.63922044234215
1779758010,28.67810361655613
1779758025,28.705832213052428
1779758040,28.70735807509872
1779758055,28.633906233146455
1779758070,28.7223009999658
1779758085,28.620015626931995
1779758100,28.679366398939266
1779758115,28.68694309323806
1779758130,28.689047730543283
1779758145,28.60607240478489
1779758160,28.633537921618046
1779758175,28.672999871090965
1779758190,28.598916637947134
1779758205,28.7520816178347
1779758220,28.769339643737524
1779758235,28.755501653455685
1779758250,28.736822997371835
1779758265,28.643008789491542
1779758280,28.635011167731705
1779758295,28.638536435217954
1779758310,28.48742347670298
1779758325,28.318736796689404
1779758340,28.367459150305308
1779758355,28.368669316755803
1779758370,28.36282894823381
1779758385,28.45432805507836
1779758400,28.36935332388001
1779758415,28.441279303785983
1779758430,28.349674965076176
1779758445,28.39260956610271
1779758460,28.455064678135187
1779758475,28.433702609487177
1779758490,28.467902965697046
1779758505,28.465482632796036
1779758520,28.491790599111322
1779758535,28.432913370497726
1779758550,28.514625913872983
1779758565,28.349411885413023
1779758580,28.373089055096777
1779758595,28.459221336813002
1779758610,28.416812895112763
1779758625,28.43859589122182
1779758640,28.377193097841957
1779758655,28.450381860131067
1779758670,28.400501955997292
1779758685,28.34151949551844
1779758700,28.310476095266413
1779758715,28.28574660693004
1779758730,28.289429722214187
1779758745,28.356357188520253
1779758760,28.34015148127005
1779758775,28.34451860367838
1779758790,28.356409804452888
1779758805,28.250020388673892
1779758820,28.242969853701393
1779758835,28.18204060371521
1779758850,28.2004561801359
1779758865,28.138369379631843
1779758880,28.163414563563993
1779758895,28.105642269535636
1779758910,28.150365812271616
1779758925,28.02771807330978
1779758940,28.09143596772539
1779758955,28.131845003985656
1779758970,28.15941575268407
1779758985,28.126636026655227
1779759000,28.155206478073623
1779759015,28.287535548639486
1779759030,28.37177365678101
1779759045,28.29095558426047
1779759060,28.418917532417986
1779759075,28.356567652250774
1779759090,28.407605106902423
1779759105,28.352095297977176
1779759120,28.341361647720543
1779759135,28.34841218269304
1779759150,28.33867823515639
1779759165,28.369669019475786
1779759180,28.275749579730235
1779759195,28.225974907461726
1779759210,28.21482032974405
1779759225,28.189827761744535
1779759240,28.217345894510316
1779759255,28.08454328055079
1779759270,28.2264484508554
1779759285,28.167729070039695
1779759300,28.135422887404538
1779759315,28.163309331698727
1779759330,28.146367001391692
1779759345,28.2183455972303
1779759360,28.171306953458576
1779759375,28.15194429025053
1779759390,28.196404753323357
1779759405,28.191827167184492
1779759420,28.049711533149356
1779759435,28.106799820053507
1779759450,28.3276815052366
1779759465,28.243548628960337
1779759480,28.40718417944138
1779759495,28.346412777253082
1779759510,28.35404208748451
1779759525,28.30652990031911
1779759540,28.2245542772807
1779759555,28.270645834265075
1779759570,28.183513849828866
1779759585,28.174358677551147
1779759600,28.245337570669772
1779759615,28.49158013538079
1779759630,28.118322709299605
1779759645,29.090244216851303
1779759660,28.764341130137616
1779759675,28.790754328318158
1779759690,28.393504036957427
1779759705,28.579659206604347
1779759720,28.988116691615385
1779759735,29.12349748627382
1779759750,29.121340233035966
1779759765,28.966438927371595
1779759780,28.64595528171886
1779759795,28.62311996695719
1779759810,28.736454685843416
1779759825,28.685996006450708
1779759840,28.612754628228977
1779759855,28.55613988471849
1779759870,28.61712175063731
1779759885,28.750608371721043
1779759900,28.73803316382234
1779759915,28.788702306945567
1779759930,28.569293867876134
1779759945,28.621331025247756
1779759960,28.56960956347191
1779759975,28.56345349935414
1779759990,28.5003669961301
1779760005,28.596812000641915
1779760020,28.618016221492027
1779760035,28.832426146961566
1779760050,28.196720448919134
1779760065,28.390031385403812
1779760080,28.410288519466576
1779760095,28.56345349935414
1779760110,28.787702604225586
1779760125,28.667422582232128
1779760140,28.61186015737426
1779760155,28.470007603002266
1779760170,28.502471633435324
1779760185,28.463272763625557
1779760200,28.51778286983081
1779760215,28.217714206038735
1779760230,28.421443097184262
1779760245,28.42454743720946
1779760260,28.57166158484451
1779760275,28.688153259688566
1779760290,28.670737385987856
1779760305,28.694835483132653
1779760320,28.691310215646403
1779760335,28.287167237111067
1779760350,28.69367793261478
1779760365,28.719722819266902
1779760380,28.63395884907909
1779760395,28.634853319933807
1779760410,28.651322106847175
1779760425,28.837687740224617
1779760440,28.965123529055838
1779760455,28.84731645589601
1779760470,28.775390475990037
1779760485,28.78612412624667
1779760500,28.627224009702378
1779760515,28.579764438469613
1779760530,28.65832002588704
1779760545,28.676314674846694
1779760560,28.61954208353832
1779760575,29.1188146682697
1779760590,28.823849749942777
1779760605,28.749766516798946
1779760620,28.606756411909096
1779760635,28.662003141171176
1779760650,28.75860599348089
1779760665,28.83453078426679
1779760680,28.772654447493238
1779760695,28.756448740243034
1779760710,28.746556944908484
1779760725,28.682365507099206
1779760740,28.605441013593325
1779760755,28.61249154856582
1779760770,28.63885213081373
1779760785,28.59039285686099
1779760800,28.5826583147643
1779760815,28.064023066824863
1779760830,28.465535248728667
1779760845,28.59223441450306
1779760860,28.56497936140042
1779760875,28.59675938470928
1779760890,28.706884531705047
1779760905,28.72066990605425
1779760920,28.716039703982766
1779760935,28.750555755788408
1779760950,28.72061729012162
1779760965,28.82505991639328
1779760980,28.60533578172807
1779760995,28.7670771586344
1779761010,28.924661876862935
1779761025,28.842738869757156
1779761040,28.799962116528512
1779761055,28.898511758345546
1779761070,28.661582213710133
1779761085,29.104292670863664
1779761100,28.933080426083823
1779761115,28.89987977259394
1779761130,28.99269427775425
1779761145,29.178849447401166
1779761160,29.14017673691771
1779761175,29.30486460605136
1779761190,29.415200216777638
1779761205,29.32954147845509
1779761220,29.097452599621686
1779761235,28.911770973368444
1779761250,29.01642406337063
1779761265,28.799330725336937
1779761280,28.905825372981198
1779761295,28.922294159894555
1779761310,29.111448437701416
1779761325,29.1706413619108
1779761340,29.006111340575035
1779761355,28.85068387558437
1779761370,29.007426738890807
1779761385,29.051203194839424
1779761400,29.075143444186335
1779761415,29.089770673457625
1779761430,29.19800164687869
1779761445,29.260825070439576
1779761460,29.344168707726382
1779761475,29.211892253093165
1779761490,29.15159439429854
1779761505,29.144386011528155
1779761520,29.24946002899138
1779761535,29.228571503737044
1779761550,29.309389576257583
1779761565,29.343011157208508
1779761580,29.66749361374118
1779761595,29.497070607950793
1779761610,29.477707944742747
1779761625,29.433721025063598
1779761640,29.50127988256124
1779761655,29.52264195120925
1779761670,29.43508903931199
1779761685,29.243935356065165
1779761700,29.239989161117876
1779761715,29.296551288695728
1779761730,29.236569125496892
1779761745,29.18884647460097
1779761760,29.34337946873693
1779761775,29.402677624811567
1779761790,29.363847066530212
1779761805,29.395311394243294
1779761820,29.137756404016702
1779761835,29.10218803355844
1779761850,29.31849213260267
1779761865,29.251143738835562
1779761880,29.295393738177854
1779761895,29.372528695414257
1779761910,29.327542073015135
1779761925,29.268612228468903
1779761940,29.311546829495438
1779761955,29.135020375519915
1779761970,29.109764727857247
1779761985,29.180270077582193
1779762000,29.230465677311745
1779762015,29.123444870341185
1779762030,29.171535832765517
1779762045,29.217469541952003
1779762060,29.155067045852157
1779762075,29.145490946113394
1779762090,29.19442376345981
1779762105,29.2245200769245
1779762120,29.140018889119812
1779762135,29.193581908537723
1779762150,29.091770078897593
1779762165,29.22999213391807
1779762180,29.070671089912736
1779762195,29.251248970700814
1779762210,29.246776616427216
1779762225,29.403151168205245
1779762240,29.22283636708032
1779762255,29.306443084030278
1779762270,29.358217161738743
1779762285,29.440929407833984
1779762300,29.52974510211437
1779762315,29.493703188262433
1779762330,29.479075958991142
1779762345,29.49212471028352
1779762360,29.443191892937104
1779762375,29.48575818243522
1779762390,29.611773341085414
1779762405,29.70790265000145
1779762420,29.639396705716457
1779762435,29.52942940651859
1779762450,29.554948133844405
1779762465,29.61471983331273
1779762480,29.60814284173391
1779762495,29.510014127377914
1779762510,29.446191001097045
1779762525,29.581677027620735
1779762540,29.799349140913357
1779762555,29.521379168826112
1779762570,29.39862619799901
1779762585,29.54453017918356
1779762600,29.478234104069056
1779762615,28.968701412474708
1779762630,29.300076556181974
1779762645,29.41577899203658
1779762660,29.368003725208027
1779762675,29.44482298684865
1779762690,29.429722214183673
1779762705,29.47586638710068
1779762720,29.46034468697466
1779762735,29.48218029901635
1779762750,29.361111038033428
1779762765,29.39394337999489
1779762780,29.42182982428909
1779762795,29.201789994028093
1779762810,29.067671981752795
1779762825,29.054675846393042
1779762840,29.208051290011127
1779762855,29.149016213599644
1779762870,29.206157116436426
1779762885,29.28439700825807
1779762900,29.29155277509583
1779762915,29.288290587272737
1779762930,29.287869659811683
1779762945,29.274084285462475
1779762960,29.33217227508662
1779762975,29.52621983462812
1779762990,29.500122332043365
1779763005,29.492229942148786
1779763020,29.407676138411475
1779763035,29.49796507880551
1779763050,29.39978374851688
1779763065,29.315598256307997
1779763080,29.290816152039
1779763095,29.3357501585055
1779763110,29.556842307419107
1779763125,29.356375604096673
1779763140,29.24288303741256
1779763155,29.032261459092425
1779763170,29.165695464243523
1779763185,29.21431258599416
1779763200,29.035944574376572
1779763215,28.67368387821516
1779763230,28.983802185139684
1779763245,29.22983428612018
1779763260,29.233464785471686
1779763275,29.240147008915773
1779763290,29.135967462307267
1779763305,29.208945760865845
1779763320,29.324016805528885
1779763335,29.207577746617453
1779763350,29.208209137809014
1779763365,29.273137198675126
1779763380,29.293657412401053
1779763395,29.286185949967514
1779763410,29.245198138448302
1779763425,29.28665949336119
1779763440,29.21068208664266
1779763455,29.281345284165493
1779763470,29.309284344392328
1779763485,29.25487947005233
1779763500,29.270822097639382
1779763515,29.31086282237124
1779763530,29.24498767471778
1779763545,29.248355094406143
1779763560,29.209524536124785
1779763575,29.269401467458355
1779763590,29.262614012149022
1779763605,29.2711904091678
1779763620,29.28797489167695
1779763635,29.4242501571901
1779763650,29.42835419993528
1779763665,29.378263832070996
1779763680,29.341064367701186
1779763695,29.21162917343001
1779763710,29.574047717389305
1779763725,29.83623290968739
1779763740,29.300287019912496
1779763755,29.28113482043497
1779763770,29.282660682481264
1779763785,29.36995051471536
1779763800,29.355428517309324
1779763815,29.302128577554566
1779763830,29.433089633872033
1779763845,29.433668409130963
1779763860,29.420987969367008
1779763875,29.30318089620718
1779763890,29.430458837240504
1779763905,29.47192019215339
1779763920,29.598882437590923
1779763935,29.309915735583893
1779763950,29.472551583344952
1779763965,29.249512644924014
1779763980,29.41020170317774
1779763995,29.39562708983907
1779764010,29.367372334016462
1779764025,29.29623559309995
1779764040,29.3193866034574
1779764055,29.141071207772427
1779764070,29.25840473753858
1779764085,29.223836069800292
1779764100,29.236253429901105
1779764115,29.258878280932255
1779764130,29.2736107420688
1779764145,28.964176442268485
1779764160,29.315756104105883
1779764175,29.3407486721054
1779764190,29.50317405613594
1779764205,29.444717754983387
1779764220,29.416305151362888
1779764235,29.42924867079
1779764250,29.439666625450855
1779764265,29.39673202442432
1779764280,29.532849442139575
1779764295,29.469236779589224
1779764310,29.553632735528645
1779764325,29.464396113787217
1779764340,29.4507685872359
1779764355,29.50427899072118
1779764370,29.445296530242327
1779764385,29.438403843067718
1779764400,29.495807825567656
1779764415,30.345870833146982
1779764430,30.506349427670187
1779764445,30.61137082920079
1779764460,30.57601292247305
1779764475,30.603267975575687
1779764490,30.61679027026174
1779764505,30.663723682168197
1779764520,30.66987974628598
1779764535,30.69539847361179
1779764550,30.620262921815357
1779764565,29.184374120327373
1779764580,29.23909469026316
1779764595,29.236200813968484
1779764610,29.31138898169755
1779764625,29.176218650769638
1779764640,29.190793264108304
1779764655,29.304969837916616
1779764670,29.29044784051058
1779764685,29.258878280932255
1779764700,29.190740648175673
1779764715,29.249354797126117
1779764730,29.236463893631626
1779764745,29.23877899466738
1779764760,29.38342019346878
1779764775,29.3357501585055
1779764790,29.299497780923044
1779764805,29.413832202529242
1779764820,29.42382922972906
1779764835,29.459187136456787
1779764850,29.415726376103947
1779764865,29.39410122779279
1779764880,29.38752423621397
1779764895,29.38342019346878
1779764910,29.34601026536846
1779764925,29.367319718083827
1779764940,29.36716187028594
1779764955,29.37521210797842
1779764970,29.219995106718265
1779764985,29.34616811316635
1779765000,29.280766508906563
1779765015,29.391049503700216
1779765030,29.396837256289576
1779765045,29.305706460973447
1779765060,29.33680247715811
1779765075,29.340327744644355
1779765090,29.354902357983025
1779765105,29.301655034160888
1779765120,29.292342014085282
1779765135,29.222783751147684
1779765150,29.30728493895236
1779765165,29.24346181267149
1779765180,29.241725486894687
1779765195,29.200527211644957
1779765210,29.275347067845615
1779765225,29.200685059442854
1779765240,29.23283339428012
1779765255,29.240357472646295
1779765270,29.28802750760958
1779765285,29.243514428604122
1779765300,29.30097102703669
1779765315,29.2369374370253
1779765330,29.287869659811683
1779765345,29.339170194126485
1779765360,29.344063475861127
1779765375,29.400152060045304
1779765390,29.34116959956644
1779765405,29.353955271195677
1779765420,29.321438624829987
1779765435,29.286606877428557
1779765450,29.330015021848766
1779765465,29.24219903028836
1779765480,29.32417465332677
1779765495,29.35069308337258
1779765510,29.349325069124177
1779765525,29.30097102703669
1779765540,29.359322096323993
1779765555,29.387734699944488
1779765570,29.41577899203658
1779765585,29.39031288064339
1779765600,29.437825067808788
1779765615,29.462870251740924
1779765630,29.57394248552404
1779765645,29.615351224504295
1779765660,29.5387424265942
1779765675,29.56941751531781
1779765690,29.571048609229354
1779765705,29.51474956131466
1779765720,29.629978453775585
1779765735,29.612089036681198
1779765750,29.596462104689923
1779765765,29.596619952487814
1779765780,29.47270943114284
1779765795,29.443244508869725
1779765810,29.407307826883056
1779765825,29.418725484263884
1779765840,29.418725484263884
1779765855,29.422303367682765
1779765870,29.419251643590194
1779765885,29.460660382570445
1779765900,29.429616982318418
1779765915,29.43998232104663
1779765930,29.36253166821445
1779765945,29.30097102703669
1779765960,29.368056341140658
1779765975,29.368003725208027
1779765990,29.21878494026776
1779766005,29.25877304906699
1779766020,29.282555450615998
1779766035,29.26945408339099
1779766050,29.31123113389965
1779766065,29.309600039988105
1779766080,29.261035534170098
1779766095,29.29492019478418
1779766110,29.267875605412076
1779766125,29.319912762783694
1779766140,29.264560801656348
1779766155,29.231886307492772
1779766170,29.344063475861127
1779766185,29.34748351148211
1779766200,29.358585473267162
1779766215,29.397731727144294
1779766230,29.43808814747194
1779766245,29.495649977769766
1779766260,29.631293852091357
1779766275,29.587201700546938
1779766290,29.58330812153228
1779766305,29.506278396161147
1779766320,29.490651464169872
1779766335,29.4607656144357
1779766350,29.579256694719724
1779766365,29.57520526790718
1779766380,29.25935182432592
1779766395,29.225467163711848
1779766410,29.353481727802
1779766425,29.315440408510096
1779766440,29.31254653221542
1779766455,29.239989161117876
1779766470,29.239620849589464
1779766485,29.275925843104556
1779766500,29.21431258599416
1779766515,29.201789994028093
1779766530,29.193055749211418
1779766545,29.199422277059718
1779766560,29.221415736899292
1779766575,29.170746593776066
1779766590,29.168536724605577
1779766605,29.131916035494708
1779766620,29.10329296814368
1779766635,29.128601231738983
1779766650,29.09655812876697
1779766665,29.091033455840765
1779766680,29.15327810414271
1779766695,29.108817641069894
1779766710,29.119182979798108
1779766725,29.13928226606298
1779766740,29.10124094677109
1779766755,29.102398497288963
1779766770,29.10781793834991
1779766785,29.16901026799925
1779766800,29.199580124857604
1779766815,29.370424058109034
1779766830,29.449926732313813
1779766845,29.50091157103283
1779766860,29.62929444665139
1779766875,29.484074472591047
1779766890,29.513749858594686
1779766905,29.54268862154149
1779766920,29.620770665565242
1779766935,29.603828335258196
1779766950,29.5728375509388
1779766965,29.529061094990173
1779766980,29.633556337194467
1779766995,29.555263829440193
1779767010,29.54137322322572
1779767025,29.55673707555385
1779767040,29.599355980984598
1779767055,29.564629465448434
1779767070,29.507435946679017
1779767085,29.55315919213497
1779767100,29.55447459045073
1779767115,29.266560207096315
1779767130,29.536743021154233
1779767145,29.41430574592292
1779767160,29.44445467532023
1779767175,29.39394337999489
1779767190,29.364267993991255
1779767205,29.371371144896386
1779767220,29.337170788686517
1779767235,29.204473406592246
1779767250,29.144228163730258
1779767265,29.283555153335982
1779767280,29.3040753670619
1779767295,29.77283071086756
1779767310,29.713953482253963
1779767325,29.78256465840421
1779767340,29.155224893650043
1779767355,29.321228161099466
1779767370,29.32527958791201
1779767385,29.55368535146128
1779767400,29.76478047317508
1779767415,28.91655902323783
1779767430,29.392943677274918
1779767445,29.376001346967872
1779767460,29.4287225114637
1779767475,29.437088444751957
1779767490,29.51027720704107
1779767505,29.73394753665357
1779767520,29.69685330414903
1779767535,30.063796818314557
1779767550,30.116202287214588
1779767565,29.946200208885255
1779767580,30.106626187475825
1779767595,29.365530776374392
1779767610,29.383209729738258
1779767625,29.49738630354658
1779767640,29.47644516235961
1779767655,29.46671121482296
1779767670,29.5044894544517
1779767685,29.440087552911898
1779767700,29.491493319091955
1779767715,29.45681941948841
1779767730,29.64281674133744
1779767745,29.67643832228837
1779767760,29.622822686937834
1779767775,29.84244158973779
1779767790,29.6158773838306
1779767805,29.74273439740288
1779767820,29.637449916209125
1779767835,30.063375890853507
1779767850,29.638817930457517
1779767865,29.581887491351257
1779767880,29.535427622838473
1779767895,29.09734736775643
1779767910,29.286396413698036
1779767925,29.819711506841383
1779767940,29.381052476500415
1779767955,29.199053965531306
1779767970,29.526535530223907
1779767985,29.827340817072823
1779768000,29.870959425223553
1779768015,28.958757001207537
1779768030,29.493124413003503
1779768045,29.565103008842108
1779768060,29.66544159236858
1779768075,29.553474887730758
1779768090,29.78782625166727
1779768105,29.663810498457032
1779768120,29.73052750103259
1779768135,30.018231420656495
1779768150,29.98824033905707
1779768165,29.778986774985338
1779768180,29.936361029483336
1779768195,30.171712096139835
1779768210,29.65665473161928
1779768225,30.13151352361009
1779768240,29.520747777634547
1779768255,29.66828285273063
1779768270,30.329454662166256
1779768285,29.787878867599893
1779768300,29.760781662295155
1779768315,29.756046228358414
1779768330,29.746417512687017
1779768345,29.69085508782915
1779768360,29.688960914254448
1779768375,29.74757506320489
1779768390,30.003604191385193
1779768405,29.956670779478735
1779768420,29.841020959556765
1779768435,29.70716602694462
1779768450,29.536953484884755
1779768465,29.384314664323508
1779768480,29.491809014687743
1779768495,29.4633437951346
1779768510,29.39620586509801
1779768525,29.568943971924135
1779768540,29.53795318760474
1779768555,29.55221210534762
1779768570,29.47449837285229
1779768585,29.50733071481375
1779768600,29.6677040774717
1779768615,29.801716857881733
1779768630,29.897372623404095
1779768645,29.70527185336992
1779768660,29.65607595636035
1779768675,29.59861935792777
1779768690,29.24551383404409
1779768705,29.444559907185496
1779768720,29.484179704456302
1779768735,29.46876323619555
1779768750,29.526851225819694
1779768765,29.463449026999868
1779768780,29.48002304577849
1779768795,29.549265613120312
1779768810,29.481969835285827
1779768825,29.486652653289948
1779768840,29.41709439035234
1779768855,29.589201105986906
1779768870,29.90721180280601
1779768885,29.790667512029323
1779768900,30.065638375956627
1779768915,29.731211508156786
1779768930,29.413358659135568
1779768945,29.332803666278185
1779768960,29.510803366367366
1779768975,29.45324153606954
1779768990,29.417725781543915
1779769005,29.436614901358283
1779769020,29.37536995577631
1779769035,29.46913154772397
1779769050,29.475603307437524
1779769065,29.491914246552998
1779769080,29.42346091820064
1779769095,29.35500758984828
1779769110,29.47749748101223
1779769125,29.58441305611752
1779769140,29.62971537411243
1779769155,29.600250451839315
1779769170,29.6246642445799
1779769185,29.44950580485277
1779769200,29.608984696655995
1779769215,29.01084677451179
1779769230,29.46255455614515
1779769245,29.444349443454975
1779769260,29.596093793161504
1779769275,29.57415294925456
1779769290,29.61356228279486
1779769305,29.620928513363133
1779769320,29.672702591071598
1779769335,29.58441305611752
1779769350,29.595409786037308
1779769365,29.597093495881488
1779769380,30.02586073088792
1779769395,29.62634795442408
1779769410,29.69574836956379
1779769425,29.445664841770736
1779769440,29.564366385785277
1779769455,29.606301284091842
1779769470,29.637239452478603
1779769485,29.58141394795758
1779769500,29.55899956065696
1779769515,29.71595288769392
1779769530,29.73452631191251
1779769545,29.70621894015727
1779769560,29.796139569022895
1779769575,29.789720425241974
1779769590,29.680700212831447
1779769605,29.768463588459227
1779769620,29.768779284055004
1779769635,29.715689808030767
1779769650,29.684909487441892
1779769665,29.569522747183075
1779769680,29.81681763054671
1779769695,29.980768876623532
1779769710,30.135828030085786
1779769725,29.913473098789044
1779769740,29.885376190764323
1779769755,29.852859544398637
1779769770,29.80724153080795
1779769785,29.79982268430703
1779769800,29.855648188828056
1779769815,29.15780307434894
1779769830,29.60219724134665
1779769845,29.60798499393601
1779769860,29.774619652576995
1779769875,29.691276015290192
1779769890,30.069005795644976
1779769905,29.768042660998173
1779769920,29.8169754783446
1779769935,29.772409783406516
1779769950,29.84512500230194
1779769965,29.774461804779108
1779769980,29.69916840518477
1779769995,30.02112529695117
1779770010,29.97477066030365
1779770025,30.191022143415246
1779770040,30.186497173209016
1779770055,30.499193660832436
1779770070,30.33666304493664
1779770085,30.38870020230826
1779770100,30.24142820687532
1779770115,30.619105371297483
1779770130,30.471096752807714
1779770145,30.107362810532656
1779770160,29.934993015234944
1779770175,29.982663050198234
1779770190,30.054536414171572
1779770205,29.992239149936996
1779770220,29.925101219900398
1779770235,30.049274820908522
1779770250,29.88732298027166
1779770265,29.875116083901364
1779770280,30.108257281387374
1779770295,30.03354265705198
1779770310,29.99913183711159
1779770325,30.003867271048346
1779770340,29.97140324061529
1779770355,30.06605930341767
1779770370,29.971350624682657
1779770385,30.32408783703794
1779770400,30.383964768371506
1779770415,30.200913938749796
1779770430,30.19070644781946
1779770445,30.171185936813526
1779770460,30.17760508059445
1779770475,30.188970122042658
1779770490,30.242112213999516
1779770505,30.42626797820648
1779770520,30.42069068934764
1779770535,30.32766572045681
1779770550,30.366864590266573
1779770565,30.179762333832304
1779770580,30.401854185465904
1779770595,30.26047517448759
1779770610,30.087316140200414
1779770625,30.084790575434152
1779770640,30.151665425807582
1779770655,30.121200800814496
1779770670,30.13435478397214
1779770685,30.249425828635168
1779770700,30.263421666714898
1779770715,30.405642532615296
1779770730,30.26089610194863
1779770745,30.072320599400705
1779770760,29.92404890124779
1779770775,29.836759069013684
1779770790,29.91931346731104
1779770805,29.903160375993455
1779770820,30.08163361947631
1779770835,30.075898482819586
1779770850,30.05464164603684
1779770865,29.941201695285347
1779770880,30.00244664086732
1779770895,29.925416915496182
1779770910,29.972613407065797
1779770925,29.9738235735163
1779770940,29.89784616679777
1779770955,29.964510553440682
1779770970,29.946463288548408
1779770985,29.983767984783473
1779771000,29.99739551133479
1779771015,29.297235295819924
1779771030,29.74157684688501
1779771045,29.80618921215533
1779771060,29.912683859799582
1779771075,30.10141721014541
1779771090,30.32977035776203
1779771105,30.143562572182482
1779771120,30.30725073859616
1779771135,30.32808664791785
1779771150,30.21485716089689
1779771165,30.26426352163699
1779771180,30.456206443873267
1779771195,30.131934451071128
1779771210,30.192284925798386
1779771225,29.9003191156314
1779771240,29.93678195694438
1779771255,29.965089328699623
1779771270,30.033805736715134
1779771285,29.96430008971016
1779771300,30.058114297590453
1779771315,30.01944158710699
1779771330,30.003972502913612
1779771345,29.5000171001781
1779771360,29.915472504229
1779771375,29.92815294399297
1779771390,29.993554548252753
1779771405,29.742260854009206
1779771420,30.08847369071829
1779771435,30.022756390862714
1779771450,30.0104968785598
1779771465,30.142352405731977
1779771480,30.24363807604581
1779771495,30.165871727617844
1779771510,30.27136667254211
1779771525,30.258949312441295
1779771540,30.27862767124513
1779771555,30.323245982115843
1779771570,30.232693962058654
1779771585,30.296148776811105
1779771600,30.158821192645348
1779771615,30.916490622525405
1779771630,30.98152391525678
1779771645,31.094069395153547
1779771660,31.03498170280943
1779771675,30.875344963208306
1779771690,30.754486165955907
1779771705,30.749382420490747
1779771720,30.735333966478386
1779771735,30.73670198072679
1779771750,30.76590382333675
1779771765,30.95679442692042
1779771780,30.66766987711549
1779771795,29.834496583910575
1779771810,29.77919723871586
1779771825,29.853911863051252
1779771840,29.846440400617713
1779771855,30.027228745136313
1779771870,29.817501637670908
1779771885,29.824604788576025
1779771900,29.84617732095456
1779771915,29.778776311254806
1779771930,29.799138677182835
1779771945,29.723529581992725
1779771960,29.760255502968857
1779771975,29.684435944048214
1779771990,30.032648186197264
1779772005,29.83512797510214
1779772020,29.834338736112688
1779772035,29.708218345597224
1779772050,29.88290324193069
1779772065,29.866539686882586
1779772080,30.01407476197867
1779772095,29.9913972950149
1779772110,30.08926292970775
1779772125,29.975559899293103
1779772140,30.316511142739134
1779772155,30.00023677169684
1779772170,30.14093177555095
1779772185,30.156400859744338
1779772200,30.087263524267783
1779772215,30.061639565076703
1779772230,30.0989968772444
1779772245,30.225275115557736
1779772260,29.968719828051128
1779772275,30.2646318331654
1779772290,30.247636886925733
1779772305,30.108309897320005
1779772320,30.151718041740217
1779772335,30.296411856474258
1779772350,30.200177315692965
1779772365,30.22590650674931
1779772380,30.258423153115
1779772395,29.884271256179083
1779772410,29.78635300555361
1779772425,29.74378671605549
1779772440,29.96766750939852
1779772455,30.026492122079485
1779772470,30.067479933598694
1779772485,30.142194557934086
1779772500,30.178289087718657
1779772515,29.90331822379134
1779772530,29.851017986756567
1779772545,29.862225180406877
1779772560,30.017547413532284
1779772575,29.854543254242817
1779772590,29.955723692691382
1779772605,30.023545629852176
1779772620,30.05390502298001
1779772635,30.00549836495989
1779772650,30.066111919350302
1779772665,29.975454667427847
1779772680,30.08158100354368
1779772695,30.094261443307644
1779772710,30.077003417404825
1779772725,30.047696342929598
1779772740,29.979927021701446
1779772755,29.958670184918688
1779772770,29.905580708894462
1779772785,29.878904431050767
1779772800,29.898740637652487
1779772815,30.11809646078929
1779772830,30.164240633706296
1779772845,30.11283486752624
1779772860,30.381070892076835
1779772875,30.178078623988124
1779772890,30.317458229526483
1779772905,30.13082951648589
1779772920,30.167239741866236
1779772935,30.265105376559077
1779772950,30.268998955573736
1779772965,30.02280900679535
1779772980,30.188812274244768
1779772995,30.385069702956756
1779773010,30.43621238947366
1779773025,30.78126767566487
1779773040,30.56869930783741
1779773055,30.758958520229505
1779773070,30.4025381925901
1779773085,30.45494366149013
1779773100,30.303672855177275
1779773115,30.256792059203452
1779773130,30.187075948467957
1779773145,30.110940693951537
1779773160,29.888533146722164
1779773175,29.801769473814367
1779773190,29.844072683649337
1779773205,29.808504313191076
1779773220,29.745996585225974
1779773235,29.72942256644735
1779773250,29.62992583784295
1779773265,29.6916443268186
1779773280,29.76146566941935
1779773295,29.799506988711254
1779773310,29.825709723161275
1779773325,29.73447369597988
1779773340,29.75452036631212
1779773355,29.86133070955216
1779773370,29.856595275615405
1779773385,29.679542662313573
1779773400,29.905370245163944
1779773415,29.68754028407342
1779773430,29.727265313209493
1779773445,29.77177839221494
1779773460,29.72452928471271
1779773475,29.834812279506362
1779773490,29.76015027110359
1779773505,29.862225180406877
1779773520,29.869696642840417
1779773535,30.10720496273477
1779773550,29.916998366275294
1779773565,29.878115192061305
1779773580,29.95903849644711
1779773595,29.91541988829638
1779773610,30.100996282684356
1779773625,29.92762678466666
1779773640,29.999289684909492
1779773655,29.86717107807415
1779773670,29.81102987795734
1779773685,29.836022445956857
1779773700,29.83233933067272
1779773715,29.887480828069545
1779773730,29.75057417136483
1779773745,29.752889272400573
1779773760,29.79229860594087
1779773775,29.99665888827796
1779773790,29.780933564492663
1779773805,29.720004314506475
1779773820,30.077740040461652
1779773835,30.072320599400705
1779773850,29.81834349259299
1779773865,29.81850134039088
1779773880,29.948252230257843
1779773895,29.6182977167316
1779773910,29.70585062862886
1779773925,29.70553493303307
1779773940,29.648709725792067
1779773955,29.623454078129395
1779773970,29.631241236158722
1779773985,29.72863332745789
1779774000,29.64371121219216
1779774015,29.973770957583667
1779774030,29.77588243496013
1779774045,29.80261132873645
1779774060,29.771304848821266
1779774075,29.79150936695141
1779774090,29.832234098807465
1779774105,29.855279877299644
1779774120,29.867328925872037
1779774135,29.851859841678664
1779774150,29.857121434941714
1779774165,29.923259662258328
1779774180,29.90715918687338
1779774195,29.865960911623645
1779774210,29.85480633390597
1779774225,29.657601818406633
1779774240,29.667598845606435
1779774255,29.87164343234775
1779774270,29.644079523720578
1779774285,29.60309171220137
1779774300,29.595725481633096
1779774315,29.57073291363358
1779774330,29.56889135599151
1779774345,29.573153246534577
1779774360,29.658443673328716
1779774375,29.584307824252264
1779774390,29.69280187733647
1779774405,29.5879909395364
1779774420,29.847229639607164
1779774435,29.90684349127759
1779774450,29.789615193376704
1779774465,29.71900461178649
1779774480,29.743576252324967
1779774495,29.844809306706168
1779774510,29.908264121458615
1779774525,29.752573576804796
1779774540,29.687171972545002
1779774555,29.748995693385915
1779774570,29.74799599066593
1779774585,29.756993315145763
1779774600,29.783038201797886
1779774615,29.807925537932146
1779774630,29.89426828337889
1779774645,29.52469397258184
1779774660,29.96545764022803
1779774675,30.233693664778627
1779774690,30.337820595454513
1779774705,30.418480820177162
1779774720,29.852912160331268
1779774735,30.084106568309956
1779774750,30.094734986701322
1779774765,29.96014343103235
1779774780,29.939833681036955
1779774795,29.90626471601866
1779774810,29.82150044855083
1779774825,29.580361629304974
1779774840,29.840652648028353
1779774855,29.788668106589355
1779774870,30.00597190835357
1779774885,29.995659185557976
1779774900,30.220960609082038
1779774915,30.233220121384953
1779774930,29.992081302139095
1779774945,29.671124113092684
1779774960,29.65344515972882
1779774975,29.816870246479333
1779774990,29.663336955063357
1779775005,29.65439224651617
1779775020,29.77735568107378
1779775035,29.83102393235696
1779775050,29.736052173958793
1779775065,29.748785229655393
1779775080,29.689434457648122
1779775095,29.670019178507445
1779775110,29.745891353360708
1779775125,29.73973528924294
1779775140,30.101101514549622
1779775155,29.92126025681837
1779775170,29.792456453738758
1779775185,30.148876781378164
1779775200,30.41916482730136
1779775215,30.022335463401674
1779775230,29.943201100725314
1779775245,30.21375222631165
1779775260,30.19912499704035
1779775275,30.229747469831338
1779775290,30.25900192837393
1779775305,30.251635697805657
1779775320,30.327192177063132
1779775335,30.333085161517758
1779775350,30.466834862264648
1779775365,30.468623803974083
1779775380,30.803997758561273
1779775395,30.684401743692003
1779775410,30.403906206838492
1779775425,29.879167510713923
1779775440,29.964352705642796
1779775455,29.974823276236272
1779775470,29.990765903823334
1779775485,30.048327734121173
1779775500,29.990765903823334
1779775515,29.997132431671638
1779775530,30.016758174542836
1779775545,30.043539684251787
1779775560,29.999921076101053
1779775575,29.922575655134132
1779775590,29.8484924219903
1779775605,29.87758903273501
1779775620,29.85538510916491
1779775635,29.803558415523803
1779775650,29.766727262682412
1779775665,29.77530365970119
1779775680,29.758308713461524
1779775695,30.04517077816333
1779775710,30.290361024221745
1779775725,30.31830008444857
1779775740,30.20044039535612
1779775755,30.32298290245269
1779775770,30.1831823694533
1779775785,30.20249241672871
1779775800,30.128514415450148
1779775815,30.013232907056587
1779775830,29.749521852712224
1779775845,29.82428909298025
1779775860,29.976875297608874
1779775875,30.270893129148433
1779775890,30.055009957565247
1779775905,30.159294736039023
1779775920,30.18281405792488
1779775935,30.345344673820684
1779775950,30.304199014503585
1779775965,30.34839639791326
1779775980,30.335873805947177
1779775995,30.239007873974323
1779776010,30.22459110843354
1779776025,30.207227850665465
1779776040,30.438580106442036
1779776055,30.220539681620995
1779776070,30.344239739235434
1779776085,30.265789383683273
1779776100,30.16487202489786
1779776115,30.135564950422634
1779776130,30.155822084485408
1779776145,30.433160665381088
1779776160,30.082475474398407
1779776175,30.14561459355507
1779776190,30.06926887530813
1779776205,29.84959735657554
1779776220,29.901634513947172
1779776235,30.465361616150986
1779776250,29.970350921962673
1779776265,29.903476071589242
1779776280,29.892374109804187
1779776295,29.9693512192427
1779776310,30.026702585810007
1779776325,30.056956747072583
1779776340,29.932362218603416
1779776355,29.916156511353197
1779776370,29.995606569625345
1779776385,29.954092598779837
1779776400,29.97140324061529
1779776415,29.74499688250599
1779776430,29.647183863745784
1779776445,29.772778094934928
1779776460,29.841389271085173
1779776475,30.09315650872241
1779776490,29.804400270445896
1779776505,29.85406971084914
1779776520,29.802821792466972
1779776535,29.738998666186113
1779776550,29.9395706013738
1779776565,29.92573261109196
1779776580,29.86564521602787
1779776595,29.920050090367866
1779776610,30.019546818972252
1779776625,30.069742418701807
1779776640,29.9826104342656
1779776655,30.076214178415363
1779776670,30.00655068361251
1779776685,30.059271848108327
1779776700,30.156348243811703
1779776715,30.10257476066328
1779776730,30.369758466561258
1779776745,30.147193071533994
1779776760,30.175605675154493
1779776775,30.038435938786623
1779776790,30.22648528200824
1779776805,29.710375598835082
1779776820,30.009234096176662
1779776835,30.192916316989947
1779776850,30.086526901210952
1779776865,30.1465090644098
1779776880,30.008655320917732
1779776895,30.13046120495747
1779776910,30.24011280855956
1779776925,29.950883026889375
1779776940,30.225959122681946
1779776955,30.15198112140337
1779776970,30.094103595509758
1779776985,30.172448719196666
1779777000,30.001236474416814
1779777015,30.008181777524058
1779777030,29.716373815154963
1779777045,30.13267107412796
1779777060,30.297464175126866
1779777075,30.08757921986357
1779777090,30.138984986043628
1779777105,30.132250146666916
1779777120,30.22590650674931
1779777135,30.275207635624145
1779777150,30.506296811737567
1779777165,30.20622814794548
1779777180,30.31982594649486
1779777195,30.36307624311718
1779777210,30.292413045594337
1779777225,30.36865353197602
1779777240,30.38349122497783
1779777255,30.60726678645561
1779777270,30.48751292378845
1779777285,30.48688153259689
1779777300,30.47698973726234
1779777315,30.502034921194486
1779777330,30.641624990463367
1779777345,30.38685864466619
1779777360,30.448208822113422
1779777375,30.385543246350434
1779777390,30.265841999615905
1779777405,30.350764114881624
1779777420,30.29793771852054
1779777435,30.16808159678832
1779777450,30.179920181630205
1779777465,30.220276601957842
1779777480,30.32040472175379
1779777495,30.155979932283294
1779777510,29.989976664833872
1779777525,30.084001336444686
1779777540,30.240007576694296
1779777555,30.219434747035745
1779777570,30.210858350016967
1779777585,30.32035210582117
1779777600,30.47214907146033
1779777615,30.176026602615536
1779777630,29.966878270409058
1779777645,29.96708873413958
1779777660,30.056114892150486
1779777675,29.99513302623167
1779777690,30.074372620773293
1779777705,30.027912752260512
1779777720,29.979927021701446
1779777720,29.979927021701446
1779777735,30.065690991889248
1779777750,30.09226203786769
1779777765,30.308723984709808
1779777780,30.323298598048474
1779777795,30.251372618142504
1779777810,30.23279919392391
1779777825,30.23785032345645
1779777840,30.231431179675518
1779777855,30.272050679666307
1779777870,30.294833378495344
1779777885,30.30372547110991
1779777900,30.19838837398353
1779777915,30.396329512539687
1779777930,30.359919287159343
1779777945,30.488723090238956
1779777960,30.447630046854492
1779777975,30.178867862977587
1779777990,30.286046517746033
1779778005,30.166450502876774
1779778020,30.231536411540784
1779778035,30.280206149224043
1779778050,30.427846456185392
1779778065,30.22811637591979
1779778080,29.994501635040105
1779778095,30.07968682996899
1779778110,30.192863701057316
1779778125,30.08105484421738
1779778140,30.061060789817763
1779778155,30.272945150521025
1779778170,30.139932072830977
1779778185,30.069321491240764
1779778200,30.240007576694296
1779778215,30.1893910495037
1779778230,29.880745988692837
1779778245,29.936624109146493
1779778260,29.95903849644711
1779778275,30.418375588311896
1779778290,30.63620554940242
1779778305,30.558860128435494
1779778320,30.499351508630323
1779778335,30.348764709441667
1779778350,30.24742642319521
1779778365,30.334347943900898
1779778380,30.446788191932395
1779778395,30.26705216606641
1779778410,30.3639707139719
1779778425,30.338346754780822
1779778440,30.189127969840545
1779778455,30.45083961874495
1779778470,30.41879651577294
1779778485,30.275523331219922
1779778500,30.33913599377027
1779778515,30.313038491185516
1779778530,30.463888370037328
1779778545,30.095945153151828
1779778560,30.26126441347704
1779778575,30.220802761284148
1779778590,30.20001946789508
1779778605,30.234325055970203
1779778620,30.4309507962106
1779778635,30.5618066206628
1779778650,30.299989739893142
1779778665,30.418322972379265
1779778680,30.368916611639175
1779778695,30.28241601839453
1779778710,30.324561380431614
1779778725,30.688190090841406
1779778740,30.56948854682686
1779778755,30.37302065438435
1779778770,30.404905909558476
1779778785,31.18514757453704
1779778800,30.283731416710292
1779778815,31.467958212426307
1779778830,31.127585744239216
1779778845,31.034560775348385
1779778860,31.109222783751143
1779778875,31.077232296711767
1779778890,31.025563450868553
1779778905,31.122271535043524
1779778920,31.109380631549044
1779778935,31.1809382999266
1779778950,31.004043534422653
1779778965,30.965896983265505
1779778980,31.010620526001475
1779778995,31.00383307069213
1779779010,30.99778223843962
1779779025,31.01725013351293
1779779040,30.944534914617496
1779779055,31.034034616022076
1779779070,30.52918474243186
1779779085,30.41374538624041
1779779100,30.539076537766398
1779779115,30.56890977156793
1779779130,30.519608642693097
1779779145,30.55265144838508
1779779160,30.532078618726533
1779779175,30.522081591526728
1779779190,30.441368750871455
1779779205,30.467571485321464
1779779220,30.42184823986551
1779779235,30.510769166011166
1779779250,30.517398773522608
1779779265,30.506244195804932
1779779280,30.611528676998677
1779779295,30.714392825291426
1779779310,30.377177313062166
1779779325,30.460310486618457
1779779340,30.55017849955145
1779779355,30.551756977530363
1779779370,30.675457035144817
1779779385,30.654515893957846
1779779400,30.67387855716589
1779779415,30.7427528129793
1779779430,31.029877957344265
1779779445,30.910702869936046
1779779460,30.874187412690436
1779779475,30.780267972944884
1779779490,30.926435033792586
1779779505,31.122850310302464
1779779520,30.822308103116704
1779779535,31.053028967701714
1779779550,31.254021830350453
1779779565,31.114010833620533
1779779580,31.43870375388371
1779779595,31.157629441771263
1779779610,30.990416007871346
1779779625,30.838776890030072
1779779640,30.919068803224302
1779779655,30.98841660243138
1779779670,31.0335610726284
1779779685,31.018618147761323
1779779700,31.374775395737586
1779779715,31.18325340096234
1779779730,30.97926143015366
1779779745,31.025458219003298
1779779760,31.16810001236474
1779779775,31.284802150939328
1779779790,31.23334376882664
1779779805,31.265807799259694
1779779820,31.260072662602965
1779779835,31.325421650930117
1779779850,31.296745967646466
1779779865,31.31316213862719
1779779880,31.40197783290758
1779779895,31.411764396376864
1779779910,31.347415110769695
1779779925,31.34136427851718
1779779940,31.44222902136996
1779779955,31.316950485776594
1779779970,31.26401885755026
1779779985,31.21987409007322
1779780000,31.45027925906244
1779780015,31.436546500645857
1779780030,31.410291150263213
1779780045,31.301218321920064
1779780060,31.274962971537413
1779780075,31.315056312201893
1779780090,31.293536395755993
1779780105,31.236290261053945
1779780120,31.199985267538864
1779780135,31.194197514949508
1779780150,31.213086634763876
1779780165,31.090859823263084
1779780180,31.230134196936177
1779780195,31.211402924919696
1779780210,31.222031343311063
1779780225,31.294693946273867
1779780240,31.217611604970095
1779780255,31.25654739511672
1779780270,31.214191569349115
1779780285,31.138845553822147
1779780300,31.191882413913753
1779780315,31.30427004601263
1779780330,31.37856374288699
1779780345,31.53783217095969
1779780360,31.619755178065468
1779780375,31.417236453370446
1779780390,31.394979913867715
1779780405,31.230502508464586
1779780420,31.317844956631312
1779780435,31.286433244850876
1779780450,31.310531341995674
1779780465,31.3074796179031
1779780480,31.446069984451995
1779780495,31.44691183937408
1779780510,31.520731992854756
1779780525,31.766080086711057
1779780540,31.314635384740853
1779780555,31.408449592621146
1779780570,31.34320583615925
1779780585,31.29958722800852
1779780600,31.37630125778387
1779780615,31.70025755499023
1779780630,31.79270374862212
1779780645,31.71299061068682
1779780660,31.626121705913768
1779780675,31.693259635950366
1779780690,31.635592573787264
1779780705,31.72440826806765
1779780720,31.805121108722933
1779780735,31.8329549370845
1779780750,31.860420453917648
1779780765,31.71109643711212
1779780780,31.74124536650943
1779780795,31.147737646436713
1779780810,31.26780720469966
1779780825,31.481901434573402
1779780840,31.41244840350106
1779780855,31.402661840031776
1779780870,31.46164430051064
1779780885,31.417973076427273
1779780900,31.65700725836791
1779780915,31.578767366546266
1779780930,31.58576528558613
1779780945,31.714358624935212
1779780960,31.374407084209167
1779780975,31.356254587451627
1779780990,31.45191035297399
1779781005,31.510471885991798
1779781020,31.532938889225047
1779781035,31.60391778234367
1779781050,31.709938886594248
1779781065,31.272069095242728
1779781080,31.296956431376987
1779781095,31.57413716447477
1779781110,31.677211776498037
1779781125,31.628857734410552
1779781140,31.534149055675552
1779781155,31.675054523260194
1779781170,32.10082265010668
1779781185,32.223943932462184
1779781200,32.187428475216585
1779781215,31.39766332643188
1779781230,31.746033416378815
1779781245,32.41188804381855
1779781260,32.24888388452908
1779781275,32.43651230028966
1779781290,32.665023295704174
1779781305,32.21168442015927
1779781320,32.229731685051554
1779781335,32.10182235282666
1779781350,32.59162406968454
1779781365,32.024319084061844
1779781380,31.87115410417428
1779781395,31.664215641138295
1779781410,31.817380621025848
1779781425,31.635382110056742
1779781440,31.66768829269191
1779781455,31.81611783864272
1779781470,31.83127122724032
1779781485,31.317687108833425
1779781500,31.578767366546266
1779781515,32.10518977251502
1779781530,32.19879351666478
1779781545,32.201476929228946
1779781560,31.920086921520706
1779781575,31.857316113892452
1779781590,31.636487044641992
1779781605,31.934661534859366
1779781620,31.620860112650718
1779781635,31.70720285809746
1779781650,31.685577709786305
1779781665,31.947341974623335
1779781680,31.80448971753137
1779781695,31.63922307313878
1779781710,31.964021225267224
1779781725,31.772183534896204
1779781740,31.80022782698829
1779781755,31.702414808228074
1779781770,31.514681160602244
1779781785,31.4908461431206
1779781800,31.514681160602244
1779781815,31.042611013040855
1779781830,31.74424447466937
1779781845,31.944921641722335
1779781860,31.744034010938847
1779781875,31.796702559502044
1779781890,31.86757622075541
1779781905,31.864840192258615
1779781920,31.80901468773759
1779781935,31.874626755727895
1779781950,31.959496255060994
1779781965,31.561141029115024
1779781980,31.637328899564075
1779781995,31.673160349685492
1779782010,31.724723963663436
1779782025,31.701678185171257
1779782040,31.665531039454052
1779782055,31.791651429969512
1779782070,31.873100893681617
1779782085,31.91303638654821
1779782100,31.784074735670707
1779782115,31.79943858799883
1779782130,31.812697803021727
1779782145,31.793440371678948
1779782160,31.75624090730914
1779782175,31.738825033608432
1779782190,31.763080978551116
1779782205,31.789809872327435
1779782220,31.448069389891952
1779782235,31.410659461791624
1779782250,31.57224299090008
1779782265,31.672002799167622
1779782280,31.729406781667556
1779782295,31.86231462749235
1779782310,31.709886270661613
1779782325,31.649904107462778
1779782340,31.871259336039547
1779782355,31.64074893518506
1779782370,31.74634911197459
1779782385,31.773235853548808
1779782400,31.646641919639684
1779782415,30.90065322680361
1779782430,31.324053636681725
1779782445,31.539252801140716
1779782460,31.556931754504582
1779782475,31.639696616532454
1779782490,31.678474558881177
1779782505,31.729143702004404
1779782520,31.460591981858023
1779782535,31.809488231131265
1779782550,31.559773014866632
1779782565,31.753452262879723
1779782580,31.73750963529266
1779782595,31.78275933735495
1779782610,31.808541144343916
1779782625,31.768658267409954
1779782640,31.724881811461326
1779782655,31.95533959638318
1779782670,31.771446911839373
1779782685,31.74424447466937
1779782700,31.504789365267694
1779782715,31.612599411227716
1779782730,31.641275094511368
1779782745,31.580819387918858
1779782760,31.618176700086554
1779782775,31.636381812776726
1779782790,31.779076222070803
1779782805,31.79964905172935
1779782820,31.676738233104363
1779782835,31.5622985796329
1779782850,31.335418678129923
1779782865,31.40555571632646
1779782880,31.470168081596782
1779782895,31.638328602284062
1779782910,31.670056009660286
1779782925,31.793177292015795
1779782940,31.89693591116326
1779782955,32.09677122329413
1779782970,31.84921326026734
1779782985,31.838479610010705
1779783000,31.87273258215321
1779783015,31.754294117801805
1779783030,31.780759931914982
1779783045,31.787547387224325
1779783060,31.6914180783083
1779783075,31.791861893700034
1779783090,31.826483177370935
1779783105,31.865734663113333
1779783120,32.06351795387161
1779783135,31.830376756385604
1779783150,31.729564629465447
1779783165,31.810435317918618
1779783180,31.65774388142474
1779783195,31.736667780370574
1779783210,31.662058387900437
1779783225,31.55466926940147
1779783240,31.765080383991073
1779783255,31.805173724655567
1779783270,31.771289064041486
1779783285,31.79044126351901
1779783300,31.765290847721595
1779783315,31.669477234401345
1779783330,31.6716344876392
1779783345,31.614125273273995
1779783360,31.66453133673408
1779783375,31.697731990223964
1779783390,32.00379887033593
1779783405,31.935398157916197
1779783420,31.667793524557176
1779783435,31.7709733684457
1779783450,31.56029917419294
1779783465,31.588448698150284
1779783480,31.727249528429702
1779783495,31.732353273894866
1779783510,31.68794542675467
1779783525,31.80706789823027
1779783540,31.710675509651075
1779783555,31.356780746777936
1779783570,31.484584847137565
1779783585,31.77865529460976
1779783600,31.886149644973994
1779783615,31.996590487565534
1779783630,31.734352679334833
1779783645,32.32680808075493
1779783660,31.719988529726685
1779783675,32.14533572911213
1779783690,32.021793519295585
1779783705,31.929189477865794
1779783720,32.08929976086059
1779783735,32.00153638523281
1779783750,31.981910642361612
1779783765,32.08151260283126
1779783780,32.20747514554883
1779783795,31.92424358019852
1779783810,32.13833781007227
1779783825,32.16559286317489
1779783840,32.28434702312207
1779783855,32.312286083348894
1779783870,32.31033929384157
1779783885,32.16622425436646
1779783900,32.43161901855501
1779783915,32.03015945258384
1779783930,31.797807494087284
1779783945,31.89730422269167
1779783960,32.04820671747613
1779783975,32.39110475042948
1779783990,32.62503518690495
1779784005,32.62919184558276
1779784020,32.69759255800248
1779784035,32.11587080683902
1779784050,32.03421087939638
1779784065,32.017005469426195
1779784080,32.06357056980424
1779784095,32.55347751852739
1779784110,32.42509464290882
1779784125,32.25867044799836
1779784140,32.10813626474233
1779784155,32.07677716889451
1779784170,31.911089597040878
1779784185,31.858841975938734
1779784200,31.960864269309386
1779784215,32.253093159139524
1779784230,32.20931670319089
1779784245,32.373267949267714
1779784260,32.25004143504695
1779784275,32.22683780875687
1779784290,32.18463983078716
1779784305,32.33259583334429
1779784320,32.26956194605288
1779784335,32.360113966110085
1779784350,32.40104916169665
1779784365,32.34006729577783
1779784380,32.25861783206573
1779784395,32.09398257886471
1779784410,32.4335131921297
1779784425,32.25314577507214
1779784440,32.23946563258821
1779784455,31.893358027744377
1779784470,31.988540249873065
1779784485,32.08351200827122
1779784500,32.09324595580788
1779784515,32.00395671813382
1779784530,32.01690023756094
1779784545,32.080249820448124
1779784560,32.04341866760674
1779784575,32.151965336623576
1779784590,32.03920939299629
1779784605,32.24414845059233
1779784620,32.248410341135404
1779784635,32.19784642987743
1779784650,32.13018234051454
1779784665,32.14791390981103
1779784680,32.10782056914654
1779784695,32.01674238976304
1779784710,31.983541736273157
1779784725,32.19937229192372
1779784740,32.34853846093135
1779784755,32.44230005287901
1779784770,32.127393696085115
1779784785,32.18395582366297
1779784800,31.992486444820358
1779784815,32.151386561364646
1779784830,32.20326587093838
1779784845,32.413045594336424
1779784860,32.581942738080514
1779784875,32.47797365520253
1779784890,32.648712356588696
1779784905,32.65192192847917
1779784920,32.454717412979825
1779784935,32.678124662929186
1779784950,32.61161812408415
1779784965,32.73068797962711
1779784980,32.71684998934528
1779784995,32.352326808080754
1779785010,32.53937644858239
1779785025,32.59925337991597
1779785040,32.61388060918728
1779785055,32.83392043944827
1779785070,32.51091122902926
1779785085,32.502387447943114
1779785100,32.659235543114804
1779785115,32.64755480607082
1779785130,32.55768679313783
1779785145,32.55937050298201
1779785160,32.59009820763825
1779785175,32.8353410696293
1779785190,32.68643798028481
1779785205,32.81492608776864
1779785220,32.8415497496797
1779785235,32.63966241617624
1779785250,32.56389547318823
1779785265,32.58615201269096
1779785280,32.63319065646269
1779785295,32.54879470052327
1779785310,32.39057859110317
1779785325,32.57610236955853
1779785340,32.75173435267934
1779785355,32.62492995503968
1779785370,32.54327002759706
1779785385,32.5192245463849
1779785400,32.472659446006844
1779785415,32.53616687669193
1779785430,32.16506670384859
1779785445,32.30639309889428
1779785460,32.52843233459524
1779785475,32.46487228797752
1779785490,32.543375259462316
1779785505,32.63687377174682
1779785520,32.55889695958834
1779785535,32.34169838968938
1779785550,32.625771809961776
1779785565,32.498336021130555
1779785580,32.505018244574636
1779785595,32.52075040843118
1779785610,32.58873019338986
1779785625,32.44487823357791
1779785640,32.43924832878644
1779785655,32.224733171451646
1779785670,32.36111366883006
1779785685,32.57357680479226
1779785700,32.56826259559658
1779785715,32.61025010983576
1779785730,32.50396592592203
1779785745,32.47286990973737
1779785760,32.408678471928084
1779785775,32.4362492206265
1779785790,32.38663239615588
1779785805,32.44261574847479
1779785820,32.390473359237916
1779785835,32.31439072065412
1779785850,32.410099102109115
1779785865,32.34322425173567
1779785880,32.2337831118641
1779785895,32.25924922325729
1779785910,32.6044623572464
1779785925,32.55963358264516
1779785940,32.653026863064404
1779785955,32.41678132555319
1779785970,32.484761110511876
1779785985,32.71753399646947
1779786000,32.97482590703291
1779786015,33.51655954939715
1779786030,33.207756640788396
1779786045,33.18008066022472
1779786060,33.28794332211737
1779786075,33.277104439995476
1779786090,33.474729882955856
1779786105,33.50119569706903
1779786120,33.17876526190896
1779786135,33.07116567967946
1779786150,33.27657828066917
1779786165,33.20880895944101
1779786180,33.303833333771806
1779786195,33.305359195818085
1779786210,33.24458779362979
1779786225,33.18460563043095
1779786240,33.37628547300409
1779786255,33.10925961490398
1779786270,32.91773762012875
1779786285,32.95293767905859
1779786300,33.00234403979869
1779786315,33.198338388847525
1779786330,33.27963000476174
1779786345,33.02896770170975
1779786360,32.88779915446196
1779786375,32.899900818966984
1779786390,32.84702180667328
1779786405,32.82923762144415
1779786420,32.80177210461099
1779786435,33.362394866789614
1779786450,33.142039340932826
1779786465,33.17776555918898
1779786480,33.04070105468637
1779786495,33.182764072788885
1779786510,32.782093745807174
1779786525,32.76925545824532
1779786540,32.885641901224105
1779786555,32.931891306006364
1779786570,32.86138595628142
1779786585,32.90253161559852
1779786600,32.95904112724374
1779786615,32.954726620768035
1779786630,32.89363952298395
1779786645,32.82397602818109
1779786660,32.9730895812561
1779786675,33.10447156503461
1779786690,32.99945016350401
1779786705,33.107786368790336
1779786720,33.224120195836505
1779786735,33.240062823423564
1779786750,33.27157976706927
1779786765,33.13083214728252
1779786780,33.03880688111167
1779786795,33.07784790312355
1779786810,32.9939254905778
1779786825,33.00860533578172
1779786840,33.17602923341217
1779786855,33.06669332540587
1779786870,33.00750040119649
1779786885,33.07953161296773
1779786900,33.004659140834434
1779786915,33.009710270366966
1779786930,32.97251080599717
1779786945,34.84405952966618
1779786960,33.09931520363681
1779786975,33.096684407005284
1779786990,32.86506907156556
1779787005,32.67596740969133
1779787020,32.7416847095469
1779787035,32.765993270422214
1779787050,32.74368411498686
1779787065,32.70411693364868
1779787080,32.77909463764722
1779787095,32.764046480914885
1779787110,32.627718599469105
1779787125,32.6456080165635
1779787140,32.60035831450121
1779787155,32.636610692083664
1779787170,32.560001894173574
1779787185,32.60277864740222
1779787200,32.66376051332104
1779787215,32.648975436251845
1779787230,32.5266433928858
1779787245,32.524643987445835
1779787260,32.533273000397244
1779787275,32.366533109891
1779787290,32.34590766429982
1779787305,32.55647662668733
1779787320,32.65586812342646
1779787335,32.754312533378226
1779787350,32.88016984423054
1779787365,32.84312822765861
1779787380,32.71058869336224
1779787395,33.063378521650144
1779787410,33.217701052055574
1779787425,33.1065235864072
1779787440,33.33219332145967
1779787455,33.42606014527259
1779787470,33.530344923746355
1779787485,33.73375811929611
1779787500,33.43789873011447
1779787515,33.58838029743787
1779787530,33.51540199887928
1779787545,33.58285562451165
1779787560,33.61253101051529
1779787575,33.213333929647234
1779787590,32.762994162262274
1779787605,32.73121413895341
1779787620,32.803718894118326
1779787635,32.76283631446438
1779787650,33.00497483643022
1779787665,32.92526169849492
1779787680,32.84865290058483
1779787695,32.924104147977054
1779787710,32.86885741871496
1779787725,32.850073530765854
1779787740,32.82744867973471
1779787755,32.755627931694
1779787770,32.81461039217285
1779787785,32.75504915643506
1779787800,32.758995351382346
1779787815,32.695014377303586
1779787830,32.72458453144197
1779787845,32.55147811308743
1779787860,32.853125254858426
1779787875,33.04043797502322
1779787890,32.98287614472538
1779787905,32.96819629952146
1779787920,32.921683815076044
1779787935,33.05248702359561
1779787950,32.952201056001776
1779787965,33.05753815312815
1779787980,32.94120432608199
1779787995,33.08426704690447
1779788010,33.057380305330256
1779788025,32.8971647904702
1779788040,32.90237376780063
1779788055,33.029493861036066
1779788070,33.07474356309834
1779788085,33.02770491932662
1779788100,33.07663773667304
1779788115,33.00008155469558
1779788130,32.981402898611734
1779788145,33.16440111230081
1779788160,32.90463625290374
1779788175,33.235748316947856
1779788190,32.81597840642125
1779788205,33.347399325989905
1779788220,33.43126912260301
1779788235,33.27058006434929
1779788250,33.59122155779992
1779788265,33.54644539913131
1779788280,33.37207619839364
1779788295,33.30714813752752
1779788310,33.399699563024676
1779788325,33.31514575928737
1779788340,33.46168113166348
1779788355,33.438161809777625
1779788370,33.468731666635975
1779788385,33.55318023850802
1779788400,33.193760802708674
1779788415,33.29199474892992
1779788430,33.17534522628798
1779788445,32.929313125307466
1779788460,32.819398442042235
1779788475,32.953095526856494
1779788490,33.05506520429451
1779788505,32.97366835651504
1779788520,33.23311752031633
1779788535,32.97614130534867
1779788550,33.16519035129028
1779788565,33.07442786750256
1779788580,33.051645168673524
1779788595,32.75531223609821
1779788610,33.063168057919626
1779788625,33.113153193918656
1779788640,33.081110090946645
1779788655,32.944361282039814
1779788670,33.158665975644084
1779788685,32.87027804889598
1779788700,33.021706703006735
1779788715,33.17581876968164
1779788730,33.062484050795426
1779788745,33.10515557215881
1779788760,33.131674002204605
1779788775,33.1722935021954
1779788790,33.15182590440211
1779788805,33.08353042384764
1779788820,33.14640646334116
1779788835,33.10252477552728
1779788850,33.21696442899874
1779788865,33.50829884797416
1779788880,33.496144567536504
1779788895,32.77551675422835
1779788910,33.692138916585336
1779788925,34.05987166974032
1779788940,33.28604914854267
1779788955,34.12658867231586
1779788970,34.12432618721275
1779788985,34.253077374359734
1779789000,34.37840852588573
1779789015,35.169489072986195
1779789030,34.7659248697098
1779789045,34.185728980592614
1779789060,34.23550365286112
1779789075,34.20667012177958
1779789090,34.32005745659843
1779789105,34.19698879017555
1779789120,34.23113653045279
1779789135,34.363728680681795
1779789150,34.459384446204155
1779789165,34.63133331404082
1779789180,34.492848179357196
1779789195,34.52525959385761
1779789210,34.37930299674045
1779789225,34.63948878359856
1779789240,34.73061957891469
1779789255,34.701470352237365
1779789270,34.721780102232756
1779789285,34.61149710743911
1779789300,34.74166892476711
1779789315,34.698734323740574
1779789330,34.82727504715702
1779789345,34.49963563466654
1779789360,35.020428135843815
1779789375,35.28919031972072
1779789390,34.98054525890984
1779789405,35.14938978672132
1779789420,35.24109935729638
1779789435,35.27256368500946
1779789450,34.92903426086453
1779789465,35.077411190882714
1779789480,35.050840144904285
1779789495,35.10429793245693
1779789510,35.06488859891663
1779789525,35.049419514723255
1779789540,35.04878812353168
1779789555,34.99301523494329
1779789570,35.13371023879741
1779789585,35.22815583786927
1779789600,35.18164335342385
1779789615,35.571790493879455
1779789630,35.55642664155133
1779789645,35.629825867570965
1779789660,35.98566741995144
1779789675,34.99796113261057
1779789690,35.5386424563222
1779789705,35.54369358585473
1779789720,35.55342753339139
1779789735,35.60293912599675
1779789750,35.3988419233228
1779789765,35.251464696024605
1779789780,35.11150631522732
1779789795,35.02779436641209
1779789810,34.90577801864182
1779789825,34.90825096747546
1779789840,34.78876018447146
1779789855,34.867105308158365
1779789870,34.79254853162086
1779789885,34.943661490135824
1779789900,34.81391060026887
1779789915,34.5529355744213
1779789930,34.60102653684562
1779789945,34.964813095053316
1779789960,34.49747838142868
1779789975,34.62075751158208
1779789990,34.68689573889869
1779790005,34.602447167026654
1779790020,34.44123194944662
1779790035,34.4895859915341
1779790050,34.46122600384622
1779790065,34.42229021369961
1779790080,34.355415363326166
1779790095,34.273492356220395
1779790110,34.300747409323016
1779790125,34.181835401577956
1779790140,34.2915922370453
1779790155,34.22424384327818
1779790170,34.10196441584476
1779790185,34.12190585431174
1779790200,34.14211037244188
1779790215,34.06997392880539
1779790230,34.17204883810867
1779790245,34.16826049095927
1779790260,34.286804187175925
1779790275,34.15821084782683
1779790290,34.18851762502203
1779790305,34.251341048582916
1779790320,34.999223914993706
1779790335,34.492164172233
1779790350,34.47969419619955
1779790365,34.50679140150429
1779790380,34.549199843204526
1779790395,34.513052697487325
1779790410,34.392720059561235
1779790425,34.58524175705645
1779790440,34.59397600187313
1779790455,34.53231012883011
1779790470,34.57892784514078
1779790485,34.563090449418986
1779790500,34.481693601639506
1779790515,34.61291773762013
1779790530,34.58303188788597
1779790545,34.463067561488295
1779790560,34.46201524283568
1779790575,34.61749532375899
1779790590,34.34326108288851
1779790605,34.34689158224001
1779790620,34.37903991707729
1779790635,34.31216506670385
1779790650,34.356415066046154
1779790665,34.35089039311994
1779790680,34.29332856282211
1779790695,34.20193468784283
1779790710,34.148739979953326
1779790725,34.128009302496885
1779790740,34.09086245405971
1779790755,34.20467071633961
1779790770,34.08460115807668
1779790785,33.919702825212504
1779790800,33.97210829411254
1779790815,34.07307826883058
1779790830,34.10085948125952
1779790845,34.633385335413415
1779790860,34.02204081417894
1779790875,34.0922304683081
1779790890,33.87129616719239
1779790905,33.99983689060885
1779790920,34.007624048638164
1779790935,34.06287077790026
1779790950,34.07055270406432
1779790965,33.93759224230689
1779790980,33.925122266273455
1779790995,33.87882024555856
1779791010,33.956744441784416
1779791025,33.93185710565017
1779791040,33.95116715292558
1779791055,33.89171114905305
1779791070,33.82541507393854
1779791085,33.86293023390413
1779791100,33.82720401564798
1779791115,33.837358890645675
1779791130,33.82215288611544
1779791145,33.80826227990098
1779791160,34.200619289527054
1779791175,34.05187404798047
1779791190,34.27933272474238
1779791205,34.40166476810843
1779791220,34.11043558099828
1779791235,34.12232678177279
1779791250,34.12095876752439
1779791265,33.97747511924085
1779791280,34.11417131221505
1779791295,34.19898819561551
1779791310,33.922701933372444
1779791325,34.00857113542551
1779791340,33.790635942469734
1779791355,33.72091983173425
1779791370,33.74086127020123
1779791385,33.735126133544505
1779791400,34.03624711598919
1779791415,33.94822066069827
1779791430,34.298379692354644
1779791445,34.02798641456619
1779791460,34.02940704474722
1779791475,33.93227803311121
1779791490,33.96616269372529
1779791505,33.927753062904976
1779791520,34.01914693788426
1779791535,34.41455567160292
1779791550,34.06513326300337
1779791565,34.22603278498762
1779791580,34.31958391320475
1779791595,34.20477594820488
1779791610,34.41213533870191
1779791625,34.347733437162105
1779791640,34.11664426104869
1779791655,34.06181845924765
1779791670,34.08539039706614
1779791685,34.05087434526048
1779791700,34.0555571632646
1779791715,34.04182440484803
1779791730,33.97968498841134
1779791745,33.98989247934166
1779791760,33.9248591866103
1779791775,33.92622720085869
1779791790,33.62210711025405
1779791805,33.8330970001026
1779791820,33.80031727407376
1779791835,33.72518172227732
1779791850,34.313164769423835
1779791865,34.36656994104384
1779791880,34.39408807380963
1779791895,34.29232886010213
1779791910,34.340525054391726
1779791925,34.38014485166253
1779791940,34.34189306864012
1779791955,34.3194786813395
1779791970,34.37851375775098
1779791985,34.3403145906612
1779792000,34.33778902589493
1779792015,34.295801511655746
1779792030,34.30664039377764
1779792045,34.26118022798483
1779792060,34.35204794363781
1779792075,34.243396042755705
1779792090,34.28154259391286
1779792105,34.27622838471718
1779792120,34.180151691733776
1779792135,34.20114544885337
1779792150,34.0026781509709
1779792165,34.066448661319136
1779792180,34.01883124228847
1779792195,34.12264247736857
1779792210,34.08575870859455
1779792225,34.19298997929563
1779792240,34.072078566110605
1779792255,34.1342179825473
1779792270,34.183413879556866
1779792285,33.9103898051369
1779792300,33.84193647678454
1779792315,33.91833481096411
1779792330,33.87761007910805
1779792345,33.88481846187844
1779792360,33.853827677559046
1779792375,33.77763980710999
1779792390,33.9033392701644
1779792405,33.81836453896604
1779792420,33.69697958238734
1779792435,33.721130295464775
1779792450,33.60979498201851
1779792465,33.771062815531174
1779792480,34.11611810172238
1779792495,34.03698373904602
1779792510,33.86571887833355
1779792525,33.99594331159418
1779792540,33.9329620402354
1779792555,33.92848968596181
1779792570,34.249078563479806
1779792585,34.25381399741656
1779792600,34.22587493718973
1779792615,34.11548671053082
1779792630,34.122011086177004
1779792645,34.067027436578066
1779792660,34.28648849158014
1779792675,34.31784758742795
1779792690,34.26275870596376
1779792705,33.958322919763326
1779792720,33.86556103053565
1779792735,33.95795460823492
1779792750,33.89392101822353
1779792765,33.88118796252694
1779792780,33.96200603504747
1779792795,33.91249444244212
1779792810,33.96484729540953
1779792825,33.70024177021044
1779792840,33.7666430771902
1779792855,34.03393201495345
1779792870,33.96905657001997
1779792885,34.00404616521929
1779792900,34.03356370342503
1779792915,33.835043789609934
1779792930,34.062081538910796
1779792945,33.781059842730976
1779792960,33.85614277859479
1779792975,33.82452060308382
1779792990,33.86361424102833
1779793005,33.85145996059067
1779793020,33.80784135243993
1779793035,33.86140437185784
1779793050,33.88166150592061
1779793065,33.88655478765526
1779793080,33.92585888933027
1779793095,33.88129319439219
1779793110,33.790635942469734
1779793125,33.997732253303624
1779793140,33.94132797352366
1779793155,33.886081244261575
1779793170,33.79531876047386
1779793185,33.92212315811351
1779793200,34.03772036210285
1779793215,34.33931488794122
1779793230,34.84416476153144
1779793245,34.67463622659578
1779793260,34.75929526219834
1779793275,34.79060174211352
1779793290,34.72372689174009
1779793305,34.78597154004204
1779793320,34.839745023190474
1779793335,34.84321767474409
1779793350,34.842165356091485
1779793365,33.88397660695636
1779793380,34.009097294751825
1779793395,34.15026584199962
1779793410,34.12327386856013
1779793425,34.103805973486836
1779793440,34.041456093319624
1779793455,34.11048819693091
1779793470,34.22966328433913
1779793485,34.251709360111334
1779793500,34.090020599137624
1779793515,34.04114039772384
1779793530,34.0202518724695
1779793545,33.960111861472775
1779793560,33.95684967364968
1779793575,34.095071728670156
1779793590,34.05061126559733
1779793605,33.780060140010995
1779793620,33.795055680810705
1779793635,33.62626376893188
1779793650,33.7053455156756
1779793665,33.66267399431222
1779793680,33.67256578964676
1779793695,33.73244272098034
1779793710,33.7539100214936
1779793725,33.76085532460085
1779793740,33.76453843988499
1779793755,33.81747006811132
1779793770,33.855353539605325
1779793785,33.899340459284474
1779793800,33.87387434789129
1779793815,33.79416120995599
1779793830,33.84009491914246
1779793845,33.89797244503608
1779793860,33.69387524236214
1779793875,33.685035765680205
1779793890,33.90586483493067
1779793905,33.88944866394993
1779793920,33.87987256421117
1779793935,33.897761981305564
1779793950,33.88234551304481
1779793965,33.8298348122795
1779793980,33.7914251814592
1779793995,33.80026465814113
1779794010,34.16026286919942
1779794025,34.02130419112211
1779794040,34.15226524743957
1779794055,34.01709491651167
1779794070,34.18294033616319
1779794085,34.20104021698811
1779794100,34.354731356201974
1779794115,34.025776545395715
1779794130,33.97216091004517
1779794145,33.85282797483906
1779794160,33.84030538287299
1779794175,33.922333621844025
1779794190,33.859983741676814
1779794205,33.9128101380379
1779794220,34.088126425562926
1779794235,34.183782191085285
1779794250,34.02188296638104
1779794265,34.08018141973571
1779794280,34.0052563316698
1779794295,34.10280627076685
1779794310,34.27759639896557
1779794325,34.1126980661014
1779794340,33.973371076495674
1779794355,34.14247868397029
1779794370,34.19472630507244
1779794385,34.15047630573014
1779794400,33.93469836601221
1779794415,33.895446880269816
1779794430,33.92670074425237
1779794445,34.23866060881896
1779794460,34.35841447148611
1779794475,34.365675470189124
1779794490,34.24939425907559
1779794505,33.964794679476896
1779794520,34.048980171685784
1779794535,33.996153775324714
1779794550,34.00799236016658
1779794565,34.06129229992134
1779794580,34.07360442815689
1779794595,34.073341348493734
1779794610,34.02088326366107
1779794625,34.12127446312018
1779794640,34.2979587648936
1779794655,34.15158124031537
1779794670,34.02104111145896
1779794685,34.013780112755946
1779794700,33.94469539321202
1779794715,33.93138356225649
1779794730,33.92848968596181
1779794745,33.94827327663089
1779794760,33.92817399036602
1779794775,33.927384751376565
1779794790,33.95179854411714
1779794805,33.96358451302639
1779794820,33.84525128054025
1779794835,33.771115431463805
1779794850,33.87019123260715
1779794865,33.78021798780889
1779794880,33.860772980666276
1779794895,33.91912404995357
1779794910,33.95784937636965
1779794925,33.84167339712138
1779794940,34.027355023374625
1779794955,33.99957381094569
1779794970,34.05655686598459
1779794985,34.39803426875693
1779795000,34.343787242214816
1779795015,34.17362731608758
1779795030,34.17862582968749
1779795045,34.18009907580114
1779795060,34.28412077461176
1779795075,34.21898225001513
1779795090,34.34420816967586
1779795105,34.34420816967586
1779795120,34.33489514960025
1779795135,34.303167742224026
1779795150,34.33215912110346
1779795165,34.33058064312454
1779795180,34.27791209456136
1779795195,34.132797352366275
1779795210,34.19504200066822
1779795225,34.17878367748538
1779795240,34.16226227463939
1779795255,34.139690039540874
1779795270,34.289803295335865
1779795285,34.270966791454114
1779795300,34.22377029988451
1779795315,34.168365722824525
1779795330,34.163367209224624
1779795345,34.21351019302155
1779795360,34.16568231026037
1779795375,33.850828569399106
1779795390,34.05482054020778
1779795405,34.07665615224946
1779795420,34.056714713782476
1779795435,33.91717726044624
1779795450,34.04640199098689
1779795465,34.03356370342503
1779795480,34.18814931349362
1779795495,34.314848479268015
1779795510,34.193673986419824
1779795525,34.127062215709536
1779795540,34.04703338217846
1779795555,34.00662434591819
1779795570,34.13516506933465
1779795585,34.122379397705416
1779795600,33.957744144504396
1779795615,34.056346402254064
1779795630,34.15089723319118
1779795645,34.3542578128083
1779795660,34.19625216711872
1779795675,34.20630181025116
1779795690,34.19630478305136
1779795705,34.190411798596735
1779795720,34.25691833744177
1779795735,34.247394853635626
1779795750,34.23255716063382
1779795765,34.23723997863794
1779795780,34.21761423576674
1779795795,34.11033034913302
1779795810,34.21640406931623
1779795825,34.23608242812006
1779795840,34.07528813800107
1779795855,34.15800038409631
1779795870,34.13227119303996
1779795885,34.138058945629325
1779795900,34.0615553795845
1779795915,34.13648046765041
1779795930,34.132113345242075
1779795945,34.03887791262073
1779795960,33.97252922157359
1779795975,34.376672200108914
1779795990,34.27417636334459
1779796005,34.02519777013677
1779796020,34.085127317402986
1779796035,34.252288135370264
1779796050,34.026513168452546
1779796065,33.860036357609445
1779796080,33.916966796715705
1779796095,33.969319649683115
1779796110,33.97484432260933
1779796125,34.010781004596005
1779796140,33.9463791030562
1779796155,33.90933748648428
1779796170,34.107699552501494
1779796185,33.93853932909424
1779796200,34.00262553503827
1779796215,33.999784274676216
1779796230,33.879083325221714
1779796245,33.94011780707316
1779796260,34.11627594952027
1779796275,34.08760026623662
1779796290,34.37714574350259
1779796305,34.59697511003307
1779796320,34.95023848171465
1779796335,34.05471530834252
1779796350,33.882819056438485
1779796365,33.92254408557456
1779796380,33.90418112508649
1779796395,34.39324621888754
1779796410,34.307692712430246
1779796425,34.32521381799623
1779796440,34.43533896499199
1779796455,34.312691226030154
1779796470,34.13721709070724
1779796485,34.10038593786584
1779796500,34.11280329796666
1779796515,34.31521679079642
1779796530,34.33578962045497
1779796545,34.23624027591795
1779796560,34.36678040477437
1779796575,34.145740871793386
1779796590,34.13600692425673
1779796605,34.22066595985931
1779796620,34.11722303630762
1779796635,33.95385056548974
1779796650,34.12364218008855
1779796665,34.19456845727454
1779796680,34.15957886207522
1779796695,34.16799741129611
1779796710,34.28927713600955
1779796725,34.30858718328496
1779796740,34.277070239639265
1779796755,34.11795965936445
1779796770,33.98552535693333
1779796785,33.99557500006577
1779796800,34.23960769560631
1779796815,34.22613801685288
1779796830,33.879767332345914
1779796845,34.05824057582877
1779796860,34.10659461791625
1779796875,34.14942398707753
1779796890,34.18767577009994
1779796905,34.19409491388087
1779796920,34.238976304414734
1779796935,34.288961440413765
1779796950,34.21619360558571
1779796965,34.238765840684216
1779796980,34.19114842165356
1779796995,34.21514128693309
1779797010,34.21987672086985
1779797025,34.17878367748538
1779797040,34.253656149618664
1779797055,34.22666417617919
1779797070,34.17320638862654
1779797085,34.1708912875908
1779797100,34.16136780378466
1779797115,34.15279140676588
1779797130,33.94280121963732
1779797145,34.04945371507946
1779797160,34.02772333490304
1779797175,34.01388534462121
1779797190,33.925069650340824
1779797205,33.89713059011399
1779797220,33.91491477534312
1779797235,33.95237731937608
1779797250,33.874190043487076
1779797265,33.91565139839995
1779797280,33.909758413945326
1779797295,33.86524533493988
1779797310,33.80594717886524
1779797325,33.80447393275158
1779797340,33.81447095995138
1779797355,33.72528695414259
1779797370,33.72297185310684
1779797385,33.67530181814355
1779797400,33.70508243601245
1779797415,33.82304735697016
1779797430,33.90739069697695
1779797445,34.08891566455239
1779797460,34.10912018268252
1779797475,34.13064009912842
1779797490,34.14032143073244
1779797505,34.150739385393294
1779797520,34.21256310623419
1779797535,34.195936471522934
1779797550,34.13453367814307
1779797565,34.154738196273215
1779797580,34.27449205894037
1779797595,34.33357975128448
1779797610,34.357046457237715
1779797625,34.32737107123408
1779797640,34.28533094106226
1779797655,34.220034568667735
1779797670,34.285383556994894
1779797685,34.13248165677049
1779797700,34.11611810172238
1779797715,34.030301515601934
1779797730,33.912389210576855
1779797745,33.88776495410575
1779797760,34.02177773451579
1779797775,34.019304785682145
1779797790,34.02261958943787
1779797805,33.8021062157832
1779797820,33.82767755904166
1779797835,33.745070544811675
1779797850,33.759013766958766
1779797865,33.81205062705037
1779797880,33.873348188564975
1779797895,33.77916566915628
1779797910,33.80221144764847
1779797925,33.93648730772165
1779797940,34.01114931612441
1779797955,33.98952416781326
1779797970,34.075130290203184
1779797985,34.06029259720136
1779798000,34.11853843462339
1779798015,34.10206964771002
1779798030,33.91733510824413
1779798045,33.994733145143684
1779798060,33.99236542817531
1779798075,34.177152583573836
1779798090,34.10412166908261
1779798105,34.03961453567755
1779798120,34.0063086503224
1779798135,33.99704824617943
1779798150,34.3112179799165
1779798165,34.32684491190777
1779798180,33.97231875784307
1779798195,33.98157916198604
1779798210,33.75790883237353
1779798225,33.68214188938552
1779798240,33.63925990429162
1779798255,33.67672244832458
1779798270,33.623369892637186
1779798285,33.646783982657794
1779798300,33.63347215170226
1779798315,33.66656757332688
1779798330,33.5719115105245
1779798345,33.65088802540297
1779798360,33.700399618008326
1779798375,33.71592131813435
1779798390,33.76295996190607
1779798405,33.82157411085651
1779798420,33.837358890645675
1779798435,33.91149473972214
1779798450,33.851407344658035
1779798465,33.84193647678454
1779798480,33.82604646513011
1779798495,33.868086595301925
1779798510,33.88402922288898
1779798525,34.048085700831066
1779798540,34.02861780575777
1779798555,33.970266736470464
1779798570,33.99746917364047
1779798585,33.996101159392076
1779798600,34.02151465485264
1779798615,34.10864663928884
1779798630,34.178678445620115
1779798645,34.192937363362994
1779798660,34.16747125196981
1779798675,34.141321133452415
1779798690,34.03303754409873
1779798705,34.356415066046154
1779798720,34.232031001307504
1779798735,34.61291773762013
1779798750,34.31090228432071
1779798765,34.16989158487082
1779798780,34.06739574810649
1779798795,34.132639504568374
1779798810,34.288382665154835
1779798825,34.227400799236015
1779798840,34.051768816115214
1779798855,34.12653605638324
1779798870,34.327318455301445
1779798885,33.903812813558076
1779798900,33.914651695679964
1779798915,33.937434394509005
1779798930,33.979737604343974
1779798945,33.720972447666874
1779798960,33.884081838821615
1779798975,33.82962434854898
1779798990,33.8432518751003
1779799005,33.86366685696096
1779799020,33.88187196965114
1779799035,33.95190377598241
1779799050,33.985998900327004
1779799065,33.8762946807923
1779799080,34.11143528371826
1779799095,33.977948662634525
1779799110,33.77721887964895
1779799125,33.756067274731464
1779799140,33.79631846319384
1779799155,33.7767979521879
1779799170,33.80694688158521
1779799185,33.7668009249881
1779799200,33.65883303123019
1779799215,33.790741174335004
1779799230,33.84193647678454
1779799245,34.204091941080684
1779799260,34.12190585431174
1779799275,34.10896233488463
1779799290,33.91896620215567
1779799305,33.894657641280354
1779799320,33.86692904478406
1779799320,33.86692904478406
1779799335,33.9818422416492
1779799350,33.92501703440819
1779799365,33.87724176757963
1779799380,33.9140203044884
1779799395,33.94038088673631
1779799410,33.896657046720314
1779799425,33.929752468344944
1779799440,34.127009599776905
1779799455,34.05392606935306
1779799470,34.12895638928424
1779799485,34.06634342945387
1779799500,34.032090457311384
1779799515,33.98426257455019
1779799530,34.12937731674528
1779799545,34.06129229992134
1779799560,34.4250262421964
1779799575,33.99226019631004
1779799590,33.96226911471063
1779799605,33.91649325332203
1779799620,33.955481659401286
1779799635,34.05218974357626
1779799650,33.978790517556625
1779799665,33.91291536990316
1779799680,33.93327773583119
1779799695,33.92922630901863
1779799710,33.95427149295078
1779799725,33.94416923388571
1779799740,33.94095966199525
1779799755,33.926753360185
1779799770,34.02304051689892
1779799785,34.024092835551535
1779799800,34.022093430111575
1779799815,34.04524444046901
1779799830,33.90481251627805
1779799845,33.987998305766965
1779799860,34.09917577141535
1779799875,34.142057756509246
1779799890,34.228821429417046
1779799905,34.21624622151834
1779799920,34.28054289119288
1779799935,34.18825454535887
1779799950,34.22829527009073
1779799965,34.27486037046879
1779799980,34.184308350411584
1779799995,34.179362452744314
1779800010,34.16868141842031
1779800025,34.104542596543666
1779800040,34.0791291010831
1779800055,33.89723582197925
1779800070,33.86819182716718
1779800085,33.89686751045083
1779800100,33.89997185047604
1779800115,33.93227803311121
1779800130,33.952219471578196
1779800145,33.99094479799428
1779800160,33.96158510758642
1779800175,33.8737165000934
1779800190,33.90633837832434
1779800205,33.885712932733156
1779800220,33.97594925719457
1779800235,33.94064396639946
1779800250,34.08970490354184
1779800265,33.95158808038662
1779800280,33.76864248263016
1779800295,33.93227803311121
1779800310,33.96732024424316
1779800325,33.969424881548385
1779800340,33.94864158815931
1779800355,33.96953011341364
1779800370,33.92670074425237
1779800385,33.924385643216624
1779800400,33.884450150350034
1779800415,34.70988890145825
1779800430,34.92998134765188
1779800445,34.93492724531916
1779800460,35.069360953190234
1779800475,35.0775690386806
1779800490,34.97528366564679
1779800505,35.00753723234933
1779800520,34.95818348754186
1779800535,34.98822718507392
1779800550,35.08924977572458
1779800565,35.038107089207685
1779800580,35.02079644737223
1779800595,34.80628129003743
1779800610,34.7760797447075
1779800625,34.814384143662544
1779800640,34.86063354844481
1779800655,34.86194894676057
1779800670,34.80417665273221
1779800685,34.85684520129541
1779800700,34.75966357372676
1779800715,34.63028099538822
1779800730,34.242028028507306
1779800745,34.194410609476655
1779800760,34.1481612046944
1779800775,34.111119588122484
1779800790,34.04861186015737
1779800805,34.15631667425213
1779800820,34.13006132386948
1779800835,33.93359343142697
1779800850,33.77143112705958
1779800865,33.91570401433258
1779800880,34.02272482130314
1779800895,34.068658530489614
1779800910,34.08802119369766
1779800925,34.103700741621566
1779800940,34.179783380205365
1779800955,34.02782856676831
1779800970,33.954481956681306
1779800985,33.90807470410115
1779801000,33.99410175395211
1779801015,34.027355023374625
1779801030,33.97231875784307
1779801045,34.041087781791205
1779801060,34.123431716358034
1779801075,34.05503100393831
1779801090,34.067711443702265
1779801105,34.03535264513447
1779801120,34.32852862175195
1779801135,34.075656449529475
1779801150,34.044297353681664
1779801165,33.97915882908503
1779801180,33.93990734334263
1779801195,33.92670074425237
1779801210,33.96032232520329
1779801225,33.90360234982756
1779801240,34.07418320341583
1779801255,33.85224919958012
1779801270,33.9140203044884
1779801285,33.859457582350515
1779801300,33.8671921244472
1779801315,33.8868178673184
1779801330,33.81031430127357
1779801345,33.77521947420898
1779801360,33.861351755925206
1779801375,33.84977625074649
1779801390,33.831992065517355
1779801405,33.810998308397764
1779801420,33.81426049622086
1779801435,34.05729348904142
1779801450,33.98226316911024
1779801465,34.052031895778356
1779801480,33.89476287314561
1779801495,33.744491769552745
1779801510,33.74154527732542
1779801525,33.814102648422974
1779801540,33.782690936642524
1779801555,34.145740871793386
1779801570,33.879346404884856
1779801585,34.046033679458475
1779801600,33.95022006613823
1779801615,33.906180530526456
1779801630,33.88018825980696
1779801645,33.8671921244472
1779801660,33.93369866329223
1779801675,33.97463385887881
1779801690,33.99489099294157
1779801705,33.98652505965332
1779801720,34.22776911076443
1779801735,34.41560799025552
1779801750,34.33352713535186
1779801765,34.34415555374323
1779801780,34.33936750387385
1779801795,34.09512434460279
1779801810,34.27759639896557
1779801825,34.275754841323504
1779801840,34.10559491519627
1779801855,34.07923433294836
1779801870,34.103648125688935
1779801885,34.08696887504505
1779801900,34.04703338217846
1779801915,34.08128635432095
1779801930,33.998363644495186
1779801945,34.04719122997635
1779801960,34.01183332324861
1779801975,34.03898314448598
1779801990,34.05161096831731
1779802005,34.09128338152075
1779802020,33.99746917364047
1779802035,34.006045570659246
1779802050,33.97142428698834
1779802065,33.9159144780631
1779802080,33.9103898051369
1779802095,33.86124652405995
1779802110,33.95411364515289
1779802125,33.85856311149579
1779802140,33.94785234916985
1779802155,33.95227208751081
1779802170,33.956691825851784
1779802185,33.92649028052185
1779802200,33.94916774748562
1779802215,34.00494063607401
1779802230,34.052452823239406
1779802245,33.924385643216624
1779802260,33.97363415615883
1779802275,33.98626197999016
1779802290,34.05119004085627
1779802305,34.03193260951348
1779802320,34.20277654276491
1779802335,34.138216793427226
1779802350,34.18830716129151
1779802365,34.197409717636596
1779802380,34.21840347475619
1779802395,34.08775811403451
1779802410,34.13290258423153
1779802425,34.20909045468058
1779802440,34.3043252927419
1779802455,34.36730656410067
1779802470,34.355099667730386
1779802485,34.34168260490959
1779802500,34.331001570585585
1779802515,34.33263266449713
1779802530,34.256392178115455
1779802545,34.09344063475861
1779802560,34.136112156122
1779802575,34.0626076982371
1779802590,34.354731356201974
1779802605,34.278017326426614
1779802620,34.19325305895878
1779802635,34.13521768526727
1779802650,34.178731061552746
1779802665,34.15668498578054
1779802680,34.05124265678891
1779802695,34.11190882711194
1779802710,33.99710086211205
1779802725,34.038930528553344
1779802740,34.027091943711476
1779802755,33.94885205188983
1779802770,33.927963526635494
1779802785,33.94958867494666
1779802800,33.94853635629404
1779802815,34.063028625698145
1779802830,34.048085700831066
1779802845,34.16941804147714
1779802860,34.14584610365865
1779802875,34.16078902852573
1779802890,34.0803392675336
1779802905,34.13721709070724
1779802920,34.095966199524874
1779802935,34.14774027723335
1779802950,34.11048819693091
1779802965,34.23955507967368
1779802980,34.19851465222183
1779802995,34.257654960498584
1779803010,34.2878038898959
1779803025,34.050821729327865
1779803040,33.922754549305075
1779803055,33.97968498841134
1779803070,34.00209937571196
1779803085,34.01883124228847
1779803100,33.94495847287517
1779803115,34.05103219305838
1779803130,34.018094619231654
1779803145,33.99825841262994
1779803160,33.95116715292558
1779803175,34.032037841378745
1779803190,34.17436393914441
1779803205,34.140742358193485
1779803220,34.1290616211495
1779803235,34.03761513023758
1779803250,34.05566239512987
1779803265,34.057819648367726
1779803280,34.160052405468896
1779803295,34.0488223238879
1779803310,34.21435204794364
1779803325,34.13316566389468
1779803340,34.403032782356824
1779803355,34.43886423247824
1779803370,34.494531889201376
1779803385,34.599079747338294
1779803400,34.15158124031537
1779803415,34.12190585431174
1779803430,34.117854427499196
1779803445,34.19719925390608
1779803460,34.1664189333172
1779803475,34.21503605506784
1779803490,34.19083272605777
1779803505,34.192095508440914
1779803520,34.209353534343734
1779803535,34.42828843001949
1779803550,34.17983599613799
1779803565,34.1912010375862
1779803580,34.05902981481822
1779803595,34.1848345097379
1779803610,34.19919865934604
1779803625,34.006098186591885
1779803640,34.40950454207038
1779803655,34.20956399807425
1779803670,34.32147808677946
1779803685,34.33521084519603
1779803700,34.20588088279012
1779803715,34.18388742295054
1779803730,34.230399907395956
1779803745,34.14016358293455
1779803760,34.241396637315745
1779803775,34.39687671823904
1779803790,34.34478694493479
1779803805,34.407136825102015
1779803820,34.15526435559953
1779803835,34.11290852983192
1779803850,34.119748601073894
1779803865,34.26223254663745
1779803880,34.442705195560265
1779803895,34.32426673120887
1779803910,34.25355091775341
1779803925,34.08791596183241
1779803940,34.12358956415592
1779803955,33.94011780707316
1779803970,34.06971084914223
1779803985,34.03640496378708
1779804000,34.004414476747705
1779804015,34.01351703309279
1779804030,34.11353992102348
1779804045,34.20588088279012
1779804060,34.23455656607377
1779804075,34.027091943711476
1779804090,34.112066674909826
1779804105,34.182098481241106
1779804120,34.1386903368209
1779804135,34.234240870478
1779804150,34.49395311394243
1779804165,34.75550691504895
1779804180,34.544359177402505
1779804195,34.408452223417775
1779804210,34.3756198814563
1779804225,34.662429330225486
1779804240,34.143478386690276
1779804255,34.04861186015737
1779804270,33.82499414647749
1779804285,33.86961245734821
1779804300,33.98189485758183
1779804315,33.98452565421335
1779804330,33.82141626305861
1779804345,33.84930270735281
1779804360,33.819048546090244
1779804375,33.752436775379955
1779804390,33.73559967693818
1779804405,33.77569301760266
1779804420,33.70929171062289
1779804435,33.605322627744904
1779804450,33.672460557781505
1779804465,33.64662613485989
1779804480,33.696663886791555
1779804495,33.59995580261659
1779804510,33.61042637321007
1779804525,33.68156311412659
1779804540,33.627526551315
1779804555,33.62221234211932
1779804570,33.76490675141339
1779804585,33.74496531294642
1779804600,33.770010496878555
1779804615,33.81168231552196
1779804630,33.63415615882646
1779804645,33.73417904675715
1779804660,33.83214991331525
1779804675,33.89023790293939
1779804690,33.8761368329944
1779804705,33.90612791459382
1779804720,33.73365288743084
1779804735,33.96737286017579
1779804750,34.02898611728617
1779804765,34.28301584002652
1779804780,34.577296751229234
1779804795,34.92098402317205
1779804810,35.179696563916515
1779804825,34.98754317794972
1779804840,34.96270845774809
1779804855,35.001486400096816
1779804870,34.89604407110517
1779804885,34.979756019920394
1779804900,34.72299026868326
1779804915,34.5503573937224
1779804930,34.50963266186634
1779804945,34.410767324453516
1779804960,34.282700144430734
1779804975,34.349048835477866
1779804990,34.35567844298932
1779805005,34.37372570788161
1779805020,34.31779497149532
1779805035,33.955481659401286
1779805050,34.043613346557464
1779805065,33.95043052986875
1779805080,33.91844004282937
1779805095,33.86519271900724
1779805110,33.907706392572734
1779805125,33.94553724813411
1779805140,34.003151694364576
1779805155,33.895709959932965
1779805170,34.05976643787505
1779805185,34.017410612107454
1779805200,34.07307826883058
1779805215,33.992838971568986
1779805230,33.7105018770734
1779805245,34.01677922091588
1779805260,34.17125959911921
1779805275,33.997363941775205
1779805290,34.03824652142915
1779805305,33.98941893594799
1779805320,34.049716794742615
1779805335,34.062292002641314
1779805350,34.02967012441037
1779805365,34.11164574744878
1779805380,34.09864961208904
1779805395,33.88260859270796
1779805410,33.97321322869779
1779805425,34.03524741326921
1779805440,34.003151694364576
1779805455,34.0391936082165
1779805470,33.978843133489256
1779805485,34.13300781609679
1779805500,34.09917577141535
1779805515,34.005992954726615
1779805530,33.99657470278575
1779805545,34.01020222933706
1779805560,33.95984878180962
1779805575,33.93233064904384
1779805590,34.29732737370203
1779805605,34.413135041421896
1779805620,34.55577683478334
1779805635,34.430393067324715
1779805650,34.37151583871112
1779805665,34.8279064383486
1779805680,34.66427088786755
1779805695,34.72704169549581
1779805710,34.32463504273729
1779805725,34.15047630573014
1779805740,34.14795074096387
1779805755,34.09728159784065
1779805770,34.22624324871815
1779805785,34.59229229202895
1779805800,34.659061910537126
1779805815,34.87547124144662
1779805830,34.29632767098205
1779805845,34.306693009710266
1779805860,34.33231696890135
1779805875,34.29153962111266
1779805890,34.31042874092704
1779805905,34.49658391057396
1779805920,34.387405850365546
1779805935,34.56803634708626
1779805950,34.77455388266121
1779805965,34.773343716210704
1779805980,34.60802445588549
1779805995,34.01283302596859
1779806010,34.230452523328594
1779806025,34.08054973126412
1779806040,34.19177981284513
1779806055,34.02798641456619
1779806070,33.951745928184515
1779806085,33.935171909405895
1779806100,33.93369866329223
1779806115,33.901339864724434
1779806130,33.81262940230931
1779806145,33.92259670150718
1779806160,33.80526317174104
1779806175,33.774693314882676
1779806190,33.85335413416537
1779806205,33.84693499038443
1779806220,33.8647717915462
1779806235,33.7769557999858
1779806250,33.76390704869342
1779806265,33.766432613459685
1779806280,34.107804784366756
1779806295,33.84719807004759
1779806310,33.90718023324643
1779806325,33.82078487186705
1779806340,33.834465014351004
1779806355,33.88755449037523
1779806370,33.90854824749482
1779806385,33.88623909205947
1779806400,33.85798433623685
1779806415,33.85345936603063
1779806430,33.75427833302203
1779806445,33.86345639323043
1779806460,34.004677556410854
1779806475,33.87050692820293
1779806490,33.90739069697695
1779806505,34.024829458608366
1779806520,34.04645460691952
1779806535,34.137111858841976
1779806550,34.11417131221505
1779806565,34.18551851686209
1779806580,34.13690139511145
1779806595,34.13074533099368
1779806610,34.146845806378636
1779806625,34.43270816836046
1779806640,34.43965347146769
1779806655,34.30264158289772
1779806670,34.31032350906178
1779806685,34.226401096516035
1779806700,34.28648849158014
1779806715,34.19183242877776
1779806730,34.02656578438516
1779806745,34.03419509461661
1779806760,34.02104111145896
1779806775,34.03256400070506
1779806790,34.00625603438977
1779806805,34.001362752655126
1779806820,34.01093885239389
1779806835,33.98078992299658
1779806850,33.96884610628944
1779806865,33.91512523907364
1779806880,33.93590853246271
1779806895,33.969319649683115
1779806910,33.907127617313805
1779806925,33.90539129153699
1779806940,34.07691923191262
1779806955,34.024355915214684
1779806970,34.037457282439696
1779806985,33.911442123789506
1779807000,33.951377616656096
1779807015,33.942853835569956
1779807030,34.04534967233428
1779807045,34.42986690799841
1779807060,34.31384877654803
1779807075,34.141268517519784
1779807090,34.18593944432313
1779807105,34.15037107386488
1779807120,34.0980708368301
1779807135,34.19251643590195
1779807150,34.07281518916743
1779807165,34.20467071633961
1779807180,34.19519984846612
1779807195,34.20056667359444
1779807210,34.123484332290666
1779807225,34.08623225198822
1779807240,34.40597927458414
1779807255,34.327423687166714
1779807270,34.11611810172238
1779807285,34.29874800388305
1779807300,34.24002862306735
1779807315,34.57140376677462
1779807330,34.074077971550565
1779807345,34.04782262116791
1779807360,34.076708768182094
1779807375,34.113382073225594
1779807390,34.09149384525128
1779807405,34.018462930760066
1779807420,34.061029220258185
1779807435,34.12053784006335
1779807450,33.98136869825552
1779807465,34.00594033879399
1779807480,34.114118696282425
1779807495,34.128745925553716
1779807510,34.28564663665805
1779807525,34.31421708807644
1779807540,34.26759937176577
1779807555,34.29169746891056
1779807570,34.42234282963225
1779807585,34.46580358998508
1779807600,34.48774443389203
1779807615,34.82211868575924
1779807630,34.828064286146486
1779807645,34.942714403348475
1779807660,34.96896975373113
1779807675,34.9945937129222
1779807690,34.936137411769664
1779807705,34.907461728486
1779807720,34.88078545064231
1779807735,34.97791446227833
1779807750,35.04068526990658
1779807765,35.05283955034424
1779807780,35.090407326242456
1779807795,35.10855982300001
1779807810,34.75187641569744
1779807825,34.12390525975171
1779807840,34.156053594588975
1779807855,34.202408231236504
1779807870,34.16284104989832
1779807885,34.100438553798476
1779807900,34.171101751321316
1779807915,34.18625513991892
1779807930,34.03330062376189
1779807945,34.04319241909642
1779807960,33.99931073128254
1779807975,33.89449979348247
1779807990,34.19598908745557
1779808005,33.967688555771566
1779808020,33.877452231310166
1779808035,33.92459610694715
1779808050,33.90323403829913
1779808065,33.90633837832434
1779808080,33.932120185313316
1779808095,33.97147690292097
1779808110,33.91528308687154
1779808125,34.09249354797126
1779808140,34.14768766130072
1779808155,34.14410977788184
1779808170,34.04929586728157
1779808185,33.88650217172262
1779808200,34.010096997471805
1779808215,34.02425068334942
1779808230,34.05676732971511
1779808245,34.088705200821856
1779808260,34.11885413021917
1779808275,34.01793677143375
1779808290,34.01756845990535
1779808305,34.070394856266425
1779808320,34.045033976738495
1779808335,33.984473038280726
1779808350,33.99357559462581
1779808365,34.035089565471324
1779808380,33.97594925719457
1779808395,34.028039030498825
1779808410,34.07818201429574
1779808425,33.935014061607994
1779808440,33.86587672613144
1779808455,33.86366685696096
1779808470,33.920071136740916
1779808485,33.913020601768416
1779808500,33.956428746188635
1779808515,33.99636423905523
1779808530,33.9685830266263
1779808545,33.80678903378732
1779808560,33.974107699552505
1779808575,34.083338375693536
1779808590,34.08949443981132
1779808605,33.94806281290037
1779808620,33.96821471509788
1779808635,33.947378805776175
1779808650,33.95195639191504
1779808665,34.02603962505887
1779808680,34.04019331093649
1779808695,34.02898611728617
1779808710,33.96921441781786
1779808725,33.99689039838153
1779808740,34.027302407441994
1779808755,34.05482054020778
1779808770,33.972687069371474
1779808785,33.981105618592366
1779808800,33.992681123771085
1779808815,34.138058945629325
1779808830,34.1392164961472
1779808845,34.141426365317685
1779808860,34.120432608198094
1779808875,34.21619360558571
1779808890,34.183729575152654
1779808905,34.18588682839051
1779808920,34.276386232515065
1779808935,34.359308942340824
1779808950,34.27191387824146
1779808965,34.28775127396327
1779808980,34.2309786826549
1779808995,34.23808183356002
1779809010,34.22440169107608
1779809025,34.29527535232943
1779809040,34.04534967233428
1779809055,34.02388237182101
1779809070,34.02425068334942
1779809085,34.145425176197605
1779809100,34.10396382128472
1779809115,34.10301673449737
1779809130,34.04582321572796
1779809145,34.107015545377294
1779809160,34.04682291844794
1779809175,34.01351703309279
1779809190,34.0259343931936
1779809205,34.0026781509709
1779809220,33.94395877015519
1779809235,33.93427743855116
1779809250,33.93217280124594
1779809265,33.95848076756123
1779809280,33.98363118335863
1779809295,33.967162396445275
1779809310,33.876347296724916
1779809325,33.926385048656584
1779809340,33.89113237379411
1779809355,33.853775061626415
1779809370,33.92649028052185
1779809385,33.97058243206625
1779809400,33.93527714127115
1779809415,33.94427446575098
1779809430,33.932751576504884
1779809445,34.00515109980453
1779809460,33.93548760500167
1779809475,34.01919955381689
1779809490,33.95658659398653
1779809505,33.94553724813411
1779809520,33.98394687895442
1779809535,34.09428248968071
1779809550,34.12564158552851
1779809565,34.146845806378636
1779809580,34.12553635366326
1779809595,34.16320936142674
1779809610,34.06581727012756
1779809625,34.06039782906662
1779809640,34.09191477271233
1779809655,34.08996798320499
1779809670,34.02830211016198
1779809685,34.092388316106
1779809700,34.08617963605559
1779809715,34.24686869430933
1779809730,34.08239128890619
1779809745,34.08702149097769
1779809760,34.09896530768483
1779809775,33.938171017565836
1779809790,33.99215496444479
1779809805,33.97405508361987
1779809820,33.95195639191504
1779809835,33.929068461220744
1779809850,33.889659127680446
1779809865,33.86645550139038
1779809880,33.94227506031101
1779809895,33.82220550204808
1779809910,33.85577446706637
1779809925,33.85046025787069
1779809940,33.842673099841356
1779809955,33.89786721317082
1779809970,33.77516685827635
1779809985,33.80720996124836
1779810000,33.66651495739424
1779810015,33.789636239749754
1779810030,33.7964236950591
1779810045,34.07470936274213
1779810060,33.90444420474964
1779810075,33.802158831715836
1779810090,33.74970074688316
1779810105,33.81889069829235
1779810120,33.871401399057646
1779810135,33.82625692886063
1779810150,33.82425752342066
1779810165,33.82520461020802
1779810180,33.845040816809735
1779810195,33.78526911734142
1779810210,33.90423374101912
1779810225,33.86761305190825
1779810240,33.96295312183483
1779810255,33.90012969827394
1779810270,33.92959462054704
1779810285,33.98189485758183
1779810300,33.915335702804164
1779810315,33.92670074425237
1779810330,33.96116418012538
1779810345,33.87750484724279
1779810360,33.82220550204808
1779810375,33.85735294504529
1779810390,34.20335531802385
1779810405,33.96710978051264
1779810420,34.04824354862897
1779810435,34.05492577207304
1779810450,34.23881845661685
1779810465,34.089757519474475
1779810480,34.292697171630536
1779810495,34.17762612696751
1779810510,34.11154051558353
1779810525,33.981684393851296
1779810540,34.473432900216515
1779810555,34.344418633406384
1779810570,34.04250841197223
1779810585,34.690368390452306
1779810600,34.77018676025288
1779810615,33.557073817522685
1779810630,34.19588385559032
1779810645,34.273387124355125
1779810660,34.078760789554686
1779810675,34.291118693651626
1779810690,34.143741466353426
1779810705,34.160052405468896
1779810720,34.1612625719194
1779810735,34.410714708520885
1779810750,34.418817562145996
1779810765,34.47948373246903
1779810780,34.683423087345076
1779810795,34.68010828358935
1779810810,34.57966446819761
1779810825,34.531994433234324
1779810840,34.50295043842226
1779810855,34.539044968206824
1779810870,34.54293854722148
1779810885,34.690105310789164
1779810900,34.441442413177136
1779810915,34.398349964352704
1779810930,34.59292368322051
1779810945,34.48827059321833
1779810960,34.40787344815883
1779810975,34.32268825322996
1779810990,34.135691228660946
1779811005,34.36888504207959
1779811020,34.06297600976552
1779811035,34.21224741063842
1779811050,34.16457737567513
1779811065,34.37877683741414
1779811080,34.18067785106008
1779811095,34.15584313085846
1779811110,34.05150573645206
1779811125,34.18693914704312
1779811140,34.095440040198575
1779811155,34.164103832281455
1779811170,34.299747706603036
1779811185,34.922720348948864
1779811200,34.59123997337634
1779811215,34.32768676682987
1779811230,34.614811911194835
1779811245,34.59660679850466
1779811260,34.73593378811037
1779811275,34.62986006792717
1779811290,34.851425760234456
1779811305,34.54946292286767
1779811320,34.618758106142124
1779811335,34.28622541191698
1779811350,34.170996519456054
1779811365,34.187307458571524
1779811380,34.12579943332641
1779811395,34.2738606677488
1779811410,34.31116536398386
1779811425,34.088073809630295
1779811440,34.11901197801706
1779811455,33.98605151625964
1779811470,34.01914693788426
1779811485,34.01493766327381
1779811500,33.99257589190583
1779811515,33.91844004282937
1779811530,33.910179341406376
1779811545,33.88623909205947
1779811560,33.88702833104893
1779811575,33.84851346836335
1779811590,33.82225811798071
1779811605,33.80063296966954
1779811620,33.96616269372529
1779811635,33.95979616587699
1779811650,33.997363941775205
1779811665,34.008623751358144
1779811680,33.9202289845388
1779811695,33.93822363349845
1779811710,34.02130419112211
1779811725,33.95416626108552
1779811740,33.885028925608964
1779811755,34.35652029791141
1779811770,33.973371076495674
1779811785,34.12711483164217
1779811800,33.97984283620923
1779811815,34.122747709233835
1779811830,34.163156745494106
1779811845,34.280332427462355
1779811860,34.40482172406626
1779811875,34.57135115084199
1779811890,34.34389247408007
1779811905,34.440705790120305
1779811920,34.588819640475336
1779811935,34.5698252887957
1779811950,34.64101464564485
1779811965,34.694419817264865
1779811980,34.55062047338554
1779811995,34.43939039180455
1779812010,34.50116149671282
1779812025,34.446651390507554
1779812040,34.63896262427225
1779812055,34.468118691020834
1779812070,34.44123194944662
1779812085,34.49274294749193
1779812100,34.35189009583992
1779812115,34.53025810745752
1779812130,34.62412493127044
1779812145,34.929665652056094
1779812160,34.76297837748249
1779812175,34.74119538137344
1779812190,34.777447758955894
1779812205,34.442863043358166
1779812220,34.46217309063358
1779812235,34.3212150071163
1779812250,34.350837777187316
1779812265,34.387511082230816
1779812280,34.35567844298932
1779812295,34.371147527182714
1779812310,34.25928605441013
1779812325,34.425657633387964
1779812340,34.274544674873
1779812355,34.41734431603234
1779812370,34.32589782512042
1779812385,34.320373152194215
1779812400,34.253866613349196
1779812415,33.62921026115918
1779812430,34.41381904854609
1779812445,34.30322035815665
1779812460,34.27570222539087
1779812475,34.42844627781738
1779812490,34.44822986848648
1779812505,34.25760234456596
1779812520,34.28701465090644
1779812535,34.30400959714611
1779812550,34.09354586662388
1779812565,34.01199117104651
1779812580,33.916440637389414
1779812595,33.91891358622304
1779812610,33.83683273131937
1779812625,33.747753957375835
1779812640,33.87587375333124
1779812655,33.73707292305183
1779812670,33.70734492111557
1779812685,33.85456430061588
1779812700,34.05029557000155
1779812715,34.33331667162134
1779812730,34.0563990181867
1779812745,34.00415139708455
1779812760,33.909179638686396
1779812775,33.87729438351227
1779812790,33.99468052921105
1779812805,34.26170638731114
1779812820,34.3971397979022
1779812835,34.32942309260667
1779812850,34.56798373115363
1779812865,34.623335692280975
1779812880,34.51747243582829
1779812895,34.51952445720089
1779812910,34.42376345981326
1779812925,34.29117130958426
1779812940,34.5369403309016
1779812955,34.51389455240942
1779812970,34.26365317681848
1779812985,34.184413582276854
1779813000,34.04740169370687
1779813015,34.518735218211425
1779813030,34.500740569251775
1779813045,34.46485650319774
1779813060,34.58971411133005
1779813075,34.54088652584889
1779813090,34.324687658669916
1779813105,34.25039396179557
1779813120,34.40429556473996
1779813135,34.42597332898375
1779813150,34.65885144680661
1779813165,34.70141773630473
1779813180,34.60097392091299
1779813195,34.6192316495358
1779813210,34.39819211655482
1779813225,34.461804779105165
1779813240,34.38393319881193
1779813255,34.21303664962787
1779813270,34.180362155464294
1779813285,34.20556518719433
1779813300,34.21435204794364
1779813315,34.1485295162228
1779813330,34.07149979085167
1779813345,34.127167447574806
1779813360,34.193673986419824
1779813375,34.18546590092946
1779813390,33.835727796734126
1779813405,33.710659724871284
1779813420,33.67019807267839
1779813435,33.76948433755226
1779813450,33.767748011775446
1779813465,33.742808059708565
1779813480,33.745438856340094
1779813495,33.77779765490788
1779813510,33.74333421903487
1779813525,33.71123850013022
1779813540,33.741440045460166
1779813555,33.708660319431324
1779813570,33.698715908164154
1779813585,33.789057464490824
1779813600,33.854616916548494
1779813615,34.02246174163999
1779813630,34.226769408044454
1779813645,34.38345965541826
1779813660,34.71230923435925
1779813675,34.46690852457033
1779813690,34.266389205315264
1779813705,34.235082725400076
1779813720,34.297485221499926
1779813735,34.309113342611276
1779813750,34.31832113082163
1779813765,34.302746814762976
1779813780,34.314743247402745
1779813795,34.18115139445376
1779813810,34.24350127462097
1779813825,34.123326484492765
1779813840,34.177468279169624
1779813855,34.192042892508276
1779813870,34.2239281476824
1779813885,33.97095074359466
1779813900,33.98315763996496
1779813915,33.99862672415834
1779813930,33.98526227727018
1779813945,33.996153775324714
1779813960,33.95569212313181
1779813975,34.00815020796447
1779813990,34.01320133749701
1779814005,33.89434194568457
1779814020,33.9293315408839
1779814035,33.875715905533355
1779814050,33.92922630901863
1779814065,33.91765080383992
1779814080,33.93317250396593
1779814095,33.932804192437516
1779814110,33.971161207325196
1779814125,33.99089218206165
1779814140,34.44859818001489
1779814155,33.83862167302881
1779814170,33.941064893860506
1779814185,34.002046759779326
1779814200,33.952429935308714
1779814215,33.96732024424316
1779814230,34.163735520753036
1779814245,34.16231489057201
1779814260,34.201198064786
1779814275,34.13484937373886
1779814290,34.223980763615025
1779814305,34.080286651600964
1779814320,34.0985969961564
1779814335,34.298432308287275
1779814350,34.38587998831927
1779814365,34.40034936979267
1779814380,34.38330180762037
1779814395,34.40224354336737
1779814410,34.59166090083738
1779814425,34.49816238855288
1779814440,34.068816378287515
1779814455,34.075393369866326
1779814470,34.08612702012296
1779814485,34.08838950522608
1779814500,34.12722006350744
1779814515,34.159368398344704
1779814530,34.24897333161455
1779814545,34.17825751815907
1779814560,34.156053594588975
1779814575,34.18146709004953
1779814590,34.26686274870894
1779814605,34.16889188215083
1779814620,34.151318160652224
1779814635,34.122747709233835
1779814650,34.05403130121832
1779814665,34.07023700846853
1779814680,33.997732253303624
1779814695,34.03482648580817
1779814710,33.99710086211205
1779814725,33.93027862767124
1779814740,33.888028033768904
1779814755,33.954797652277094
1779814770,33.91791388350306
1779814785,33.90297095863598
1779814800,34.21187909911
1779814815,34.48932291187094
1779814830,34.42918290087421
1779814845,34.5040553730075
1779814860,34.52915317287227
1779814875,34.65385293320671
1779814890,34.65585233864667
1779814905,34.694419817264865
1779814920,34.68415971040191
1779814935,34.691368093172294
1779814950,34.742931707150234
1779814965,34.683738782940864
1779814980,34.70194389563104
1779814995,34.57834906988185
1779815010,34.66605982957699
1779815025,34.65722035289506
1779815040,34.26807291515944
1779815055,34.13064009912842
1779815070,34.13085056285894
1779815085,34.13548076493043
1779815100,34.157105913241594
1779815115,34.12069568786124
1779815130,34.12579943332641
1779815145,34.112434986438245
1779815160,34.06487018334021
1779815175,34.06134491585397
1779815190,33.920281600471434
1779815205,33.88008302794169
1779815220,33.94232767624364
1779815235,34.012359482574915
1779815250,33.97500217040722
1779815265,34.068448066759096
1779815280,34.05718825717615
1779815295,34.00567725913084
1779815310,33.914756927545234
1779815325,33.99652208685312
1779815340,34.01488504734118
1779815355,34.05287375070045
1779815370,34.12390525975171
1779815385,34.1044373646784
1779815400,34.114066080349794
1779815415,33.9684251788284
1779815430,34.07434105121372
1779815445,34.15463296440795
1779815460,34.179099373081165
1779815475,34.28927713600955
1779815490,34.243764354284124
1779815505,34.305482843259774
1779815520,34.18388742295054
1779815535,34.199777434604975
1779815550,34.27054586399307
1779815565,34.328055078358275
1779815580,34.28690941904118
1779815595,34.27517606606456
1779815610,34.259391286275395
1779815625,34.203671013619626
1779815640,34.21961364120669
1779815655,34.10717339317518
1779815670,34.20214515157335
1779815685,34.2208238076572
1779815700,34.20730151297114
1779815715,34.13221857710733
1779815730,34.17694211984331
1779815745,34.13427059847992
1779815760,34.28790912176116
1779815775,34.12558896959589
1779815790,34.06123968398871
1779815805,34.1314819540505
1779815820,34.1252732740001
1779815835,34.08717933877558
1779815850,34.156158826454245
1779815865,34.15168647218064
1779815880,34.09386156221965
1779815895,34.01199117104651
1779815910,34.06023998126872
1779815925,34.06197630704554
1779815940,34.103121966362636
1779815955,34.02372452402312
1779815970,34.04466566521008
1779815985,34.0860217882577
1779816000,34.158473927489986
1779816015,34.13427059847992
1779816030,34.252972142494464
1779816045,34.266283973449994
1779816060,34.24944687500822
1779816075,34.32026792032895
1779816090,34.23560888472639
1779816105,34.28990852720112
1779816120,34.314690631470114
1779816135,34.37919776487518
1779816150,34.43649651550986
1779816165,34.428077966288974
1779816180,34.42486839439851
1779816195,34.32768676682987
1779816210,34.43960085553507
1779816225,34.53494092546164
1779816240,34.40813652782199
1779816255,34.449124339341196
1779816270,34.48290376809001
1779816285,34.36220281863551
1779816300,34.43681221110565
1779816315,34.372778621094255
1779816330,34.43939039180455
1779816345,34.4394956236698
1779816360,34.372410309565836
1779816375,34.23161007384646
1779816390,34.19062226232725
1779816405,34.05787226430035
1779816420,34.175731953392805
1779816435,34.32258302136469
1779816450,34.28154259391286
1779816465,34.271019407386746
1779816480,34.19577862372505
1779816495,34.179625532407464
1779816510,34.12064307192861
1779816525,34.188991168415704
1779816540,34.123694796021184
1779816555,34.13427059847992
1779816570,34.167681715700326
1779816585,34.16962850520766
1779816600,34.12995609200422
1779816615,34.30427267680927
1779816630,34.234240870478
1779816645,34.215509598461516
1779816660,34.34831221242104
1779816675,34.25949651814065
1779816690,34.329475708539306
1779816705,34.209721845872146
1779816720,34.221770894444546
1779816735,34.297485221499926
1779816750,34.1511076969217
1779816765,34.11674949291395
1779816780,34.00346738996035
1779816795,34.12195847024437
1779816810,34.14942398707753
1779816825,34.03393201495345
1779816840,34.0992810032806
1779816855,34.10401643721735
1779816870,34.09249354797126
1779816885,34.14053189446297
1779816900,34.13284996829889
1779816915,34.31926821760898
1779816930,34.27486037046879
1779816945,34.30953427007232
1779816960,34.29422303367683
1779816975,34.35173224804203
1779816990,34.243659122418855
1779817005,34.24444836140832
1779817020,34.25049919366083
1779817035,34.24792101296193
1779817050,36.439900766351066
1779817065,43.723892631927875
1779817080,43.31706624082838
1779817095,42.89577046825549
1779817110,42.0140852851652
1779817125,42.0318168544617
1779817140,41.98304188491318
1779817155,42.03297440497957
1779817170,42.03444765109323
1779817185,42.04702285899194
1779817200,42.093219647841565
1779817215,42.115160491748505
1779817230,42.14772975404683
1779817245,42.089589148490056
1779817260,42.034184571430075
1779817275,42.00866584410426
1779817290,42.01329604617574
1779817305,41.97209777092601
1779817320,41.938897117436134
1779817335,41.84061055528224
1779817350,41.918850447103885
1779817365,41.908958651769346
1779817380,41.85329099504621
1779817395,41.836874824065475
1779817410,41.809830234693365
1779817425,41.737535943258976
1779817440,41.757582613591225
1779817455,41.79299313625159
1779817470,41.727801995722324
1779817485,41.73101156761278
1779817500,41.86476126835967
1779817515,41.81640722627219
1779817530,41.92663760513321
1779817545,41.91364146977347
1779817560,41.91211560772717
1779817575,42.10179604486034
1779817590,42.02897559409965
1779817605,42.02434539202816
1779817620,41.96557339527982
1779817635,42.01071786547684
1779817650,42.01903118283248
1779817665,41.93910758116666
1779817680,42.000299910816
1779817695,42.05733558178753
1779817710,42.00692951832744
1779817725,41.98814563037834
1779817740,41.98667238426468
1779817755,42.043865903034096
1779817770,41.9180085921818
1779817785,41.93389860383623
1779817800,41.98835609410886
1779817815,42.03428980329533
1779817830,42.118580527369495
1779817845,42.08401185963121
1779817860,42.047128090857186
1779817875,41.9636266057725
1779817890,42.12278980197994
1779817905,42.0772770202545
1779817920,42.08979961222058
1779817935,41.98988195615514
1779817950,42.09395627089839
1779817965,41.87870449050677
1779817980,41.89922470423269
1779817995,41.80930407536706
1779818010,41.89543635708329
1779818025,41.8116191764028
1779818040,41.82109004427631
1779818055,41.82577286228043
1779818070,41.84602999634319
1779818085,41.84050532341699
1779818100,41.69981031956287
1779818115,41.88664949633398
1779818130,41.868865311104855
1779818145,41.87002286162272
1779818160,41.863445870043904
1779818175,41.864235109033366
1779818190,41.829824289092976
1779818205,41.80067506241565
1779818220,41.80451602549768
1779818235,41.85907874763557
1779818250,41.81667030593535
1779818265,41.97572827027752
1779818280,41.9818843343953
1779818295,41.96273213491778
1779818310,41.97230823465654
1779818325,41.96541554748193
1779818340,41.94473748595813
1779818355,41.98867178970465
1779818370,41.90795894904936
1779818385,41.942211921191856
1779818400,41.95389265823584
1779818415,42.087221431521684
1779818430,42.18277196517878
1779818445,42.151255021533075
1779818460,42.17708944445467
1779818475,42.13594378513758
1779818490,42.14725621065315
1779818505,42.22060282074015
1779818520,42.15272826764672
1779818535,42.239544556487154
1779818550,42.20045091854264
1779818565,42.10910965949599
1779818580,42.155937839537195
1779818595,42.21150026439506
1779818610,42.16377761349914
1779818625,42.17240662645055
1779818640,42.05901929163169
1779818655,42.43201363804974
1779818670,42.31494318794674
1779818685,42.255171488478425
1779818700,42.1487294567668
1779818715,42.10574223980763
1779818730,42.12710430845564
1779818745,42.12247410638415
1779818760,42.02366138490397
1779818775,42.07864503450289
1779818790,41.90848510837567
1779818805,41.86034153001871
1779818820,41.82472054362781
1779818835,41.87475829555948
1779818850,41.933161980779396
1779818865,41.85934182729872
1779818880,41.7928352884537
1779818895,41.89901424050216
1779818910,41.849555263829444
1779818925,41.743271079915715
1779818940,41.880914359677256
1779818955,41.91879783117126
1779818970,42.37587243793293
1779818985,42.372189322648794
1779819000,42.516935753315465
1779819015,42.31210192758469
1779819030,41.97230823465654
1779819045,41.88080912781199
1779819060,41.93121519127207
1779819075,42.309786826548944
1779819090,42.10832042050653
1779819105,42.32009954934453
1779819120,42.24175442565763
1779819135,42.40607398326287
1779819150,42.587809414568824
1779819165,42.186244616732395
1779819180,42.12005377348314
1779819195,42.06948986222518
1779819210,42.09585044447309
1779819225,42.03413195549744
1779819240,41.9805163201469
1779819255,42.02345092117344
1779819270,42.01329604617574
1779819285,41.77257815439093
1779819300,41.64003862009456
1779819315,41.579161986040994
1779819330,41.72880169844231
1779819345,41.7497954555619
1779819360,41.72564474248447
1779819375,41.76168665633641
1779819390,41.78878386164114
1779819405,41.72527643095606
1779819420,41.69854753717973
1779819435,41.644510974368146
1779819450,41.72506596722554
1779819465,41.75337333898078
1779819480,41.766159010610004
1779819495,41.75337333898078
1779819510,41.77431448016774
1779819525,41.77715574052979
1779819540,41.76363344584374
1779819555,41.74163998600417
1779819570,41.71633172240886
1779819585,41.816722921867964
1779819600,41.960417033882024
1779819615,42.26611560246558
1779819630,42.119211918561064
1779819645,41.94947291989487
1779819660,41.97257131431969
1779819675,41.980095392685854
1779819690,41.968256807843986
1779819705,41.98830347817623
1779819720,42.005929815607466
1779819735,42.011191408870516
1779819750,42.0237140008366
1779819765,41.98030585641638
1779819780,41.897804074051656
1779819795,41.9484732171749
1779819810,41.955523752147386
1779819825,42.053599850570755
1779819840,41.99977375148969
1779819855,42.13578593733969
1779819870,42.05628326313491
1779819885,42.0369732158595
1779819900,41.94010728388663
1779819915,42.01082309734211
1779819930,41.969887901755534
1779819945,41.933793371970964
1779819960,41.966888793595594
1779819975,41.94163314593292
1779819990,41.89864592897376
1779820005,41.961521968467274
1779820020,41.99535401314872
1779820035,42.140258291613286
1779820050,42.130471728144
1779820065,42.122158410788366
1779820080,42.19013819574705
1779820095,42.12552583047673
1779820110,42.230810311670474
1779820125,42.41770210437422
1779820140,42.07406744836404
1779820155,42.43069823973398
1779820170,42.19140097813019
1779820185,41.96299521458092
1779820200,41.997984809780256
1779820215,42.057125118057
1779820230,42.04833825730769
1779820245,42.04360282337094
1779820260,42.08885252543323
1779820275,42.088536829837444
1779820290,42.107478565584444
1779820305,42.19592594833642
1779820320,41.87770478778678
1779820335,42.15036055067836
1779820350,42.084643250822786
1779820365,42.222917921775895
1779820380,42.422121842715185
1779820395,42.337831118641034
1779820410,42.18450829095558
1779820425,42.12200056299048
1779820440,42.16330407010547
1779820455,42.1273673881188
1779820470,42.090115307816355
1779820485,42.10437422555924
1779820500,42.078592418570274
1779820515,42.29473866981661
1779820530,42.42117475592784
1779820545,42.253435162701614
1779820560,42.372820713840355
1779820575,42.26737838484872
1779820590,42.387921486505334
1779820605,42.39002612381056
1779820620,41.85144943740414
1779820635,41.871548723669015
1779820650,42.34377671902829
1779820665,42.08374877996807
1779820680,42.02760757985126
1779820695,41.90622262327255
1779820710,42.01261203905155
1779820725,41.99908974436549
1779820740,41.909853122624064
1779820755,41.94684212326335
1779820770,41.964573692559846
1779820785,41.99140781820143
1779820800,41.98940841276146
1779820815,41.896593907601165
1779820830,41.65392922630902
1779820845,41.787152767729594
1779820860,41.720856692615094
1779820875,41.76910550283731
1779820890,41.77205199506463
1779820905,41.82840365891195
1779820920,41.851765132999915
1779820920,41.851765132999915
1779820935,42.10563700794238
1779820950,42.02571340627655
1779820965,42.07559331041033
1779820980,42.03807815044473
1779820995,42.02434539202816
1779821010,41.86539265955124
1779821025,42.01392743736731
1779821040,41.958207164711546
1779821055,41.88906982923499
1779821070,41.95457666536003
1779821085,41.9026973557863
1779821100,41.89975086355899
1779821115,41.83071875994771
1779821130,41.81393427743855
1779821145,41.871390875871114
1779821160,41.89264771265386
1779821175,41.91264176705348
1779821190,41.95499759282109
1779821205,41.93205704619416
1779821220,41.89859331304112
1779821235,41.93916019709928
1779821250,41.811198248941764
1779821265,41.83324432471397
1779821280,41.921533859668045
1779821295,41.93989682015611
1779821310,41.91485163622396
1779821325,42.04465514202356
1779821340,41.95789146911576
1779821355,41.93405645163411
1779821370,41.88049343221621
1779821385,41.96999313362079
1779821400,41.558957467910865
1779821415,41.807567749590255
1779821430,41.933214596712034
1779821445,41.97488641535544
1779821460,42.00466703322433
1779821475,42.01697916145988
1779821490,41.93805526251404
1779821505,41.762844206854275
1779821520,42.0710683402041
1779821535,41.686866800135746
1779821550,42.36961114194989
1779821565,42.54634805965595
1779821580,42.2467003233249
1779821595,41.904801993091525
1779821610,41.807199438061836
1779821625,41.75163701320397
1779821640,41.96388968543565
1779821655,41.98130555913636
1779821670,41.95789146911576
1779821685,41.9090638836346
1779821700,41.93931804489718
1779821715,41.83745359932441
1779821730,42.00056299047915
1779821745,41.99372291923717
1779821760,41.97962184929218
1779821775,41.914588556560815
1779821790,41.881230055273036
1779821805,41.94947291989487
1779821820,41.84303088818325
1779821835,41.861183384940794
1779821850,41.885597177681376
1779821865,41.959627794892576
1779821880,41.89896162456953
1779821895,41.691865313735654
1779821910,42.120211621281044
1779821925,42.02339830524081
1779821940,41.99240752092142
1779821955,41.92479604749114
1779821970,41.96404753323354
1779821985,42.06270240691584
1779822000,42.122211026721004
1779822015,42.955963095184856
1779822030,43.25713669356218
1779822045,43.3382704616785
1779822060,43.37436499146307
1779822075,43.38204691762713
1779822090,43.477597451284225
1779822105,43.42287688134844
1779822120,43.37399667993465
1779822135,43.358843291337045
1779822150,43.363894420869585
1779822165,43.41672081723067
1779822180,43.38099459897452
1779822195,43.263240141747325
1779822210,41.866234514473334
1779822225,41.827561803989866
1779822240,41.83477018676025
1779822255,41.861236000873426
1779822270,41.84787155398526
1779822285,41.78867862977588
1779822300,42.009823394622124
1779822315,42.005771967809565
1779822330,41.891227082472845
1779822345,41.84113671460855
1779822360,41.85334361097885
1779822375,41.87191703519743
1779822390,41.8921741692602
1779822405,41.75268933185657
1779822420,41.780260080554996
1779822435,41.77726097239505
1779822450,41.86870746330696
1779822465,41.827877499585654
1779822480,41.856553182869305
1779822495,41.8086726841755
1779822510,41.78262779752336
1779822525,41.84908172043576
1779822540,41.847187546861065
1779822555,41.91842951964284
1779822570,41.917429816922855
1779822585,41.89801453778219
1779822600,41.980937247607955
1779822615,42.016189922470424
1779822630,42.01850502350617
1779822645,42.051916140726576
1779822660,42.153412274770915
1779822675,42.22949491335471
1779822690,42.04197172945939
1779822705,42.16172559212655
1779822720,42.07943427349235
1779822735,42.123894736565184
1779822750,42.12563106234198
1779822765,42.26085400920253
1779822780,42.20455496128783
1779822795,42.246174163998596
1779822810,41.85365930657462
1779822825,41.82130050800683
1779822840,41.83229723792662
1779822855,41.79309836811685
1779822870,41.93600324114145
1779822885,42.13694348785756
1779822900,42.142626008581665
1779822915,42.12647291726408
1779822930,42.00977077868949
1779822945,42.01108617700526
1779822960,41.947105202926494
1779822975,42.098533857037246
1779822990,42.03728891145527
1779823005,41.99614325213818
1779823020,42.07759271585029
1779823035,42.069858173753595
1779823050,41.9319518143289
1779823065,41.95405050603374
1779823080,41.942580232720275
1779823095,41.87517922302052
1779823110,41.874179520300544
1779823125,41.81703861746375
1779823140,41.92174432339857
1779823155,42.094271966494176
1779823170,41.956523454867366
1779823185,41.86302494258286
1779823200,41.88370300410668
1779823215,41.93474045875831
1779823230,42.17893100209674
1779823245,42.03444765109323
1779823260,42.01077048140947
1779823275,42.00998124242001
1779823290,42.046601931530894
1779823305,42.04449729422567
1779823320,42.01313819837785
1779823335,41.96604693867349
1779823350,42.071541883597774
1779823365,42.025292478815516
1779823380,42.087116199656414
1779823395,42.03728891145527
1779823410,42.00061560641177
1779823425,41.972150386858644
1779823440,42.003614714571725
1779823455,42.086169112869065
1779823470,42.13331298850604
1779823485,42.12878801829982
1779823500,42.10779426118023
1779823515,42.849573679405864
1779823530,49.654550094314054
1779823545,49.89511013830098
1779823560,49.120287914383354
1779823575,49.065041185121274
1779823590,49.107975786147804
1779823605,49.00584826091189
1779823620,49.38715592468556
1779823635,49.52811400820283
1779823650,49.471341416894454
1779823665,49.47460360471755
1779823680,49.30912649659444
1779823695,49.767937429132914
1779823710,49.90442315837659
1779823725,49.808714776921605
1779823740,49.85812113766169
1779823755,49.932046523007635
1779823770,49.99118683128438
1779823785,49.669019475787465
1779823800,49.26035152704591
1779823815,42.81553117099389
1779823830,42.845943180054356
1779823845,42.80937510687611
1779823860,42.85862361981832
1779823875,42.86604246631922
1779823890,42.90466256087006
1779823905,42.90392593781323
1779823920,42.98763788662845
1779823935,43.03009894426131
1779823950,43.00089710165135
1779823965,43.021627779107796
1779823980,43.05035607832408
1779823995,43.017892047891024
1779824010,43.05698568583553
1779824025,42.988637589348436
1779824040,43.26413461260204
1779824055,43.07908437754037
1779824070,43.14238134449493
1779824085,43.163480333479775
1779824100,42.97864056214863
1779824115,43.04004335552849
1779824130,43.23661647983626
1779824145,42.917448232499275
1779824160,42.872303762302266
1779824175,42.97737777976549
1779824190,43.1695311657323
1779824205,42.97632546111287
1779824220,42.75370745015298
1779824235,42.80300857902781
1779824250,42.83678800777664
1779824265,42.5357722571972
1779824280,43.08802908608755
1779824295,42.75707486984134
1779824310,42.60175263671593
1779824325,42.67267891390192
1779824340,42.63490067427318
1779824355,42.65179038864758
1779824370,42.54366464709178
1779824385,42.5781280829648
1779824400,42.61680079344826
1779824415,42.656525822584335
1779824430,42.68714829537532
1779824445,42.74455227787526
1779824460,42.6907261787942
1779824475,42.71371934135375
1779824490,42.83968188407131
1779824505,42.86377998121611
1779824520,42.84910013601218
1779824535,42.79532665286375
1779824550,42.95801511655745
1779824565,42.889509172272454
1779824580,42.92997082446536
1779824595,42.934811490267364
1779824610,42.879143833544234
1779824625,42.877670587430586
1779824640,42.87672350064323
1779824655,42.890982418386116
1779824670,42.83352581995354
1779824685,42.81069050519187
1779824700,42.93449579467159
1779824715,42.900611134057506
1779824730,42.98837450968528
1779824745,42.87493455893379
1779824760,42.848784440416395
1779824775,42.91029246566153
1779824790,42.86199103950668
1779824805,42.866252930049754
1779824820,42.832210421637775
1779824835,42.790854298590155
1779824850,42.836524928113484
1779824865,42.83747201490083
1779824880,42.78832873382389
1779824895,42.77170209911263
1779824910,42.84541702072805
1779824925,42.90866137174998
1779824940,42.94864948054921
1779824955,42.91723776876876
1779824970,42.93907338081044
1779824985,42.93239115736637
1779825000,42.93775798249469
1779825015,42.975536222123424
1779825030,42.95459508093645
1779825045,42.97127433158035
1779825060,43.03372944361282
1779825075,42.952227363968085
1779825090,43.00237034776501
1779825105,42.9391786126757
1779825120,43.04904068000831
1779825135,42.98700649543689
1779825150,43.01941790993731
1779825165,43.01163075190798
1779825180,43.0226800977604
1779825195,42.970906020051935
1779825210,43.06140542417649
1779825225,43.039201500606396
1779825240,42.66547053113153
1779825255,42.58181119824894
1779825270,42.62869199422277
1779825285,42.63563729733001
1779825300,42.672257986440876
1779825315,42.65168515678233
1779825330,42.63269080510269
1779825345,42.707615893168615
1779825360,42.643582303157224
1779825375,42.613643837490436
1779825390,42.619168510416635
1779825405,42.614590924277785
1779825420,42.57618129345747
1779825435,42.56329038996298
1779825450,42.569183374417605
1779825465,42.76317831802648
1779825480,42.54582190032964
1779825495,42.688200614027934
1779825510,42.739606380207995
1779825525,42.70998361013698
1779825540,42.724242527879866
1779825555,42.86825233548971
1779825570,42.79564234845954
1779825585,42.86767356023078
1779825600,42.88109062305156
1779825615,42.847205962437485
1779825630,42.94807070529026
1779825645,42.996582595175646
1779825660,43.41188015142865
1779825675,43.009894426131176
1779825690,42.99547766059041
1779825705,43.02047022858992
1779825720,43.209940201992566
1779825735,43.11086440084922
1779825750,43.1227029856911
1779825765,43.10733913336298
1779825780,43.10002551872733
1779825795,43.324537703261925
1779825810,43.13227908542986
1779825825,43.116967849034374
1779825840,42.59612273192446
1779825855,42.60433081741483
1779825870,42.82647528498104
1779825885,43.1454330685875
1779825900,43.148905720141116
1779825915,43.27381594420606
1779825930,43.072296922231025
1779825945,42.98300768455696
1779825960,42.93033913599377
1779825975,42.943440503218774
1779825990,42.88214294170418
1779826005,43.18300084448572
1779826020,42.93596904078524
1779826035,42.880932775253676
1779826050,43.0934485271485
1779826065,43.09334329528325
1779826080,42.955173856195394
1779826095,42.96364502134892
1779826110,43.13832991768237
1779826125,43.20967712232942
1779826140,43.034202987006495
1779826155,42.93275946889478
1779826170,42.74970863927305
1779826185,42.85846577202042
1779826200,42.89940096760701
1779826215,42.85478265673629
1779826230,42.97885102587915
1779826245,42.84899490414692
1779826260,42.99731921823248
1779826275,42.86741048056763
1779826290,43.39677937876368
1779826305,43.17542415018691
1779826320,43.019207446206785
1779826335,43.22972379266166
1779826350,43.48585815270722
1779826365,43.340269867118465
1779826380,43.384625098326026
1779826395,43.18973568386243
1779826410,42.97958764893598
1779826425,42.95243782769861
1779826440,42.93991523573253
1779826455,42.934601026536846
1779826470,42.58281090096892
1779826485,42.698302873093
1779826500,42.87493455893379
1779826515,42.99037391512523
1779826530,43.068561191014254
1779826545,43.073822784277304
1779826560,42.87961737693791
1779826575,42.79201184910802
1779826590,42.93991523573253
1779826605,42.88945655633982
1779826620,42.777489851701986
1779826635,42.92902373767801
1779826650,43.052934259022976
1779826665,43.03983289179797
1779826680,42.9608563769195
1779826695,43.10544495978827
1779826710,42.86741048056763
1779826725,42.92513015866335
1779826740,42.89855911268491
1779826755,43.06608824218061
1779826770,42.951806436507034
1779826785,42.890982418386116
1779826800,42.762915238363334
1779826815,42.74007992360167
1779826830,42.790328139263856
1779826845,42.816741337444384
1779826860,42.76338878175701
1779826875,42.79201184910802
1779826890,42.94838640088605
1779826905,42.84078681865656
1779826920,42.823581408686366
1779826935,42.73034597606501
1779826950,42.77606922152097
1779826965,42.814215772678125
1779826980,42.94217772083565
1779826995,42.76265215870018
1779827010,42.87814413082426
1779827025,42.69935519174561
1779827040,42.7773320039041
1779827055,42.62637689318702
1779827070,42.55913373128517
1779827085,42.5319839100478
1779827100,42.508254124431424
1779827115,42.512095087513444
1779827130,42.63226987764165
1779827145,42.732555845235495
1779827160,42.69362005508888
1779827175,42.64737065030661
1779827190,42.63590037699315
1779827205,42.659524930744276
1779827220,42.689621244208965
1779827235,42.909924154133115
1779827250,42.87714442810427
1779827265,42.8248441910695
1779827280,42.825580814126326
1779827295,42.82473895920423
1779827310,42.794274334211146
1779827325,42.81258467876658
1779827340,42.853625106218416
1779827355,42.752497283702475
1779827370,42.785487473461835
1779827385,43.14364412687806
1779827400,42.987216959167405
1779827415,42.738869757151164
1779827430,42.72371636855357
1779827445,42.8355252253935
1779827460,42.80869109975192
1779827475,42.745920292123664
1779827490,42.76707189704114
1779827505,42.761862919710715
1779827520,42.802535035634136
1779827535,43.16511142739133
1779827550,43.10723390149771
1779827565,43.04309507962106
1779827580,43.088239549818084
1779827595,43.11786231988909
1779827610,43.06766672015954
1779827625,42.96843307121829
1779827640,43.07782159515723
1779827655,42.877933667093735
1779827670,42.87572379792325
1779827685,42.92534062239387
1779827700,42.842575760365996
1779827715,42.850205070597426
1779827730,43.03415037107386
1779827745,42.984217851007465
1779827760,43.06792979982268
1779827775,42.96417118067522
1779827790,42.97416820787503
1779827805,43.168163151483895
1779827820,42.985480633390594
1779827835,43.059563866534425
1779827850,43.14506475705908
1779827865,42.94165156150934
1779827880,43.08539828945604
1779827895,43.10544495978827
1779827910,42.60675115031582
1779827925,42.73771220663329
1779827940,43.012104295301654
1779827955,42.94496636526507
1779827970,42.86883111074865
1779827985,43.20262658735692
1779828000,42.96711767290253
1779828015,43.24535072465293
1779828030,43.266134018042
1779828045,43.52321546487492
1779828060,43.508167308142575
1779828075,43.55610042276902
1779828090,43.28339204394482
1779828105,43.81723329641448
1779828120,43.58609150436844
1779828135,43.515954466171905
1779828150,43.44460726152486
1779828165,43.32048627644938
1779828180,43.32932575313131
1779828195,43.297177418294034
1779828210,43.39467474145846
1779828225,43.38915006853226
1779828240,43.25571606338116
1779828255,43.416931280961194
1779828270,43.21193960743253
1779828285,43.44181861709544
1779828300,43.268606966875645
1779828315,43.03604454464857
1779828330,43.02194347470357
1779828345,43.06656178557429
1779828360,43.0137353892132
1779828375,42.87240899416752
1779828390,42.84041850712814
1779828405,42.96369763728155
1779828420,43.025889669650866
1779828435,42.86493753173398
1779828450,42.88772023056302
1779828465,42.80137748511626
1779828480,42.87051482059282
1779828495,42.709878378271725
1779828510,42.77501690286836
1779828525,42.759810898338124
1779828540,42.83268396503145
1779828555,42.76091583292336
1779828570,42.89477076553552
1779828585,42.92586678172017
1779828600,42.994898885331466
1779828615,42.98195536590435
1779828630,43.03504484192858
1779828645,42.89292920789344
1779828660,42.8436280790186
1779828675,42.90603057511845
1779828690,42.9670650569699
1779828705,43.028573082215026
1779828720,42.969958933264586
1779828735,42.98874282121369
1779828750,42.98937421240526
1779828765,43.23856326934359
1779828780,42.948018089357646
1779828795,42.95322706668806
1779828810,42.928550194284334
1779828825,42.98406000320957
1779828840,42.98926898054
1779828855,42.93928384454097
1779828870,42.93354870788424
1779828885,42.939599540136754
1779828900,42.8704622046602
1779828915,43.06493069166274
1779828930,42.95227997990071
1779828945,43.03630762431172
1779828960,43.04698865863572
1779828975,43.11181148763657
1779828990,42.94701838663766
1779829005,43.03978027586533
1779829020,43.077190203965664
1779829035,43.03841226161694
1779829050,42.941178018115664
1779829065,42.97474698313396
1779829080,42.98590156085164
1779829095,43.26124073630736
1779829110,42.886194368516726
1779829125,42.872514226032784
1779829140,43.11086440084922
1779829155,43.12144020330796
1779829170,43.09507962106005
1779829185,42.984533546603245
1779829200,42.962119159302624
1779829215,43.88742295054365
1779829230,44.15139708455117
1779829245,44.26641551328158
1779829260,44.32213578593734
1779829275,44.42147466674383
1779829290,44.35612567841668
1779829305,44.333185131789755
1779829320,44.22900558518125
1779829335,44.182650948533734
1779829350,43.44471249339013
1779829365,43.58624935216633
1779829380,43.49311915141024
1779829395,43.41030167344974
1779829410,43.441923848960705
1779829425,43.45376243380258
1779829440,43.584144714861104
1779829455,43.60387568959757
1779829470,42.98611202458217
1779829485,42.88998271566613
1779829500,42.8596233225383
1779829515,42.89450768587236
1779829530,42.89145596177979
1779829545,42.97348420075083
1779829560,42.998950312144025
1779829575,42.97974549673387
1779829590,42.78459300260712
1779829605,42.71856000715577
1779829620,42.74455227787526
1779829635,42.71635013798528
1779829650,42.83268396503145
1779829665,42.7129301023643
1779829680,42.81016434586557
1779829695,42.777595083567256
1779829710,42.620483908732396
1779829725,42.68293902076488
1779829740,42.782593597167164
1779829755,42.83473598640404
1779829770,42.93407486721053
1779829785,42.94480851746717
1779829800,42.95059627005654
1779829815,43.09781564955685
1779829830,43.23998389952462
1779829845,43.36005345778755
1779829860,43.325590021914536
1779829875,43.46496962745289
1779829890,43.35326600247821
1779829905,43.399515407260466
1779829920,43.40935458666239
1779829935,43.41372170907072
1779829950,43.0917122013717
1779829965,43.217569512223996
1779829980,43.07355970461415
1779829995,43.27571011778076
1779830010,43.262608750555756
1779830025,43.24813936908235
1779830040,43.09955197533365
1779830055,43.159955065993536
1779830070,42.95843604401849
1779830085,42.99063699478839
1779830100,42.90155822084485
1779830115,43.104866184529335
1779830130,43.55557426344271
1779830145,43.30633259057175
1779830160,43.35963253032651
1779830175,43.43145327836723
1779830190,43.26887004653879
1779830205,43.15716642156412
1779830220,43.119177718204845
1779830235,43.16037599345458
1779830250,43.14006624345919
1779830265,43.16353294941241
1779830280,43.1390665407392
1779830295,43.090817730516974
1779830310,43.14217088076441
1779830325,43.11023300965765
1779830340,43.23898419680463
1779830355,43.141171178044424
1779830370,43.15858705174514
1779830385,43.02299579335619
1779830400,43.011315056312206
1779830415,42.98674341577373
1779830430,43.131595078305665
1779830445,43.00315958675447
1779830460,43.391780865163774
1779830475,43.294599237595136
1779830490,43.04567326031996
1779830505,43.30780583668541
1779830520,43.354265705198195
1779830535,43.371313267370496
1779830550,43.28670684770055
1779830565,43.148274328949555
1779830580,43.508272540007844
1779830595,43.45023716631633
1779830610,43.60398092146283
1779830625,43.634971705782235
1779830640,43.37410191179991
1779830655,43.31385666893792
1779830670,43.127175339964694
1779830685,43.01105197664905
1779830700,43.00968396240066
1779830715,43.05461796886715
1779830730,43.01431416447215
1779830745,43.02678414050559
1779830760,43.03583408091804
1779830775,42.98337599608537
1779830790,42.91013461786364
1779830805,42.882932180693636
1779830820,43.17889680174054
1779830835,42.826948828374725
1779830850,42.8146893160718
1779830865,42.86093872085406
1779830880,42.855098352332064
1779830895,42.96306624608997
1779830910,42.90361024221745
1779830925,42.8975067940323
1779830940,42.90097944558592
1779830955,42.97253711396348
1779830970,42.96469734000152
1779830985,42.98295506862433
1779831000,42.96864353494881
1779831015,43.02510043066141
1779831030,43.13438372273508
1779831045,43.205888775180014
1779831060,43.15695595783359
1779831075,43.14822171301692
1779831090,43.14616969164433
1779831105,43.13838253361501
1779831120,43.12149281924059
1779831135,43.19773330562228
1779831150,43.17300381728592
1779831165,43.2819714137638
1779831180,43.095658396318996
1779831195,43.0001078626619
1779831210,42.95217474803545
1779831225,43.01473509193319
1779831240,43.037254711099074
1779831255,42.948912560212364
1779831270,42.9069776619058
1779831285,42.815215475398105
1779831300,42.7880130382281
1779831315,42.77107070792107
1779831330,42.81111143265293
1779831345,42.83841910168819
1779831360,42.80390304988253
1779831375,42.94575560425452
1779831390,42.90497825646584
1779831405,42.83852433355344
1779831420,42.88824638988932
1779831435,42.91208140737096
1779831450,43.025889669650866
1779831465,43.04304246368843
1779831480,43.00452760100286
1779831495,43.074506791401504
1779831510,43.054354889204006
1779831525,42.749656023340435
1779831540,42.669101030483034
1779831555,42.69819764122774
1779831570,42.639267796681516
1779831585,42.65068545406234
1779831600,42.67662510884921
1779831615,42.77033408486424
1779831630,43.1220189785669
1779831645,43.210571593184135
1779831660,43.14327581534965
1779831675,43.12401838400686
1779831690,43.2168855050998
1779831705,43.21246576675883
1779831720,42.843207151557564
1779831735,42.89545477265971
1779831750,42.89866434455018
1779831765,42.81705703304017
1779831780,42.66399728501787
1779831795,42.73629157645227
1779831810,42.67993991260494
1779831825,42.80374520208464
1779831840,42.78364591581977
1779831855,42.926182477315955
1779831870,42.84546963666068
1779831885,42.8900879475314
1779831900,42.83063194365886
1779831915,42.896191395716535
1779831930,42.797273442371086
1779831945,42.89445506993973
1779831960,42.89740156216703
1779831975,42.926603404777
1779831990,42.96143515217843
1779832005,42.86777879209603
1779832020,42.902926235093254
1779832035,43.04525233285891
1779832050,43.111495792040785
1779832065,43.11959864566589
1779832080,43.16989947726071
1779832095,43.169846861328075
1779832110,43.272868857418715
1779832125,43.133910179341406
1779832140,43.131647694238296
1779832155,43.088239549818084
1779832170,43.122860833488986
1779832185,43.25213817996227
1779832200,43.388781757003834
1779832215,43.53037123171267
1779832230,42.887983310226176
1779832245,43.015840026518426
1779832260,43.04804097728834
1779832275,43.101551380773614
1779832290,43.13427849086982
1779832305,43.15101035744634
1779832320,43.22083170004709
1779832335,43.3546340167266
1779832350,43.321591211034615
1779832365,43.345215764785735
1779832380,43.06245774282911
1779832395,43.00031832639242
1779832410,42.97890364181177
1779832425,42.91329157382147
1779832440,42.94996487886497
1779832455,42.95096458158495
1779832470,42.91765869622981
1779832485,42.906767198175274
1779832500,42.90560964765741
1779832515,43.000213094527155
1779832530,42.973905128211875
1779832545,43.13154246237303
1779832560,42.89040364312717
1779832575,42.90755643716474
1779832590,42.9830603004896
1779832605,42.99000560359683
1779832620,42.938178909955724
1779832635,43.32369584833984
1779832650,43.281497870370124
1779832665,43.22935548113325
1779832680,43.20704632569788
1779832695,43.240825754446696
1779832710,43.25655791830324
1779832725,43.198627776477
1779832740,43.37962658472612
1779832755,43.27107991570928
1779832770,43.34574192411203
1779832785,43.182422069226774
1779832800,43.17426659966904
1779832815,43.24777105755394
1779832830,42.987900966291605
1779832845,43.15900797920619
1779832860,43.129595672865705
1779832875,43.102603699426226
1779832890,43.18189590990048
1779832905,43.15984983412827
1779832920,43.18205375769837
1779832935,43.08050500772139
1779832950,43.6760647491667
1779832965,43.431558510232485
1779832980,43.41482664365597
1779832995,43.52816136254219
1779833010,43.36799846361477
1779833025,43.35915898693283
1779833040,43.35905375506756
1779833055,43.29680910676562
1779833070,43.39309626347955
1779833085,43.277867371018615
1779833100,43.29559894031512
1779833115,43.176160773243744
1779833130,43.106602510306146
1779833145,43.18747319875932
1779833160,43.138908692941314
1779833175,43.10639204657563
1779833190,43.05030346239145
1779833205,43.089554948133845
1779833220,42.928234498688546
1779833235,42.83752463083347
1779833250,42.87966999287054
1779833265,42.884931586133604
1779833280,42.84746904210064
1779833295,43.159165827004074
1779833310,43.019786221465715
1779833325,43.180896207180496
1779833340,43.24335131921298
1779833355,43.187788894355094
1779833370,43.13070060745095
1779833385,43.14032932312234
1779833400,43.07571695785201
1779833415,43.01910221434152
1779833430,42.70945745081068
1779833445,42.88603652071884
1779833460,43.19378711067499
1779833475,43.24140452970564
1779833490,43.7101598735113
1779833505,43.28370773954061
1779833520,43.31575084251262
1779833535,43.223199417015465
1779833550,43.04393693454315
1779833565,43.31806594354837
1779833580,43.11486321172915
1779833595,43.530950006971615
1779833610,43.41114352837183
1779833625,43.569833181185594
1779833640,43.56651837742987
1779833655,43.40709210155927
1779833670,43.47638728483372
1779833685,43.35105613330773
1779833700,43.43108496683881
1779833715,43.516217545835055
1779833730,43.50432634506055
1779833745,43.313698821140036
1779833760,43.52705642795694
1779833775,43.49343484700602
1779833790,43.577567723282286
1779833805,43.81970624524813
1779833820,43.67611736509932
1779833835,43.36105316050754
1779833850,43.499696142989066
1779833865,43.46949459765912
1779833880,43.22882932180694
1779833895,43.32211737036092
1779833910,43.612820398144756
1779833925,43.426875692228364
1779833940,43.69679542662313
1779833955,43.42350827254001
1779833970,43.47491403872007
1779833985,43.589511539989424
1779834000,43.50779899661417
1779834015,43.36347349340854
1779834030,42.94275649609458
1779834045,43.03030940799183
1779834060,43.346583779034134
1779834075,43.17400352000589
1779834090,43.17947557699947
1779834105,43.33979632372479
1779834120,43.55389055359854
1779834135,43.645652740106236
1779834150,43.73483674591503
1779834165,43.71773656781009
1779834180,43.50164293249639
1779834195,43.29865066440769
1779834210,43.1693733179344
1779834225,43.3186447188073
1779834240,43.31475113979264
1779834255,43.19999579072539
1779834270,43.228566242143785
1779834285,43.312225575026375
1779834300,43.30012391052135
1779834315,43.190261843188736
1779834330,43.11470536393125
1779834345,43.03672855177276
1779834360,42.975588838056055
1779834375,43.283181580214304
1779834390,43.249770462993894
1779834405,43.199206551735934
1779834420,43.39704245842684
1779834435,43.28781178228579
1779834450,43.01741850449735
1779834465,43.7027410270104
1779834480,43.601928900090236
1779834495,43.51958496552341
1779834510,43.65307158660714
1779834525,43.92977877631126
1779834540,43.893579014661434
1779834555,37.04251104276886
1779834570,36.81494713414168
1779834585,36.667096363449815
1779834600,36.70313827730175
1779834615,36.79563708686627
1779834630,36.8716144935848
1779834645,37.02372715481975
1779834660,36.97100599032394
1779834675,36.89592305446012
1779834690,36.812474185308055
1779834705,36.899500937879004
1779834720,36.86235408944183
1779834735,36.852146598511496
1779834750,36.897711996169555
1779834765,36.92470396960904
1779834780,37.0878659766964
1779834795,37.102545821900335
1779834810,37.13185289637555
1779834825,37.009363005211604
1779834840,36.945382031132844
1779834855,35.160386516641104
1779834870,35.113032177273595
1779834885,34.919721240788924
1779834900,35.15491445964752
1779834915,34.78165703356634
1779834930,34.82922183666436
1779834945,34.75850602320889
1779834960,34.85626642603646
1779834975,34.74219508409342
1779834990,34.673426060145275
1779835005,34.854635332124914
1779835020,34.74351048240918
1779835035,34.93855774467066
1779835050,34.697787236953225
1779835065,34.75061363331431
1779835080,34.7848666054568
1779835095,34.78081517864424
1779835110,34.83890316826839
1779835125,34.90393646099975
1779835140,34.85626642603646
1779835155,34.77944716439585
1779835170,34.77771083861904
1779835185,34.98138711383194
1779835200,34.78291981594946
1779835215,34.743405250543915
1779835230,34.892203108023146
1779835245,34.702101743428926
1779835260,34.89772778094935
1779835275,35.04957736252115
1779835290,34.90514662745026
1779835305,34.970074688316366
1779835320,34.7785000776085
1779835335,35.127185863151226
1779835350,35.09114394929929
1779835365,35.00590613843778
1779835380,34.864158815931056
1779835395,34.96223491435442
1779835410,34.99191030035805
1779835425,35.1364462672942
1779835440,34.87384014753508
1779835455,34.85331993380916
1779835470,34.98685917082551
1779835485,34.97296856461105
1779835500,34.86552683017945
1779835515,34.989858278985466
1779835530,34.77055507178128
1779835545,35.00901047846299
1779835560,35.43688324261469
1779835575,35.34801493240168
1779835590,35.39736867720915
1779835605,35.35564424263311
1779835620,35.29645131842373
1779835635,35.353697453125775
1779835650,35.17317218827033
1779835665,35.33849144859554
1779835680,35.075727481038534
1779835695,35.087776529610935
1779835710,35.08330417533734
1779835725,34.95760471228293
1779835740,34.89088770970737
1779835755,34.92093140723943
1779835770,34.979387708391975
1779835785,35.13476255745002
1779835800,34.98996351085072
1779835815,35.28561243630184
1779835830,35.336439427222956
1779835845,35.32197004574955
1779835860,35.31502474264232
1779835875,35.309447453783484
1779835890,35.530329138966565
1779835905,35.42183508588236
1779835920,35.34980387411112
1779835935,35.33828098486502
1779835950,35.17827593373549
1779835965,35.21794834693893
1779835980,35.238994719991155
1779835995,35.25688413708556
1779836010,34.98438622199188
1779836025,35.04936689879062
1779836040,35.027478670816315
1779836055,35.11350572066727
1779836070,35.088723616398276
1779836085,35.01453515138919
1779836100,35.139813686982556
1779836115,35.11597866950091
1779836130,35.0946166008529
1779836145,34.98885857626548
1779836160,35.07193913388913
1779836175,35.36158984302037
1779836190,35.08019983531213
1779836205,35.01821826667333
1779836220,34.939767911121166
1779836235,35.02963592405416
1779836250,34.96034074077971
1779836265,35.04126404516552
1779836280,34.992120764088575
1779836295,35.020375519911184
1779836310,35.136025339833154
1779836325,35.334387405850364
1779836340,35.22599858463141
1779836355,35.1366041150921
1779836370,35.149126707058166
1779836385,35.082094008886834
1779836400,34.988069337276016
1779836415,36.27479196975636
1779836430,36.28268435965094
1779836445,36.445478055209904
1779836460,36.17797865371614
1779836475,36.39980742568657
1779836490,35.88290850352395
1779836505,36.00166266347112
1779836520,36.21302086484809
1779836535,36.31025510834935
1779836550,36.120469439350934
1779836565,36.12525748922031
1779836580,36.12146914207091
1779836595,36.16419327936693
1779836610,35.62098639088902
1779836625,35.54027355023375
1779836640,35.653029493861034
1779836655,35.58710173027494
1779836670,35.62251225293531
1779836685,35.6398755107034
1779836700,35.74021409422987
1779836715,35.8466561259415
1779836730,35.458666238723744
1779836745,34.97691475955834
1779836760,35.01658717276178
1779836775,35.05126107236533
1779836790,35.04657825436121
1779836805,35.07588532883642
1779836820,35.16764751534412
1779836835,35.06636184503029
1779836850,35.142707563277234
1779836865,35.100720049038046
1779836880,35.050156137780085
1779836895,35.0675720114808
1779836910,35.20126909629505
1779836925,35.11776761121035
1779836940,35.15780833594221
1779836955,35.1529676701402
1779836970,35.306343113758274
1779836985,35.267459939544295
1779837000,35.183800606661706
1779837015,35.30192337541731
1779837030,35.14570667143718
1779837045,35.46298074519946
1779837060,35.34933033071744
1779837075,35.39426433718395
1779837090,35.4455122555661
1779837105,35.42378187538968
1779837120,35.50986154117328
1779837135,35.50175868754818
1779837150,35.497023253611424
1779837165,35.50281100620079
1779837180,35.626721527545754
1779837195,35.58415523804763
1779837210,35.65018823349898
1779837225,35.60556992262826
1779837240,35.5481133241957
1779837255,35.635034844901384
1779837270,35.653450421322084
1779837285,35.68349411885413
1779837300,35.879751547566116
1779837315,35.66460499903976
1779837330,35.64787313246324
1779837345,35.5019691512787
1779837360,35.51322896086164
1779837375,35.530329138966565
1779837390,35.51564929376264
1779837405,35.518017010731015
1779837420,35.60583300229142
1779837435,35.57610500035516
1779837450,35.61777681899856
1779837465,35.46613770115729
1779837480,35.465611541830974
1779837495,35.44493348030717
1779837510,35.56663413248165
1779837525,35.5975196849358
1779837540,35.89800927618892
1779837555,36.164824670558495
1779837570,35.8642298474401
1779837585,35.600624024961
1779837600,35.765522357825176
1779837615,35.78551641222478
1779837630,35.96078008381718
1779837645,35.933788110377705
1779837660,35.96530505402341
1779837675,35.963358264516074
1779837690,36.03702057019886
1779837705,36.027128774864316
1779837720,36.03917782343672
1779837735,36.17061242314785
1779837750,36.17492692962357
1779837765,36.1348862048917
1779837780,36.190448629749575
1779837795,36.13967425476109
1779837810,36.277738461983674
1779837825,36.12757259025605
1779837840,36.08690047433263
1779837855,36.096003030677714
1779837870,36.22591176834257
1779837885,36.21512550215331
1779837900,36.60595664973311
1779837915,36.39964957788868
1779837930,36.42001194381671
1779837945,36.28021141081731
1779837960,36.31125481106934
1779837975,36.258428414708256
1779837990,36.3378784729804
1779838005,36.340035726218254
1779838020,36.346981029325484
1779838035,36.39086271713937
1779838050,35.94867841931215
1779838065,35.69985767390224
1779838080,35.822084485403025
1779838095,35.574105594915196
1779838110,35.62224917327216
1779838125,35.59357348998851
1779838140,35.704698339704244
1779838155,35.69475392843707
1779838170,35.68049501069419
1779838185,35.62398549904897
1779838200,35.6188817535838
1779838215,35.64718912533904
1779838230,35.840763141486875
1779838245,36.149355586365104
1779838260,35.80287966999287
1779838275,36.18471349309284
1779838290,36.014080023571935
1779838305,36.105421282618586
1779838320,36.6743047462202
1779838335,36.42553661674292
1779838350,36.622741132242254
1779838365,36.63184368858734
1779838380,36.561759266323435
1779838395,36.57707050271893
1779838410,36.56386390362866
1779838425,36.21833507404377
1779838440,36.32361955523752
1779838455,36.28894565563399
1779838470,36.53408328575976
1779838485,36.63799975270512
1779838500,36.605377874474165
1779838515,36.07664036746967
1779838530,35.92673757540521
1779838545,35.89964037010047
1779838560,35.89122182087958
1779838575,36.15114452807454
1779838590,35.917845482790646
1779838605,35.81692812400523
1779838620,35.8270303830703
1779838635,35.75273668619595
1779838650,35.85033924122564
1779838665,35.601360648017824
1779838680,35.67986361950262
1779838695,35.75294714992647
1779838710,35.66834073025653
1779838725,35.74894833904655
1779838740,35.806352321546484
1779838755,35.84013175029531
1779838770,35.95425570817099
1779838785,35.76294417712628
1779838800,35.73174292907635
1779838815,35.79177770820782
1779838830,35.57868318105406
1779838845,35.7739935229787
1779838860,35.839184663507965
1779838875,35.88185618487134
1779838890,35.93489304496295
1779838905,35.842025923870004
1779838920,35.89869328331312
1779838935,35.82166355794199
1779838950,35.82155832607672
1779838965,35.78535856442689
1779838980,35.865703093553755
1779838995,35.72364007545124
1779839010,35.89416831310689
1779839025,35.768679313783004
1779839040,35.82318941998827
1779839055,35.81850660198415
1779839070,35.81787521079258
1779839085,35.8731745559873
1779839100,35.810772059887455
1779839115,35.82645160781136
1779839130,35.63293020759616
1779839145,35.612409993870244
1779839160,35.5481133241957
1779839175,35.53843199259168
1779839190,35.617040195941726
1779839205,35.55889959038496
1779839220,35.615461717962816
1779839235,35.592047627942215
1779839250,35.509387997779605
1779839265,35.70853930278628
1779839280,35.61967099257326
1779839295,35.63024679503201
1779839310,36.125152257355055
1779839325,36.0095550533657
1779839340,35.942101427733334
1779839355,35.8435517859163
1779839370,35.95914898990563
1779839385,36.111156419275325
1779839400,36.05980326902789
1779839415,36.36692246779247
1779839430,35.581682289214
1779839445,35.80377414084759
1779839460,35.762365401867335
1779839475,35.87622628007987
1779839490,35.871175150547344
1779839505,35.94715255726587
1779839520,35.947678716592165
1779839535,35.87601581634935
1779839550,35.98892960777454
1779839565,35.902376398597255
1779839580,35.948415339648996
1779839595,35.96414750350554
1779839610,36.028023245719034
1779839625,36.061013435478394
1779839640,35.761839242541036
1779839655,35.977143638865286
1779839670,35.92657972760732
1779839685,36.04222954752929
1779839700,35.989876694561886
1779839715,35.974986385627425
1779839730,35.94510053589327
1779839745,35.90569120235298
1779839760,35.8187696816473
1779839775,35.83123965768075
1779839790,35.853811892779255
1779839805,35.78720012206896
1779839820,35.822821108459856
1779839835,35.77025779176193
1779839850,35.80277443812761
1779839865,35.73795160912676
1779839880,35.820400775558845
1779839895,35.750053273631785
1779839910,35.92673757540521
1779839925,36.14761926058831
1779839940,36.12951937976339
1779839955,36.479099636160825
1779839970,36.186134123273874
1779839985,36.25553453841358
1779840000,36.04101938107879
1779840015,36.031495897272656
1779840030,35.7080657593926
1779840045,35.796144830616164
1779840060,35.92852651711465
1779840075,35.89064304562064
1779840090,35.81529703009368
1779840105,35.907743223725575
1779840120,35.851075864282464
1779840135,35.94078602941757
1779840150,35.76462788697046
1779840165,35.868070810522134
1779840180,35.81492871856526
1779840195,35.89458924056793
1779840210,36.02765493419062
1779840225,35.89364215378059
1779840240,35.92600095234838
1779840255,36.182819319518146
1779840270,36.27200332532694
1779840285,35.98566741995144
1779840300,36.324040482698564
1779840315,35.97240820492853
1779840330,35.9692512489707
1779840345,35.9730395961201
1779840360,36.10326402938073
1779840375,36.243853801369596
1779840390,36.241433468468585
1779840405,36.4208537987388
1779840420,36.532136496252434
1779840435,36.47788946971032
1779840450,36.80563411406608
1779840465,36.74028512573892
1779840480,36.91102382712509
1779840495,36.77516948907299
1779840510,36.556392441195115
1779840525,36.30993941275358
1779840540,36.54229137125012
1779840555,36.47068108693994
1779840570,36.262427225588176
1779840585,36.42259012451561
1779840600,36.47925748395872
1779840615,36.189712006692744
1779840630,36.01034429235517
1779840645,35.83786926519219
1779840660,35.97624916801057
1779840675,35.929105292373585
1779840690,35.889906422563826
1779840705,35.98892960777454
1779840720,36.082165040395886
1779840735,36.03291652745367
1779840750,35.96756753912652
1779840765,35.95520279495834
1779840780,36.24927324243053
1779840795,36.20260291018723
1779840810,36.16766593092054
1779840825,36.28547300408037
1779840840,36.06890582537298
1779840855,35.672392157069076
1779840870,35.82476789796718
1779840885,35.85033924122564
1779840900,35.77546676909235
1779840915,35.8105089802243
1779840930,35.856811000939196
1779840945,35.83397568617753
1779840960,35.92778989405782
1779840975,35.79514512789618
1779840990,36.22954226769408
1779841005,36.08784756111998
1779841020,35.81661242840944
1779841035,35.815717957554725
1779841050,35.76620636494937
1779841065,35.702488470533766
1779841080,35.79888085911295
1779841095,35.70038383322854
1779841110,35.72527116936279
1779841125,35.70990731703467
1779841140,35.77388829111343
1779841155,35.64871498738533
1779841170,35.764680502903076
1779841185,35.93252532799457
1779841200,35.975091617492694
1779841215,35.8795410838356
1779841230,35.85244387853086
1779841245,35.80872003851486
1779841260,35.810088052763255
1779841275,35.85502205922976
1779841290,35.69596409488758
1779841305,35.96535766995604
1779841320,36.313517296172456
1779841335,35.89364215378059
1779841350,36.06448608703201
1779841365,36.136412066937986
1779841380,36.08232288819377
1779841395,36.03702057019886
1779841410,36.296154038404374
1779841425,36.24048638168124
1779841440,35.81014066869589
1779841455,35.93331456698403
1779841470,36.0723784769266
1779841485,36.286841018328765
1779841500,36.47936271582398
1779841515,36.40354315690334
1779841530,36.085374612286344
1779841545,36.008765814376254
1779841560,36.10394803650493
1779841575,35.96604167708024
1779841590,36.28884042376872
1779841605,36.09226729946094
1779841620,36.00134696787535
1779841635,36.03328483898209
1779841650,36.11615493287522
1779841665,36.57717573458419
1779841680,36.16514036615428
1779841695,35.99866355531118
1779841710,35.97025095169069
1779841725,36.07937639596647
1779841740,36.07085261488031
1779841755,36.070326455554
1779841770,36.09026789402099
1779841785,36.087374017726304
1779841800,36.131045241809666
1779841815,36.07869238884227
1779841830,35.69727949320334
1779841845,35.73484726910156
1779841860,35.7941454251762
1779841875,35.73595220368679
1779841890,35.82029554369358
1779841905,35.83829019265323
1779841920,35.83302859939018
1779841935,35.910110940693954
1779841950,35.9010610002815
1779841965,35.94183834807018
1779841980,35.878751844846136
1779841995,35.91679316413803
1779842010,36.054068132371164
1779842025,36.080481330551706
1779842040,36.36381812776727
1779842055,36.197814860317855
1779842070,36.08874203197471
1779842085,36.05927710970159
1779842100,36.293786321435995
1779842115,36.34361360963714
1779842130,36.17113858247416
1779842145,36.19434220876424
1779842160,36.105736978214374
1779842175,36.05811955918372
1779842190,35.99529613562282
1779842205,36.081165337675905
1779842220,36.02023608768972
1779842235,36.00818703911731
1779842250,35.936155827346084
1779842265,35.9368924504029
1779842280,36.02549768095277
1779842295,36.053857668640646
1779842310,36.12715166279501
1779842325,36.05185826320068
1779842340,35.817033355870485
1779842355,35.88164572114082
1779842370,36.43958507075528
1779842385,36.21023222041867
1779842400,36.12362639530876
1779842415,36.15424886809975
1779842430,36.62268851630962
1779842445,36.77301223583513
1779842460,36.86635290032174
1779842475,36.80679166458395
1779842490,36.83394148582132
1779842505,36.91028720406826
1779842520,36.92633506352059
1779842520,36.92633506352059
1779842535,36.95858863022312
1779842550,36.95364273255585
1779842565,36.89166116391704
1779842580,37.04266889056675
1779842595,37.028041661295454
1779842610,37.156319305048754
1779842625,37.106071089386575
1779842640,37.164106463078085
1779842655,37.293699505147146
1779842670,36.114102911502634
1779842685,36.089689118762045
1779842700,36.12452086616348
1779842715,36.36623846066828
1779842730,36.55455088355305
1779842745,36.851673055117814
1779842760,36.71597656486361
1779842775,36.568809801295934
1779842790,36.451476271529785
1779842805,36.235066940620285
1779842820,36.30872924630307
1779842835,36.22307050798052
1779842850,36.40654226506328
1779842865,36.38744268151839
1779842880,36.35261093411696
1779842895,36.281053265739395
1779842910,36.05696200866585
1779842925,36.0219197975339
1779842940,36.080481330551706
1779842955,36.067064267730906
1779842970,36.09516117575563
1779842985,35.99866355531118
1779843000,36.0219197975339
1779843015,35.94173311620492
1779843030,35.88517098862707
1779843045,35.92715850286625
1779843060,36.34429761676133
1779843075,36.08127056954116
1779843090,36.07474619389497
1779843105,36.06353900024466
1779843120,35.98056367448628
1779843135,36.005661474351044
1779843150,35.796039598750895
1779843165,35.91400451970861
1779843180,35.962411177728725
1779843195,35.96751492319389
1779843210,36.002820213989
1779843225,36.14309429038207
1779843240,36.18003067508872
1779843255,36.102422174458646
1779843270,35.86444031117062
1779843285,36.03859904817778
1779843300,36.061066051411025
1779843315,36.1848187249581
1779843330,36.125888880411885
1779843345,36.12083775087934
1779843360,36.1483032677125
1779843375,36.19223757145902
1779843390,36.197393932856805
1779843405,36.20418138816615
1779843420,36.30473043542315
1779843435,36.164140663434296
1779843450,36.04928008250178
1779843465,36.19434220876424
1779843480,36.09900213883767
1779843495,36.159089533901756
1779843510,36.17376937910569
1779843525,36.329144228163734
1779843540,36.257849639449326
1779843555,36.14977651382615
1779843570,36.220492327281626
1779843585,36.11741771525836
1779843600,35.93420903783875
1779843615,37.42829106081612
1779843630,37.78892066306598
1779843645,37.797181364488985
1779843660,37.4595975407313
1779843675,37.47948636326566
1779843690,37.40203571043348
1779843705,37.36462578233315
1779843720,37.36751965862782
1779843735,37.46196525769968
1779843750,37.34568404658615
1779843765,37.36394177520895
1779843780,36.612112713850884
1779843795,36.38186539265955
1779843810,36.446162062334096
1779843825,36.426483703530266
1779843840,36.41033061221268
1779843855,36.35697805652529
1779843870,36.43611241920166
1779843885,36.521718541591575
1779843900,36.376393335665966
1779843915,36.29425986482967
1779843930,36.27010915175224
1779843945,36.46457763875479
1779843960,36.47920486802608
1779843975,36.40228037452021
1779843990,36.42622062386711
1779844005,36.374762241754425
1779844020,36.502461110248795
1779844035,36.50451313162139
1779844050,36.4935164017016
1779844065,36.535977459334454
1779844080,36.60390462836052
1779844095,36.55623459339723
1779844110,36.375709328541774
1779844125,36.62147834985912
1779844140,36.47694238292297
1779844155,36.25406129229992
1779844170,36.19734131692418
1779844185,36.281053265739395
1779844200,36.28084280200887
1779844215,36.32162014979756
1779844230,36.32298816404595
1779844245,36.34119327673613
1779844260,36.415644821408364
1779844275,36.38496973268476
1779844290,36.50972210895181
1779844305,36.62858150076425
1779844320,36.516351716463255
1779844335,36.5858047475356
1779844350,36.566547316192825
1779844365,36.457106176321254
1779844380,36.51619386866537
1779844395,36.25748132792091
1779844410,36.436743810393224
1779844425,36.35197954292539
1779844440,36.26921468089752
1779844455,36.44079523720578
1779844470,36.358030375177904
1779844485,36.516456948328525
1779844500,36.509774724884444
1779844515,36.502092798720376
1779844530,36.31862104163762
1779844545,36.334405821426785
1779844560,36.30294149371372
1779844575,36.40396408436438
1779844590,36.34556039914446
1779844605,36.33324827090891
1779844620,36.44810885184142
1779844635,36.3538737165001
1779844650,36.2653737178155
1779844665,36.28489422882143
1779844680,36.24469565629168
1779844695,36.23285707144981
1779844710,36.2419596277949
1779844725,36.291471220400254
1779844740,36.393493513770906
1779844755,36.147829724318825
1779844770,36.151407607737696
1779844785,36.12862490890867
1779844800,36.111629962669
1779844815,36.15198638299664
1779844830,36.12657288753608
1779844845,36.1166284762689
1779844860,36.253903444502036
1779844875,36.345507783211836
1779844890,36.2975746685854
1779844905,36.274476274160584
1779844920,36.24864185123897
1779844935,36.2849994606867
1779844950,36.266110340872316
1779844965,36.26079613167663
1779844980,36.265847261209174
1779844995,36.329038996298465
1779845010,36.28021141081731
1779845025,36.21259993738703
1779845040,36.203444765109325
1779845055,36.15445933183027
1779845070,36.11631278067312
1779845085,36.28857734410557
1779845100,36.394387984625624
1779845115,36.15493287522394
1779845130,36.1026852541218
1779845145,36.07258894065713
1779845160,36.0336531505105
1779845175,36.00034726515536
1779845190,36.07001075995823
1779845205,36.07295725218553
1779845220,36.071063078610834
1779845235,36.06027681242156
1779845250,36.06185529040049
1779845265,36.057698631722666
1779845280,36.066327644674075
1779845295,36.21207377806074
1779845310,36.24995724955474
1779845325,36.121100830542495
1779845340,36.33629999500149
1779845355,36.71771289064042
1779845370,36.42074856687354
1779845385,36.43627026699955
1779845400,36.47762639004717
1779845415,36.49199053965532
1779845430,36.640841013067174
1779845445,36.72444773001713
1779845460,36.307834775448356
1779845475,36.35366325276957
1779845490,36.284473301360386
1779845505,36.29410201703178
1779845520,36.3960716944698
1779845535,36.35355802090431
1779845550,36.28068495421098
1779845565,36.30515136288419
1779845580,36.33166979293
1779845595,36.244379960695895
1779845610,36.035179012556796
1779845625,36.073483411511845
1779845640,36.16093109154384
1779845655,36.23896051963496
1779845670,35.721009278819714
1779845685,35.95825451905091
1779845700,35.852338646665594
1779845715,35.959517301434055
1779845730,35.91568822955279
1779845745,36.03233775219474
1779845760,35.99750600479331
1779845775,35.94957289016687
1779845790,35.73158508127846
1779845805,35.937471225661845
1779845820,35.92373846724527
1779845835,35.87206962140206
1779845850,35.87764691026089
1779845865,35.92857913304728
1779845880,36.107052376530135
1779845895,36.174769081825666
1779845910,36.105473898551224
1779845925,36.180398986617135
1779845940,36.02470844196331
1779845955,36.11689155593205
1779845970,36.09763412458926
1779845985,35.8161915009484
1779846000,35.99492782409441
1779846015,35.7006469128917
1779846030,35.855548218556066
1779846045,36.00460915569844
1779846060,36.01976254429604
1779846075,36.014027407639304
1779846090,36.13578067574642
1779846105,36.09584518287983
1779846120,36.024024434839106
1779846135,36.08758448145682
1779846150,36.17308537198149
1779846165,36.1911852528064
1779846180,36.174769081825666
1779846195,36.10999886875745
1779846210,36.042808322788225
1779846225,36.206759568865046
1779846240,36.312464977519845
1779846255,36.283841910168825
1779846270,36.18318763104655
1779846285,36.11836480204571
1779846300,36.082691199722184
1779846315,36.07664036746967
1779846330,35.89606248668159
1779846345,35.901429311809906
1779846360,35.886644234740714
1779846375,35.92484340183051
1779846390,35.90463888370037
1779846405,35.869438824770526
1779846420,35.93647152294186
1779846435,35.650661776892655
1779846450,35.78783151326053
1779846465,35.9224230689295
1779846480,35.92889482864307
1779846495,36.124310402432954
1779846510,35.94494268809538
1779846525,35.91558299768754
1779846540,36.090794053347295
1779846555,36.02939125996743
1779846570,35.970198335758056
1779846585,35.99350719391339
1779846600,36.06559102161726
1779846615,35.38868704832511
1779846630,35.73637313114785
1779846645,35.89464185650056
1779846660,36.069431984699285
1779846675,35.94978335389739
1779846690,36.057119856463736
1779846705,36.079008084438044
1779846720,36.021077942611804
1779846735,35.88496052489655
1779846750,36.01897330530658
1779846765,36.03586301968099
1779846780,36.16956010449525
1779846795,36.2615853706661
1779846810,36.07153662200451
1779846825,36.07090523081295
1779846840,36.070379071486634
1779846855,36.08932080723364
1779846870,36.08279643158745
1779846885,36.18855445617487
1779846900,36.119522352563585
1779846915,36.09189898793254
1779846930,36.06753781112458
1779846945,36.05254227032487
1779846960,36.02391920297385
1779846975,36.03944090309987
1779846990,36.0095550533657
1779847005,36.06385469584045
1779847020,36.111156419275325
1779847035,36.023761355175964
1779847050,35.93983894263022
1779847065,35.94815225998585
1779847080,36.08279643158745
1779847095,36.073483411511845
1779847110,36.154827643358686
1779847125,36.172769676385705
1779847140,36.437743513113205
1779847155,36.12331069971299
1779847170,36.09705534933033
1779847185,36.075798512547586
1779847200,36.15903691796913
1779847215,35.53832676072641
1779847230,35.87664720754091
1779847245,35.993665041711274
1779847260,36.07195754946555
1779847275,36.08190196073273
1779847290,36.1583002949123
1779847305,36.136043755409574
1779847320,36.191395716536924
1779847335,36.232699223651906
1779847350,36.271056238539586
1779847365,36.24785261224952
1779847380,36.193763433505296
1779847395,36.19760439658734
1779847410,36.20670695293242
1779847425,36.031758976935805
1779847440,36.065748869415145
1779847455,36.02707615893168
1779847470,35.99361242577865
1779847485,36.10642098533857
1779847500,36.21533596588383
1779847515,36.33824678450882
1779847530,36.10747330399118
1779847545,36.102422174458646
1779847560,36.012764625256175
1779847575,36.02523460128961
1779847590,36.46447240688953
1779847605,36.6130071847056
1779847620,36.58548905193981
1779847635,36.47036539134415
1779847650,36.2178615306501
1779847665,36.186870746330705
1779847680,36.221071102540556
1779847695,36.25737609605565
1779847710,36.21386271977018
1779847725,36.235435252148704
1779847740,36.285736083743515
1779847755,36.27258210058588
1779847770,36.38838976830574
1779847785,36.537398089515484
1779847800,36.42532615301239
1779847815,36.40385885249913
1779847830,36.35192692699276
1779847845,36.386811290326825
1779847860,36.37302591597762
1779847875,36.48799172877539
1779847890,36.490096366080614
1779847905,36.40743673591801
1779847920,36.51677264392431
1779847935,36.17561093674776
1779847950,36.16850778584263
1779847965,36.16834993804474
1779847980,36.30504613101893
1779847995,36.22538560901627
1779848010,36.23469862909188
1779848025,36.19544714334948
1779848040,36.16750808312265
1779848055,36.185239652419156
1779848070,36.224754217824696
1779848085,36.23427770163084
1779848100,36.22312312391315
1779848115,36.45573816207286
1779848130,36.39928126636026
1779848145,36.6529426775722
1779848160,36.46773459471262
1779848175,36.61916324882337
1779848190,36.31383299176824
1779848205,36.21033745228392
1779848220,36.36950064849137
1779848235,36.400175737214994
1779848250,36.30362550083791
1779848265,36.30967633309042
1779848280,36.19881456303783
1779848295,36.08195457666537
1779848310,36.07500927355812
1779848325,36.13241325605807
1779848340,36.39880772296659
1779848355,36.11620754880786
1779848370,36.1481454199146
1779848385,36.14561985514834
1779848400,36.03965136683039
1779848415,35.93021022695883
1779848430,36.29299708244653
1779848445,36.44453096842255
1779848460,36.354768187354814
1779848475,36.43011420288177
1779848490,36.541554748193306
1779848505,36.476837151057715
1779848520,36.55728691204983
1779848535,36.55523489067725
1779848550,36.568757185363296
1779848565,36.602431382246856
1779848580,36.56696824365386
1779848595,36.56681039585597
1779848610,36.696824365386085
1779848625,36.525717352471496
1779848640,36.55523489067725
1779848655,36.516246484598
1779848670,36.446740837593026
1779848685,36.434376093424845
1779848700,36.52771675791146
1779848715,36.54886836282895
1779848730,36.56586330906861
1779848745,36.55844446256771
1779848760,36.537661169178634
1779848775,36.46978661608522
1779848790,36.35866176636947
1779848805,36.439006295496334
1779848820,36.29967930589062
1779848835,36.38549589201106
1779848850,36.089057727570484
1779848865,36.14062134154843
1779848880,36.05159518353752
1779848895,36.12320546784772
1779848910,36.245484895281145
1779848925,36.154143636234494
1779848940,36.143673065641
1779848955,36.15751105592284
1779848970,36.200077345420965
1779848985,36.13020338688758
1779849000,36.10494773922491
1779849015,35.58078781835927
1779849030,35.83618555534801
1779849045,35.922843996390554
1779849060,36.186818130398066
1779849075,36.129729843493905
1779849090,36.137359153725335
1779849105,36.06916890503613
1779849120,36.14162104426841
1779849135,36.242959330514864
1779849150,36.17845219710981
1779849165,36.233383230776106
1779849180,36.653468836898504
1779849195,36.41696021972414
1779849210,36.43632288293218
1779849225,36.43416562969433
1779849240,36.433429006637496
1779849255,36.43095605780387
1779849270,36.41527650987996
1779849285,36.42953542762284
1779849300,36.3853906601458
1779849315,36.42427383435978
1779849330,36.45584339393812
1779849345,36.42785171777866
1779849360,36.13720130592745
1779849375,36.243801185436965
1779849390,36.2259643842752
1779849405,36.32772359798271
1779849420,36.30215225472425
1779849435,36.276054752139494
1779849450,36.21133715500391
1779849465,36.24879969903686
1779849480,36.21991355202269
1779849495,36.194552672494765
1779849510,36.205391554616654
1779849525,36.02781278198851
1779849540,36.13956902289582
1779849555,36.210021756688135
1779849570,36.19897241083573
1779849585,36.15393317250397
1779849600,36.41048846001057
1779849615,36.13088739401178
1779849630,36.12688858313186
1779849645,36.255481922480946
1779849660,36.25632377740303
1779849675,36.15903691796913
1779849690,36.22138679813634
1779849705,36.29925837842958
1779849720,36.58801461670609
1779849735,36.502776805844576
1779849750,36.43500748461642
1779849765,36.39943911415816
1779849780,36.45957912515488
1779849795,36.568704569430665
1779849810,36.498725379032024
1779849825,36.41322448850737
1779849840,36.00297806178689
1779849855,36.025813376548555
1779849870,36.02465582603068
1779849885,36.04522865568923
1779849900,36.14414660903468
1779849915,36.2380134328476
1779849930,36.308045239178874
1779849945,36.417065451589394
1779849960,36.53013709081247
1779849975,36.1856605798802
1779849990,36.11452383896368
1779850005,36.37623548786808
1779850020,36.44342603383731
1779850035,36.190764325345356
1779850050,36.273423955507965
1779850065,36.465629957407394
1779850080,36.3783401251733
1779850095,36.28547300408037
1779850110,36.3979658680445
1779850125,36.256744704864076
1779850140,36.29262877091812
1779850155,36.28163204099833
1779850170,36.42785171777866
1779850185,36.32761836611744
1779850200,36.28378929423619
1779850215,36.14919773856722
1779850230,36.12167960580144
1779850245,36.10089631241236
1779850260,36.25663947299882
1779850275,36.83010052273929
1779850290,36.77874737249186
1779850305,36.744547016282006
1779850320,36.98952679860989
1779850335,36.96379760755354
1779850350,36.86272240097024
1779850365,36.90597269759256
1779850380,36.85498785887354
1779850395,36.70782109530587
1779850410,36.4695761523547
1779850425,36.706190001394326
1779850440,37.05671734457911
1779850455,36.65615224946266
1779850470,36.45205504678872
1779850485,36.58675183432295
1779850500,36.5332940467703
1779850515,36.44268941078048
1779850530,36.45579077800549
1779850545,36.597801180175374
1779850560,36.53429374949029
1779850575,36.63768405710933
1779850590,36.52719059858516
1779850605,36.61227056164877
1779850620,36.60685112058783
1779850635,36.606114497530996
1779850650,36.513510456101216
1779850665,36.65462638741638
1779850680,36.58101669766622
1779850695,36.46068405974013
1779850710,36.368816641367175
1779850725,36.368132634242976
1779850740,36.39586123073928
1779850755,36.35503126701797
1779850770,36.30651937713259
1779850785,36.3478755001802
1779850800,36.37192098139238
1779850815,36.32882853256795
1779850830,36.832889167168716
1779850845,36.87440313801422
1779850860,37.047036012975084
1779850875,37.19793850775953
1779850890,37.18425836527559
1779850905,37.082762231231236
1779850920,37.04587846245722
1779850935,37.1087018860181
1779850950,37.157213775903486
1779850965,36.473469731369356
1779850980,36.43174529679333
1779850995,36.40296438164441
1779851010,36.525822584336765
1779851025,36.519456056488465
1779851040,36.59327620996914
1779851055,36.56949380842013
1779851070,36.49698905325521
1779851085,36.346191790336036
1779851100,36.41438203902524
1779851115,36.42069595094091
1779851130,36.37555148074389
1779851145,36.400070505349724
1779851160,36.42695724692394
1779851175,36.43637549886481
1779851190,36.47520605714616
1779851205,36.22938441989619
1779851220,36.22222865305843
1779851235,36.22848994904147
1779851250,36.248431387508454
1779851265,36.364133823363055
1779851280,36.40443762775806
1779851295,36.419538400423036
1779851310,36.50403958822771
1779851325,36.310833883608296
1779851340,36.30820308697677
1779851355,36.24448519256116
1779851370,36.173401067577274
1779851385,36.25821795097773
1779851400,36.269372528695406
1779851415,36.335037212618346
1779851430,36.464209327226385
1779851445,36.330407010546864
1779851460,36.39033655781307
1779851475,36.54660587772584
1779851490,36.38097092180483
1779851505,36.73786479283792
1779851520,36.56296943277394
1779851535,36.4613154509317
1779851550,36.448477163369844
1779851565,36.307729543583086
1779851580,36.19123786873904
1779851595,36.10636836940594
1779851610,36.131045241809666
1779851625,36.2886299600382
1779851640,36.25858626250616
1779851655,36.25348251704098
1779851670,36.401806831126535
1779851685,36.238486976241276
1779851700,36.23832912844338
1779851715,36.12930891603286
1779851730,36.18176700086553
1779851745,36.44279464264574
1779851760,36.46726105131894
1779851775,36.34703364525812
1779851790,36.2822634321899
1779851805,36.35834607077369
1779851820,36.28473638102354
1779851835,36.35639928126636
1779851850,36.38938947102572
1779851865,36.40001788941709
1779851880,36.381128769602725
1779851895,36.33877294383512
1779851910,36.333669198369954
1779851925,36.37065819900924
1779851940,36.369816344087155
1779851955,36.49935677022359
1779851970,36.45452799562236
1779851985,36.34792811611284
1779852000,36.686879954118915
1779852015,36.620373415273875
1779852030,36.989895110138306
1779852045,36.77090759852991
1779852060,36.691457540257765
1779852075,36.9449611036718
1779852090,36.860196836203976
1779852105,37.24492453559862
1779852120,36.647470620578616
1779852135,36.91254968917138
1779852150,36.79563708686627
1779852165,36.678040477436966
1779852180,36.405753026073825
1779852195,36.5207188388716
1779852210,36.36781693864719
1779852225,36.500724784471984
1779852240,36.38817930457522
1779852255,36.883084766898264
1779852270,36.54818435570475
1779852285,36.80458179541347
1779852300,36.52650659146096
1779852315,36.87777055770258
1779852330,36.31314898464404
1779852345,36.28957704682555
1779852360,36.494410872556315
1779852375,36.601431679526875
1779852390,36.53560914780605
1779852405,36.40059666467603
1779852420,36.644103200890264
1779852435,36.458421574637015
1779852450,36.4638936316306
1779852465,36.44132139653209
1779852480,36.690142141942005
1779852495,36.65462638741638
1779852510,36.789849334276916
1779852525,36.923441187225905
1779852540,36.71755504284252
1779852555,36.67367335502863
1779852570,36.65599440166477
1779852585,36.537608553246
1779852600,36.68293375917161
1779852615,37.027357654171254
1779852630,36.71539778960467
1779852645,36.68661687445576
1779852660,36.63363263029677
1779852675,36.61095516333302
1779852690,36.51824589003796
1779852705,36.48667633045962
1779852720,36.55565581813829
1779852735,36.55381426049622
1779852750,36.591382036394435
1779852765,36.72471080968028
1779852780,36.51724618731799
1779852795,36.56586330906861
1779852810,36.679829419146415
1779852825,36.59985320154796
1779852840,36.52492811348205
1779852855,36.45515938681392
1779852870,36.51998221581477
1779852885,36.51319476050543
1779852900,36.513352608303315
1779852915,36.26269030525133
1779852930,36.41101461933688
1779852945,36.77858952469397
1779852960,36.439058911428965
1779852975,36.90039540873372
1779852990,37.156477152846655
1779853005,36.82420753828467
1779853020,36.688774127693605
1779853035,36.64626045412811
1779853050,36.678040477436966
1779853065,36.8690363128859
1779853080,36.77406455448774
1779853095,36.7262892876592
1779853110,36.62705563871796
1779853125,36.5839105739609
1779853140,36.62521408107588
1779853155,36.46194684212326
1779853170,36.64662876565653
1779853185,36.79900450655463
1779853200,36.742494994909414
1779853215,36.19418436096634
1779853230,36.554077340159374
1779853245,36.46589303707055
1779853260,36.325145417283814
1779853275,36.58654137059243
1779853290,36.63715789778303
1779853305,36.63389570995993
1779853320,36.70661092885537
1779853335,36.84688500524844
1779853350,36.70824202276691
1779853365,36.75833239063121
1779853380,36.50225064651828
1779853395,36.11720725152784
1779853410,36.47694238292297
1779853425,36.28331575084252
1779853440,36.35403156429798
1779853455,36.26895160123437
1779853470,36.1078416155196
1779853485,36.33293257531312
1779853500,35.93783953719025
1779853515,36.28657793866561
1779853530,36.28126372946993
1779853545,36.27421319449743
1779853560,36.408699518301134
1779853575,35.98761420945876
1779853590,36.409541373223234
1779853605,36.371026510537654
1779853620,36.37549886481125
1779853635,36.270477463280656
1779853650,36.26753097105334
1779853665,36.30125778386953
1779853680,36.643050882237645
1779853695,36.58480504481562
1779853710,36.70192811085124
1779853725,36.806107657459755
1779853740,36.52755891011357
1779853755,36.02418228263701
1779853770,36.46757674691473
1779853785,36.15398578843659
1779853800,36.52498072941467
1779853815,35.858126399254964
1779853830,36.20660172106716
1779853845,36.37002680781768
1779853860,36.23469862909188
1779853875,36.50288203770984
1779853890,36.51193197812229
1779853905,36.963113600429345
1779853920,36.382707247581635
1779853935,36.4208537987388
1779853950,36.50261895804668
1779853965,36.40117543993496
1779853980,36.42169565366089
1779853995,36.32104137453862
1779854010,36.30104732013901
1779854025,36.2822634321899
1779854040,36.187396905656996
1779854055,36.17782080591824
1779854070,36.21123192313864
1779854085,36.24569535901166
1779854100,36.16856040177526
1779854115,36.141410580537894
1779854130,36.125731032613984
1779854145,36.328091909511116
1779854160,36.21544119774909
1779854175,36.22917395616566
1779854190,36.227121934793075
1779854205,36.43627026699955
1779854220,36.287367177655064
1779854235,36.17708418286141
1779854250,36.18865968804014
1779854265,36.34345576183924
1779854280,36.00671379300366
1779854295,36.31783180264816
1779854310,36.43826967243952
1779854325,36.390757485274115
1779854340,36.364186439295686
1779854355,36.600852904267946
1779854370,36.45558031427496
1779854385,36.44190017179102
1779854400,36.540660277338574
1779854415,35.71864156185135
1779854430,35.970093103892786
1779854445,36.27426581043005
1779854460,36.310307724281984
1779854475,36.65062757653645
1779854490,36.394440600558255
1779854505,36.4510027281361
1779854520,37.142218235103776
1779854535,36.78022061860552
1779854550,36.97558357646279
1779854565,36.580806233935704
1779854580,36.727499454109704
1779854595,36.06317068871625
1779854610,36.7254474327371
1779854625,36.327460518319555
1779854640,36.22549084088153
1779854655,36.368711409501906
1779854670,36.34029880588141
1779854685,36.57165106165798
1779854700,36.70045486473759
1779854715,36.380444762478525
1779854730,37.25165937497533
1779854745,36.85882882195558
1779854760,36.777537206041366
1779854775,36.93938381481296
1779854790,37.02057019886191
1779854805,36.218177226245885
1779854820,36.53624053899761
1779854835,36.261164443205054
1779854850,36.24374856950433
1779854865,36.07327294778132
1779854880,36.313464680239825
1779854895,36.44153186026261
1779854910,36.08400659803795
1779854925,36.25285112584942
1779854940,36.64699707718494
1779854955,36.20044565694938
1779854970,36.18887015177066
1779854985,36.28189512066149
1779855000,36.50682823265713
1779855015,35.72311391612494
1779855030,36.160720627813305
1779855045,36.232173064325615
1779855060,36.19865671523994
1779855075,36.35334755717379
1779855090,36.42390552283137
1779855105,36.46042098007698
1779855120,36.52829553317039
1779855135,36.20597032987559
1779855150,36.132834183519115
1779855165,36.19086955721061
1779855180,36.244748272224314
1779855195,36.71713411538148
1779855210,36.221123718473194
1779855225,36.319094585031294
1779855240,36.27552859281319
1779855255,36.200024729488334
1779855270,36.231120745672996
1779855285,36.53387282202923
1779855300,36.629739051282115
1779855315,36.14319952224733
1779855330,36.59427591268912
1779855345,36.76964481614677
1779855360,36.85809219889875
1779855375,36.670305935340274
1779855390,36.4106989237411
1779855405,36.34098281300561
1779855420,36.45531723461182
1779855435,36.435481028010095
1779855450,36.3910731808699
1779855465,36.76454107068161
1779855480,36.67125302212762
1779855495,36.30115255200427
1779855510,35.86033626842544
1779855525,36.337352313654094
1779855540,36.782167408112855
1779855555,36.33866771196986
1779855570,36.196867773530506
1779855585,36.152091614861895
1779855600,36.17187520553099
1779855615,35.62624798415208
1779855630,36.02754970232536
1779855645,36.11631278067312
1779855660,36.1319397126644
1779855675,36.26326908051028
1779855690,36.20502324308824
1779855705,36.248115691912666
1779855720,36.17061242314785
1779855735,36.19528929555159
1779855750,36.28021141081731
1779855765,36.31851580977236
1779855780,36.25690255266198
1779855795,36.317726570782895
1779855810,35.893010762589014
1779855825,36.035021164758895
1779855840,36.27947478776048
1779855855,36.06385469584045
1779855870,36.054857371360626
1779855885,36.363081504710436
1779855900,36.0696424484298
1779855915,36.19818317184627
1779855930,36.714766398413104
1779855945,36.68372299816107
1779855960,36.65999321254469
1779855975,36.714819014345736
1779855990,36.65325837316797
1779856005,36.447161765054084
1779856020,36.65099588806486
1779856035,36.721711701520334
1779856050,36.389757782554135
1779856065,36.82957436341299
1779856080,36.22385974696998
1779856095,36.31788441858079
1779856110,36.357767295514755
1779856125,36.29557526314543
1779856140,36.5939076011607
1779856155,36.55134131166259
1779856170,36.17545308894986
1779856185,35.947099941333235
1779856200,35.953782164777316
1779856215,35.47866029312337
1779856230,35.994769976296524
1779856245,35.98940315116821
1779856260,36.30699292052626
1779856275,36.026392151807485
1779856290,36.04564958315027
1779856305,36.00602978587947
1779856320,36.0754828169518
1779856335,36.20665433699979
1779856350,36.29704850925909
1779856365,36.15330178131239
1779856380,36.16514036615428
1779856395,36.187712601252784
1779856410,36.14020041408739
1779856425,36.273529187373235
1779856440,36.164824670558495
1779856455,36.05322627744908
1779856470,36.12788828585184
1779856485,36.525769968404134
1779856500,36.49446348848895
1779856515,36.750124305140844
1779856530,36.21912431303323
1779856545,36.06159221073734
1779856560,36.600116281211115
1779856575,36.014080023571935
1779856590,36.059119261903696
1779856605,36.306151065604176
1779856620,36.22291266018263
1779856635,36.14819803584724
1779856650,36.304467355759996
1779856665,36.111156419275325
1779856680,36.07606159221074
1779856695,36.06827443418141
1779856710,36.327513134252186
1779856725,36.224754217824696
1779856740,36.25211450279259
1779856755,36.33361658243732
1779856770,36.15861599050808
1779856785,36.178715276772955
1779856800,36.38870546390153
1779856815,36.22264958051947
1779856830,36.368816641367175
1779856845,36.386758674394194
1779856860,36.339141255363536
1779856875,36.49498964781526
1779856890,36.3139382236335
1779856905,36.351085072070674
1779856920,36.35334755717379
1779856935,36.37307853191025
1779856950,36.453580908835
1779856965,36.39644000599822
1779856980,36.384443573358446
1779856995,36.28784072104874
1779857010,36.167823778718436
1779857025,36.15445933183027
1779857040,36.21601997300803
1779857055,36.14462015242835
1779857070,36.18092514594344
1779857085,36.16440374309745
1779857100,36.16429851123218
1779857115,36.325671576610105
1779857130,36.360187628415765
1779857145,36.09652919000402
1779857160,36.629475971618966
1779857175,36.85272537377043
1779857190,36.99305206609613
1779857205,36.98405474161631
1779857220,36.72260617237506
1779857235,36.68314422290214
1779857250,36.777326742310834
1779857265,37.30601163338271
1779857280,37.026778878912324
1779857295,36.939225967015076
1779857310,36.90097418399265
1779857325,37.06292602462952
1779857340,36.821103198259465
1779857355,36.65131158366065
1779857370,36.62963381941686
1779857385,36.80363470862612
1779857400,36.825154625072024
1779857415,36.936753018181435
1779857430,36.421222110267216
1779857445,36.46773459471262
1779857460,36.69429880061982
1779857475,36.61227056164877
1779857490,36.96390283941881
1779857505,36.99926074614655
1779857520,37.400825543982975
1779857535,36.632001536385225
1779857550,36.70350658883016
1779857565,36.82389184268888
1779857580,36.895449511066445
1779857595,36.820471807067904
1779857610,36.67593584013174
1779857625,36.44400480909624
1779857640,36.51161628252652
1779857655,36.56607377279914
1779857670,36.64120932459558
1779857685,36.855777097863005
1779857700,36.937752720901415
1779857715,37.1605285796592
1779857730,36.92159962958384
1779857745,36.490148982013245
1779857760,36.36897448916506
1779857775,36.61600629286554
1779857790,36.55591889780144
1779857805,36.397808020246615
1779857820,37.027462886036524
1779857835,36.638315448300894
1779857850,36.92486181740693
1779857865,36.361713490462044
1779857880,36.10926224570063
1779857895,36.16424589529955
1779857910,36.273423955507965
1779857925,36.47604791206825
1779857940,36.48099380973553
1779857955,36.31609547687135
1779857970,36.4838876860302
1779857985,36.842675730638
1779858000,36.44058477347526
1779858015,36.96069326752834
1779858030,36.87834933296151
1779858045,37.06845069755572
1779858060,37.02625271958602
1779858075,37.05356038862128
1779858090,37.11264808096539
1779858105,37.379200395671816
1779858120,37.20961924480351
1779858135,37.180417402193555
1779858150,37.09649498964781
1779858165,37.15158387111202
1779858180,37.088497367887975
1779858195,37.08307792682702
1779858210,37.02835735689124
1779858225,37.02762073383441
1779858240,37.07729017423767
1779858255,37.05503363473493
1779858270,36.44326818603941
1779858285,36.359451005358935
1779858300,36.5864887546598
1779858315,36.31756872298501
1779858330,36.325198033216445
1779858345,36.41453988682313
1779858360,36.52608566399992
1779858375,36.41527650987996
1779858390,36.22201818932791
1779858405,36.1596683091607
1779858420,36.19544714334948
1779858435,36.14183150799894
1779858450,36.065485789751996
1779858465,36.193079426381104
1779858480,36.17092811874364
1779858495,36.210021756688135
1779858510,36.47231218085148
1779858525,36.304783051355784
1779858540,36.33261687971735
1779858555,36.314201303296656
1779858570,36.573545235232686
1779858585,36.35671497686215
1779858600,36.64184071578715
1779858615,36.49883061089728
1779858630,36.853146301231476
1779858645,36.378392741105934
1779858660,36.59948489001955
1779858675,36.50519713874558
1779858690,36.68719564971469
1779858705,36.916390652253405
1779858720,36.60090552020058
1779858735,36.693825257226145
1779858750,36.45963174108752
1779858765,36.535030372547105
1779858780,36.57470278575056
1779858795,36.71792335437094
1779858810,36.61190225012035
1779858825,36.44826669963932
1779858840,36.75033476887136
1779858855,36.70429582781962
1779858870,36.62637163159377
1779858885,36.29746943672013
1779858900,36.28994535835396
1779858915,36.65131158366065
1779858930,36.441479244329976
1779858945,36.34761242051706
1779858960,36.498357067503605
1779858975,36.39265165884882
1779858990,36.62232020478121
1779859005,36.34898043476545
1779859020,36.3315119451321
1779859035,36.4106989237411
1779859050,36.47946794768924
1779859065,36.56086479546872
1779859080,36.64983833754699
1779859095,36.796794637384146
1779859110,36.442899874511006
1779859125,36.27626521587002
1779859140,36.5572342961172
1779859155,36.213336560443864
1779859170,36.33877294383512
1779859185,36.30746646391994
1779859200,36.27305564397956
1779859215,36.417065451589394
1779859230,36.70587430579854
1779859245,36.41901224109672
1779859260,37.025095169068145
1779859275,36.48151996906183
1779859290,36.51424707915803
1779859305,36.35924054162841
1779859320,36.46489333435058
1779859335,36.320146903683906
1779859350,36.481099041600785
1779859365,36.20996914075552
1779859380,36.31998905588601
1779859395,36.401806831126535
1779859410,36.40617395353487
1779859425,36.23953929489389
1779859440,36.37071081494187
1779859455,36.49756782851416
1779859470,36.747546124441946
1779859485,36.5732295396369
1779859500,36.7345499890822
1779859515,36.42695724692394
1779859530,36.60669327278994
1779859545,36.61632198846133
1779859560,36.49809398784046
1779859575,36.37228929292079
1779859590,36.41022538034743
1779859605,36.341456356399284
1779859620,36.34971705782228
1779859635,36.54823697163738
1779859650,36.485781859604906
1779859665,36.49272716271214
1779859680,36.63021259467579
1779859695,36.3721314451229
1779859710,36.399386498225525
1779859725,36.319673360290224
1779859740,36.41769684278097
1779859755,36.499198922425705
1779859770,36.53292573524188
1779859785,36.46983923201784
1779859800,36.51040611607601
1779859815,36.75870070215962
1779859830,36.827469726107765
1779859845,36.77522210500561
1779859860,36.78663976238645
1779859875,36.737706945040024
1779859890,36.88103274552568
1779859905,37.30932643713844
1779859920,37.04593107838985
1779859935,36.73002501887596
1779859950,36.769329120551
1779859965,36.871140950191126
1779859980,36.20323430137881
1779859995,36.282736975583575
1779860010,36.217124907593266
1779860025,36.22433329036365
1779860040,36.254166524165186
1779860055,36.32561896067749
1779860070,36.320409983347055
1779860085,36.318673657570244
1779860100,36.40743673591801
1779860115,36.17003364788892
1779860130,36.16756069905528
1779860145,36.39822894770766
1779860160,36.222702196452104
1779860175,36.2349090928224
1779860190,36.23654018673395
1779860205,36.08532199635371
1779860220,35.888064864921745
1779860235,36.0129750889867
1779860250,36.10189601513234
1779860265,36.284788996956166
1779860280,36.101422471738665
1779860295,36.142778594786286
1779860310,36.435481028010095
1779860325,36.1651929820869
1779860340,36.02255118872546
1779860355,36.0363891790073
1779860370,36.44395219316361
1779860385,36.183766406305494
1779860400,36.32919684409636
1779860415,36.47783685377769
1779860430,36.957115384109464
1779860445,37.002470318037005
1779860460,36.677514318110674
1779860475,36.934543149010956
1779860490,36.76059487573432
1779860505,36.86072299553028
1779860520,36.96763857063557
1779860535,37.217669482496
1779860550,36.950064849136965
1779860565,36.846148382191615
1779860580,36.82715403051198
1779860595,36.85046288866731
1779860610,36.850831200195735
1779860625,36.65809903896999
1779860640,36.697771452173434
1779860655,37.31527203752568
1779860670,36.861722698250254
1779860685,36.74412608882096
1779860700,36.80058298453355
1779860715,36.77827382909818
1779860730,37.000155217001264
1779860745,36.770434055136235
1779860760,36.700770560333375
1779860775,36.60437817175419
1779860790,36.517404035115874
1779860805,36.77953661148132
1779860820,36.719396600484586
1779860835,36.63757882524408
1779860850,36.95553690613055
1779860865,36.6763567675928
1779860880,36.579753915283085
1779860895,36.66025629220785
1779860910,36.71865997742777
1779860925,36.63857852796405
1779860940,36.53887133562914
1779860955,36.754491427549176
1779860970,36.88171675264987
1779860985,36.69892900269131
1779861000,36.936174242922505
1779861015,36.9955776308624
1779861030,36.59564392693751
1779861045,36.63731574558092
1779861060,36.780010154875
1779861075,36.926440295385845
1779861090,36.964113303149325
1779861105,37.203936724079426
1779861120,37.12864332448509
1779861135,37.167105571238025
1779861150,37.25734189569943
1779861165,37.100862112056156
1779861180,37.067135299239965
1779861195,37.05082436012449
1779861210,36.97837222089221
1779861225,37.03309279082799
1779861240,37.060137380200096
1779861255,36.81089570732914
1779861270,36.95159071118326
1779861285,36.474995593415635
1779861300,36.192974194515834
1779861315,36.12930891603286
1779861330,36.0629076090531
1779861345,36.211074075340754
1779861360,36.79332198583053
1779861375,36.52334963550312
1779861390,36.61132347486142
1779861405,36.57586033626843
1779861420,36.392072883589876
1779861435,36.483835070097584
1779861450,36.49588411866998
1779861465,36.50767008757923
1779861480,36.43174529679333
1779861495,36.47489036155038
1779861510,36.39943911415816
1779861525,36.379708139421695
1779861540,36.4651037980811
1779861555,36.34934874629386
1779861570,36.2626376893187
1779861585,36.21654613233434
1779861600,36.4282726452397
1779861615,36.70829463869955
1779861630,36.3416668201298
1779861645,36.47368019509988
1779861660,36.47994149108291
1779861675,36.603852012427886
1779861690,36.57270338031059
1779861705,36.884347549281394
1779861720,36.759384709283815
1779861735,36.73786479283792
1779861750,36.9518537908464
1779861765,36.84188649164854
1779861780,36.876770854982595
1779861795,36.65836211863315
1779861810,36.93301728696466
1779861825,36.790638573266364
1779861840,36.67472567368125
1779861855,36.693772641293506
1779861870,36.60116859986372
1779861885,36.55134131166259
1779861900,36.44190017179102
1779861915,36.53923964715755
1779861930,36.37618287193545
1779861945,36.657730727441574
1779861960,36.83804552856651
1779861975,36.81142186665545
1779861990,36.739127575221055
1779862005,37.00404879601592
1779862020,36.60600926566574
1779862035,36.978161757161686
1779862050,37.07465937760613
1779862065,37.095337439129935
1779862080,36.69829761149974
1779862095,37.199359137940554
1779862110,36.92465135367641
1779862125,36.918758369221784
1779862140,36.94632911792019
1779862155,36.939068119217175
1779862170,37.04030117359838
1779862185,36.73260319957487
1779862200,37.1954655589259
1779862215,36.86614243659122
1779862230,36.37297330004499
1779862245,36.48772864911224
1779862260,36.50645992112872
1779862275,36.4738906588304
1779862290,36.45757971971493
1779862305,36.46299916077588
1779862320,36.59032971774183
1779862335,36.42490522555135
1779862350,36.44258417891522
1779862365,36.48799172877539
1779862380,36.42832526117233
1779862395,36.43442870935748
1779862410,36.405121634882256
1779862425,36.35350540497168
1779862440,36.52498072941467
1779862455,36.54329107397011
1779862470,36.52592781620202
1779862485,36.496094582400495
1779862500,36.748756290892445
1779862515,36.4169076037915
1779862530,36.35855653450422
1779862545,36.46326224043903
1779862560,36.315464085679785
1779862575,36.71539778960467
1779862590,36.58880385569554
1779862605,36.598379955434304
1779862620,36.675146601142295
1779862635,36.39644000599822
1779862650,36.375130553282844
1779862665,36.47704761478824
1779862680,36.4079628952443
1779862695,36.624214378355916
1779862710,36.17882050863822
1779862725,36.750124305140844
1779862740,36.795531855001016
1779862755,36.66562311733617
1779862770,36.718765209293025
1779862785,36.438059208708985
1779862800,36.32656604746484
1779862815,36.96416591908196
1779862830,36.50719654418555
1779862845,36.46773459471262
1779862860,36.497409980716256
1779862875,36.58427888548932
1779862890,36.937752720901415
1779862905,36.98415997348157
1779862920,36.89466027207698
1779862935,36.640788397134536
1779862950,36.8919242435802
1779862965,36.87892810822046
1779862980,37.413453367814306
1779862995,36.518035426307435
1779863010,36.38696913812471
1779863025,36.370500351211355
1779863040,36.64704969311757
1779863055,36.34324529810872
1779863070,36.371026510537654
1779863085,36.39633477413295
1779863100,36.32383001896804
1779863115,36.75991086861012
1779863130,36.485203084345976
1779863145,36.33561598787729
1779863160,36.31588501314083
1779863175,36.68335468663266
1779863190,36.42543138487766
1779863205,36.36108209927048
1779863220,37.056349033050694
1779863235,36.93001817880472
1779863250,36.58264779157777
1779863265,36.79021764580532
1779863280,36.72186954931823
1779863295,36.30999202868621
1779863310,36.42169565366089
1779863325,36.33987787842037
1779863340,36.52561212060624
1779863355,36.422116581121934
1779863370,36.36660677219668
1779863385,36.34319268217608
1779863400,36.32025213554917
1779863415,36.258428414708256
1779863430,36.36950064849137
1779863445,36.29189214786129
1779863460,36.68014511474219
1779863475,36.47431158629144
1779863490,36.31730564332185
1779863505,36.32793406171323
1779863520,36.61705861151815
1779863535,36.429430195757575
1779863550,36.43516533241431
1779863565,36.43458655715537
1779863580,36.33193287259316
1779863595,36.83688797804864
1779863610,36.43174529679333
1779863625,36.2545348356936
1779863640,36.16198341019644
1779863655,36.26753097105334
1779863670,36.33724708178884
1779863685,36.65388976435955
1779863700,36.5668630117886
1779863715,36.883768774022464
1779863730,36.57533417694212
1779863745,36.4504765688098
1779863760,36.60432555582156
1779863775,36.44558328707516
1779863790,36.43595457140376
1779863805,36.83804552856651
1779863820,37.02698934264285
1779863835,36.82936389968246
1779863850,36.788481320028524
1779863865,36.60490433108049
1779863880,36.7515975512545
1779863895,36.66662282005614
1779863910,36.81242156937542
1779863925,36.662571393243596
1779863940,36.65204820671748
1779863955,36.818104090099524
1779863970,36.74870367495981
1779863985,36.997629652235
1779864000,36.68766919310836
1779864015,36.80815967883234
1779864030,36.329775619355296
1779864045,36.34950659409175
1779864060,36.46052621194224
1779864075,36.527137982652526
1779864090,36.544501240420615
1779864105,36.41627621259994
1779864120,36.464209327226385
1779864120,36.464209327226385
1779864135,36.45821111090649
1779864150,36.71381931162575
1779864165,36.49925153835834
1779864180,36.42053810314301
1779864195,36.434639173088
1779864210,36.412382633585274
1779864225,36.387495297451025
1779864240,36.388495000171005
1779864255,36.53797686477442
1779864270,36.5498154496163
1779864285,36.96358714382302
1779864300,37.02620010365338
1779864315,36.85262014190517
1779864330,36.67661984725594
1779864345,36.70466413934803
1779864360,36.557129064251946
1779864375,36.6970348291166
1779864390,36.47004969574837
1779864405,36.44679345352566
1779864420,36.412382633585274
1779864435,36.33524767634888
1779864450,36.3772878065207
1779864465,36.32298816404595
1779864480,36.36771170678193
1779864495,36.63394832589256
1779864510,36.5933814418344
1779864525,36.50635468926345
1779864540,36.49114868473322
1779864555,36.42606277606922
1779864570,36.44342603383731
1779864585,36.582384711914614
1779864600,36.55960201308558
1779864615,36.549184058424736
1779864630,36.5473951167153
1779864645,36.45689571259073
1779864660,36.12367901124139
1779864675,36.3969135493919
1779864690,36.45521200274655
1779864705,36.51003780454759
1779864720,36.69677174945345
1779864735,36.63173845672208
1779864750,36.519824368016884
1779864765,36.53097894573456
1779864780,36.8311528413919
1779864795,36.908813957954614
1779864810,36.66467603054882
1779864825,36.642787802574496
1779864840,36.61853185763181
1779864855,36.68098696966429
1779864870,37.16400123121283
1779864885,36.79789957196938
1779864900,36.81526282973747
1779864915,36.688458432097825
1779864930,36.73702293791583
1779864945,36.68930028701991
1779864960,36.66215046578254
1779864975,36.63600034726515
1779864990,36.557813071376145
1779865005,36.78595575526226
1779865020,36.78243048777601
1779865035,36.78832347223062
1779865050,36.74117959659364
1779865065,36.68572240360104
1779865080,36.612481025379296
1779865095,36.61947894441916
1779865110,36.70766324750798
1779865125,36.74486271187778
1779865140,36.73381336602537
1779865155,36.75522805060601
1779865170,36.85130474358941
1779865185,36.72365849102766
1779865200,36.48425599755862
1779865215,37.79034129324701
1779865230,37.129695643137694
1779865245,37.25534249025948
1779865260,37.23950509453767
1779865275,37.25402709194371
1779865290,37.26628660424664
1779865305,37.32690015863703
1779865320,37.31164153817418
1779865335,37.28286062302526
1779865350,36.86435349488178
1779865365,36.94290908229922
1779865380,37.05987430053695
1779865395,37.12301341969362
1779865410,37.08581395532381
1779865425,36.972479236437586
1779865440,36.99826104342656
1779865455,37.02299053176292
1779865470,36.84493821574111
1779865485,36.72986717107808
1779865500,36.7889548634222
1779865515,36.72718375851392
1779865530,36.684354389352634
1779865545,36.72365849102766
1779865560,36.80263500590614
1779865575,36.749808609545056
1779865590,36.383075559110054
1779865605,36.37697211092491
1779865620,36.39391444123194
1779865635,36.314411767027174
1779865650,36.254482219760966
1779865665,36.22201818932791
1779865680,36.40659488099591
1779865695,36.36729077932088
1779865710,36.314780078555586
1779865725,36.33566860380992
1779865740,36.30125778386953
1779865755,36.22428067443102
1779865770,36.23785558504971
1779865785,36.11378721590685
1779865800,36.150828832478766
1779865815,36.27053007921328
1779865830,36.311044347338814
1779865845,36.41422419122734
1779865860,36.359451005358935
1779865875,36.53250480778084
1779865890,36.64326134596817
1779865905,36.327513134252186
1779865920,36.530505402340886
1779865935,36.95632614512
1779865950,36.55760260764562
1779865965,36.76533030967107
1779865980,36.87061479086482
1779865995,36.58427888548932
1779866010,36.564074367359176
1779866025,36.79111211666004
1779866040,36.63563203573674
1779866055,36.74175837185258
1779866070,36.36118733113574
1779866085,36.41801253837674
1779866100,36.417486379050445
1779866115,36.40854167050325
1779866130,36.333143039043655
1779866145,36.40506901894963
1779866160,36.31593762907346
1779866175,36.412435249517905
1779866190,36.46547210960951
1779866205,36.75791146317017
1779866220,36.40333269317282
1779866235,36.92081039059437
1779866250,36.54597448653427
1779866265,36.74223191524626
1779866280,36.45368614070027
1779866295,36.49325332203844
1779866310,36.35392633243273
1779866325,36.53660885052603
1779866340,36.51219505778545
1779866355,36.33708923399095
1779866370,36.4506344166077
1779866385,36.31109696327145
1779866400,36.39223073138778
1779866415,36.85398815615356
1779866430,36.88792543270027
1779866445,36.88550509979927
1779866460,36.60658804092467
1779866475,36.69103661279672
1779866490,36.633580014364156
1779866505,36.64873340296175
1779866520,36.6433139619008
1779866535,36.7629625927027
1779866550,36.63226461604838
1779866565,36.61463827861715
1779866580,36.43716473785427
1779866595,36.828574660693
1779866610,36.70524291460697
1779866625,36.80868583815865
1779866640,36.81263203310594
1779866655,36.828206349164596
1779866670,36.47136509406413
1779866685,36.62063649493703
1779866700,36.52250778058104
1779866715,36.4702601594789
1779866730,36.64720754091546
1779866745,36.63484279674728
1779866760,36.499093690560436
1779866775,36.86835230576171
1779866790,36.53524083627764
1779866805,36.55591889780144
1779866820,36.55449826762042
1779866835,36.42390552283137
1779866850,36.63705266591777
1779866865,36.492095771520574
1779866880,36.56665254805807
1779866895,36.56233804158238
1779866910,36.61374380776243
1779866925,36.549078826559466
1779866940,36.57328215556953
1779866955,36.56312728057183
1779866970,36.49104345286796
1779866985,36.49498964781526
1779867000,36.79958328181356
1779867015,36.600747672402676
1779867030,36.63899945542509
1779867045,36.41790730651149
1779867060,36.52419149042522
1779867075,36.35461033955693
1779867090,36.38370695030162
1779867105,36.39044178967833
1779867120,36.52924261995775
1779867135,36.51440492695593
1779867150,36.52371794703154
1779867165,36.46762936284736
1779867180,36.26079613167663
1779867195,36.2860517793393
1779867210,36.363765511834636
1779867225,36.3986498751687
1779867240,36.517404035115874
1779867255,36.409541373223234
1779867270,36.48325629483864
1779867285,36.4086469023685
1779867300,36.31898935316603
1779867315,36.352400470386435
1779867330,36.45184458305819
1779867345,36.459473893289626
1779867360,36.44258417891522
1779867375,36.484413845356514
1779867390,36.46783982657789
1779867405,36.41522389394732
1779867420,36.445320207412
1779867435,36.43926937515949
1779867450,36.406489649130656
1779867465,36.365712301341965
1779867480,36.36692246779247
1779867495,36.44747746064986
1779867510,36.46226253771905
1779867525,36.51750926698113
1779867540,36.42779910184603
1779867555,36.42579969640607
1779867570,36.37355207530393
1779867585,36.47194386932306
1779867600,36.417065451589394
1779867615,36.460841907538025
1779867630,36.562495889380266
1779867645,36.43869059990056
1779867660,36.579753915283085
1779867675,36.60506217887839
1779867690,36.598379955434304
1779867705,36.64857555516385
1779867720,36.62510884921063
1779867735,36.64042008560612
1779867750,36.6288445804274
1779867765,36.54734250078266
1779867780,36.51519416594539
1779867795,36.59364452149756
1779867810,36.68251283171057
1779867825,36.602536614112125
1779867840,36.60900837382568
1779867855,36.59653839779223
1779867870,36.62200450918542
1779867885,36.58022745867676
1779867900,36.56465314261812
1779867915,36.576018184066314
1779867930,36.582174248184096
1779867945,36.537661169178634
1779867960,36.5921712753839
1779867975,36.62752918211164
1779867990,36.58817246450398
1779868005,36.592486970979685
1779868020,36.700770560333375
1779868035,36.852357062242014
1779868050,36.70561122613538
1779868065,36.80284546963666
1779868080,36.72192216525087
1779868095,36.77032882327097
1779868110,36.861880546048155
1779868125,36.96606009265666
1779868140,36.71071497160055
1779868155,36.738075256568436
1779868170,37.226088031716884
1779868185,37.26565521305506
1779868200,36.930544338131035
1779868215,36.041545540405096
1779868230,36.486623714527
1779868245,36.5858047475356
1779868260,36.971742613380755
1779868275,37.02940967554385
1779868290,37.232928102958866
1779868305,37.14737459650157
1779868320,37.243819601013385
1779868335,37.140008365933284
1779868350,36.91839005769337
1779868365,36.760857955397476
1779868380,36.6539949962248
1779868395,36.55228839844994
1779868410,36.588488160099764
1779868425,36.52035052734318
1779868440,36.56144357072765
1779868455,36.50219803058564
1779868470,36.55691860052143
1779868485,36.82420753828467
1779868500,36.674778289613876
1779868515,36.77664273518664
1779868530,36.6458921425997
1779868545,36.6262663997285
1779868560,36.49983031361727
1779868575,36.55749737578036
1779868590,36.52129761413053
1779868605,36.51956128835373
1779868620,36.47257526051464
1779868635,36.47594268020299
1779868650,36.36292365691255
1779868665,36.449319018291924
1779868680,36.47988887515028
1779868695,36.38523281234791
1779868710,36.43242930391752
1779868725,36.43495486868379
1779868740,36.46089452347066
1779868755,36.431850528658586
1779868770,36.36781693864719
1779868785,36.60963976501724
1779868800,35.99250749119341
1779868815,36.4169076037915
1779868830,36.374236082428126
1779868845,36.42853572490286
1779868860,36.444110040961505
1779868875,36.47899440429556
1779868890,36.6591513576226
1779868905,37.465174829590154
1779868920,36.79989897740935
1779868935,36.90465729927679
1779868950,37.01204641777577
1779868965,36.929807715074205
1779868980,36.79953066588093
1779868995,36.94090967685925
1779869010,36.84288619436852
1779869025,36.90444683554627
1779869040,36.91460171054397
1779869055,36.91212876171034
1779869070,36.84067632519803
1779869085,37.06534635753053
1779869100,37.13322091062394
1779869115,36.96790165029873
1779869130,37.05092959198974
1779869145,37.3142723348057
1779869160,37.32084932638452
1779869175,37.3118520019047
1779869190,37.39598487818097
1779869205,36.9609563471915
1779869220,36.79863619502621
1779869235,36.79295367430212
1779869250,36.85619802532405
1779869265,37.00336478889172
1779869280,36.90786687116726
1779869295,36.89597567039276
1779869310,36.95927263734732
1779869325,37.02388500261764
1779869340,37.21125033871506
1779869355,36.86082822739554
1779869370,36.90676193658201
1779869385,37.0057325058601
1779869400,37.30985259646473
1779869415,37.6918442673626
1779869430,37.152530957899366
1779869445,37.092443562835264
1779869460,37.17599766385259
1779869475,37.03098815352277
1779869490,37.083446238355435
1779869505,37.16421169494335
1779869520,37.139797902202766
1779869535,37.39288053815576
1779869550,37.152373110101465
1779869565,37.17405087434527
1779869580,37.021096358188224
1779869595,37.00031306479915
1779869610,37.01188856997788
1779869625,37.10828095855706
1779869640,37.19293999415964
1779869655,37.03409249354797
1779869670,37.59897714626966
1779869685,37.154740827069844
1779869700,36.73828572029897
1779869715,36.834415029214995
1779869730,36.7522815583787
1779869745,36.86140700265448
1779869760,36.984475669077355
1779869775,36.96953274421028
1779869790,36.93564808359619
1779869805,37.43292126288762
1779869820,37.38135764890966
1779869835,37.46791085808694
1779869850,37.06629344431788
1779869865,36.94827590742753
1779869880,37.228087437156844
1779869895,37.47480354526154
1779869910,36.939909974139276
1779869925,37.68295217474803
1779869940,37.66306335221369
1779869955,37.47422477000261
1779869970,37.68021614625125
1779869985,37.30574855371955
1779870000,37.04103779665521
1779870015,37.024148082280796
1779870030,37.19230860296806
1779870045,37.094127272679444
1779870060,36.96274528890093
1779870075,37.031461696916445
1779870090,37.4032984928166
1779870105,37.392459610694715
1779870120,37.422134996698354
1779870135,37.77503005685151
1779870150,37.41776787429001
1779870165,37.45449379526614
1779870180,37.38746109709481
1779870195,37.41466353426481
1779870210,37.36788797015625
1779870225,37.32490075319708
1779870240,37.41192750576802
1779870255,37.42708089436563
1779870270,37.152530957899366
1779870285,37.19283476229437
1779870300,37.29164748377456
1779870315,37.02951490740911
1779870330,36.9576941593684
1779870345,37.02151728564927
1779870360,37.01757109070197
1779870375,37.16668464377698
1779870390,37.091443860115284
1779870405,37.16931544040851
1779870420,37.14905830634574
1779870435,36.984370437212085
1779870450,37.023358843291334
1779870465,37.032198319973276
1779870480,36.86219624164393
1779870495,36.780010154875
1779870510,37.007837143165325
1779870525,37.08660319431327
1779870540,37.060453075795884
1779870555,37.005101114668534
1779870570,37.10433476360977
1779870585,37.165421861393845
1779870600,37.27817780502114
1779870615,37.44391799280741
1779870630,36.86561627726492
1779870645,36.83425718141711
1779870660,36.92486181740693
1779870675,36.74965076174716
1779870690,36.71160944245527
1779870705,36.67840878896539
1779870720,36.67598845606438
1779870735,36.63205415231786
1779870750,36.64457674428394
1779870765,36.565705461270724
1779870780,36.615427517606605
1779870795,36.29062936547815
1779870810,36.275107665352145
1779870825,36.293838937368626
1779870840,36.29189214786129
1779870855,36.29489125602123
1779870870,36.27389749890164
1779870885,36.206759568865046
1779870900,36.284210221697236
1779870915,36.41164601052845
1779870930,36.305414442547345
1779870945,36.3531897093759
1779870960,36.37428869836074
1779870975,36.35034844901385
1779870990,36.405753026073825
1779871005,36.44863501116773
1779871020,36.4012280558676
1779871035,36.40738411998537
1779871050,36.43169268086069
1779871065,36.41959101635567
1779871080,36.45905296582859
1779871095,36.40859428643588
1779871110,36.426694167260784
1779871125,36.44495189588359
1779871140,36.325776808475375
1779871155,36.48530831621123
1779871170,36.4883600403038
1779871185,36.31593762907346
1779871200,36.50235587838353
1779871215,36.534398981355544
1779871230,36.63484279674728
1779871245,36.785061284407526
1779871260,36.75927947741856
1779871275,36.731129953461206
1779871290,36.79132258039057
1779871305,36.725710512400255
1779871320,36.781220321325506
1779871335,36.727131142581285
1779871350,36.80458179541347
1779871365,36.81205325784701
1779871380,36.85924974941662
1779871395,36.87150926171954
1779871410,36.80121437572511
1779871425,36.84430682454954
1779871440,36.83083714579611
1779871455,36.864090415218634
1779871470,36.74465224814726
1779871485,36.95237995017271
1779871500,37.02193821311032
1779871515,37.2688121690129
1779871530,36.92659814318374
1779871545,36.58138500919463
1779871560,37.16226490543602
1779871575,36.800688216398804
1779871590,36.95122239965484
1779871605,37.00436449161171
1779871620,36.971900461178656
1779871635,36.90676193658201
1779871650,36.902394814173675
1779871665,36.86503750200598
1779871680,36.781220321325506
1779871695,36.91091859525984
1779871710,36.900184945003204
1779871725,36.828416812895114
1779871740,36.69545635113769
1779871755,36.6396834625493
1779871770,36.61284933690771
1779871785,36.67919802795484
1779871800,36.61469089454978
1779871815,36.638315448300894
1779871830,36.294365096694925
1779871845,36.4883600403038
1779871860,36.63094921773262
1779871875,36.60795605517306
1779871890,36.52424410635785
1779871905,36.56281158497605
1779871920,36.55455088355305
1779871935,36.600852904267946
1779871950,36.589803558415525
1779871965,36.605430490406796
1779871980,36.657151952182645
1779871995,36.642051179517665
1779872010,36.59364452149756
1779872025,36.51629910053064
1779872040,36.66751729091086
1779872055,36.76990789580993
1779872070,36.820419191135265
1779872085,36.8444120564148
1779872100,36.87582376819525
1779872115,36.91717989124287
1779872130,36.768171570033125
1779872145,36.74570456679987
1779872160,36.706663544788
1779872175,36.76732971511103
1779872190,37.01067840352737
1779872205,36.69250985891037
1779872220,36.763436136096374
1779872235,36.77006574360783
1779872250,36.80158268725353
1779872265,36.7306037941349
1779872280,37.15137340738149
1779872295,37.24166234777553
1779872310,37.18562637952398
1779872325,36.81463143854591
1779872340,36.68461746901579
1779872355,36.65367930062903
1779872370,36.697771452173434
1779872385,36.78706068984749
1779872400,36.76285736083743
1779872415,38.03190103995391
1779872430,38.15733742334516
1779872445,37.565145101588215
1779872460,37.88031453804527
1779872475,37.85342779647105
1779872490,37.91235764101728
1779872505,37.837643016681874
1779872520,37.70289361321502
1779872535,37.725150152717745
1779872550,37.71825746554314
1779872565,36.86167008231762
1779872580,36.90092156806002
1779872595,36.82194505318155
1779872610,36.84351758556008
1779872625,36.842096955379056
1779872640,36.85319891716411
1779872655,36.881137977390935
1779872670,36.87440313801422
1779872685,36.4573692559844
1779872700,36.51487847034961
1779872715,36.62116265426334
1779872730,36.49125391659849
1779872745,36.58675183432295
1779872760,36.90134249552107
1779872775,37.02956752334175
1779872790,37.09649498964781
1779872805,36.65857258236367
1779872820,36.64762846837652
1779872835,36.69592989453137
1779872850,36.68887935955887
1779872865,36.70182287898599
1779872880,36.6610455311973
1779872895,36.65920397355523
1779872910,36.643682273429214
1779872925,36.480783346005005
1779872940,36.63163322485682
1779872955,36.63731574558092
1779872970,36.69403572095666
1779872985,36.63663173845673
1779873000,36.63552680387148
1779873015,36.668096066169795
1779873030,36.68025034660746
1779873045,36.81752531484058
1779873060,36.71955444828249
1779873075,36.76853988156154
1779873090,36.742863306437826
1779873105,36.75396526822286
1779873120,36.84357020149272
1779873135,36.86530058166914
1779873150,36.74175837185258
1779873165,36.4365333466627
1779873180,36.494568720354216
1779873195,36.56554761347284
1779873210,36.49793614004256
1779873225,36.54539571127533
1779873240,36.579175140024155
1779873255,36.49562103900682
1779873270,36.560759563603455
1779873285,36.585857363468236
1779873300,36.54108120479963
1779873315,36.668780073293995
1779873330,36.523454867368386
1779873345,36.66525480580775
1779873360,36.71397715942365
1779873375,36.78016800267289
1779873390,36.706768776653256
1779873405,36.746809501385115
1779873420,36.83425718141711
1779873435,36.85509309073881
1779873450,36.7893231749506
1779873465,36.71787073843831
1779873480,36.775748264331924
1779873495,36.878980724153074
1779873510,36.89792245990008
1779873525,36.57001996774644
1779873540,36.656415329125814
1779873555,36.64868078702912
1779873570,36.646049990397586
1779873585,36.64168286798925
1779873600,36.62079434273492
1779873615,36.739390654884204
1779873630,36.84741116457475
1779873645,36.83546734786761
1779873660,36.82557555253306
1779873675,36.83231039190977
1779873690,36.86366948775759
1779873705,36.81352650396067
1779873720,36.807843983236566
1779873735,36.842780962503255
1779873750,36.84704285304633
1779873765,36.807791367303935
1779873780,36.82373399489099
1779873795,36.73644416265689
1779873810,36.682144520182156
1779873825,36.750703080399774
1779873840,36.76543554153633
1779873855,36.808422758495496
1779873870,36.79411122481999
1779873885,36.739706350479985
1779873900,36.69519327147454
1779873915,36.7471251969809
1779873930,36.751387087523966
1779873945,36.74402085695569
1779873960,36.78453512508123
1779873975,36.82431277014992
1779873990,36.8141052792196
1779874005,36.66799083430453
1779874020,36.583805342095644
1779874035,36.58485766074825
1779874050,36.6369474340525
1779874065,36.56333774430235
1779874080,36.66283447290674
1779874095,36.63868375982931
1779874110,36.682723295441086
1779874125,36.504144820092975
1779874140,36.51440492695593
1779874155,36.489833286417465
1779874170,36.90286835756736
1779874185,36.75822715876594
1779874200,36.77890522028976
1779874215,36.73633893079163
1779874230,36.643840121227115
1779874245,36.50998518861497
1779874260,36.54334368990274
1779874275,36.50046170480883
1779874290,36.62937073975371
1779874305,36.59343405776703
1779874320,36.70697924038379
1779874335,36.639788694414555
1779874350,36.783851117957035
1779874365,37.01204641777577
1779874380,36.561075259199235
1779874395,36.653100525370085
1779874410,36.602536614112125
1779874425,36.678040477436966
1779874440,36.788481320028524
1779874455,36.623740834962234
1779874470,36.602168302583706
1779874485,36.61142870672668
1779874500,36.43700689005638
1779874515,36.787376385443274
1779874530,36.746072878328285
1779874545,36.70040224880496
1779874560,36.62453007395169
1779874575,37.028778284352285
1779874590,36.669411464485556
1779874605,36.559391549355055
1779874620,36.448529779302476
1779874635,36.554129956092005
1779874650,36.880401354334104
1779874665,36.757174840113336
1779874680,36.839150463151746
1779874695,36.81794624230164
1779874710,36.840781557063295
1779874725,36.76711925138051
1779874740,36.76301520863533
1779874755,36.521087150400014
1779874770,36.525454272808346
1779874785,36.43632288293218
1779874800,36.405016403017
1779874815,36.573492619300055
1779874830,36.60727204804887
1779874845,36.60795605517306
1779874860,36.57017781554433
1779874875,36.5308737138693
1779874890,36.63563203573674
1779874905,36.69845545929763
1779874920,36.72323756356663
1779874935,36.70929434141953
1779874950,36.746809501385115
1779874965,36.6395256147514
1779874980,36.51756188291376
1779874995,36.61232317758141
1779875010,36.586067827198754
1779875025,36.56596854093388
1779875040,36.590750645202874
1779875055,36.58796200077346
1779875070,36.68735349751259
1779875085,36.56586330906861
1779875100,36.42890403643128
1779875115,36.543817233296416
1779875130,36.51771973071166
1779875145,36.513089528640165
1779875160,36.411856474258975
1779875175,36.42090641467143
1779875190,36.48825480843855
1779875205,36.44653037386251
1779875220,36.40896259796429
1779875235,36.49288501051004
1779875250,36.5131421445728
1779875265,36.527506294180945
1779875280,36.45294951764344
1779875295,36.44868762710036
1779875310,36.49961984988674
1779875325,36.373394227506026
1779875340,36.45694832852337
1779875355,36.47299618797568
1779875370,36.57370308303057
1779875385,36.572071989119024
1779875400,36.46431455909164
1779875415,36.42948281169021
1779875430,36.62616116786324
1779875445,36.622635900377
1779875460,36.668780073293995
1779875475,36.67209487704972
1779875490,36.67551491267071
1779875505,36.81157971445334
1779875520,36.78921794308535
1779875535,36.763067824567955
1779875550,36.793164138032644
1779875565,36.85330414902936
1779875580,36.82741711017513
1779875595,36.83467810887815
1779875610,36.796426325855734
1779875625,36.86745783490699
1779875640,36.87624469565629
1779875655,36.87466621767738
1779875670,36.85193613478097
1779875685,36.97705682257645
1779875700,36.896186134123276
1779875715,36.62737133431374
1779875730,36.70519029867434
1779875745,36.76664570798683
1779875760,36.65962490101627
1779875775,36.67693554285173
1779875790,38.624829984767686
1779875805,36.90497299487257
1779875820,36.71450331874995
1779875835,36.647786316174404
1779875850,36.60327323716894
1779875865,36.54239660311539
1779875880,36.54697418925424
1779875895,36.59559131100488
1779875910,36.6527848297743
1779875925,36.58901431942606
1779875940,36.664833878346705
1779875955,36.738390952164224
1779875970,36.79632109399047
1779875985,36.79074380513163
1779876000,36.7901650298727
1779876015,36.821103198259465
1779876030,36.91986330380702
1779876045,36.85135735952204
1779876060,36.85567186599774
1779876075,36.867142139311206
1779876090,36.80121437572511
1779876105,36.743810393225175
1779876120,36.81431574295012
1779876135,36.73623369892637
1779876150,36.72649975138972
1779876165,36.75459665941444
1779876180,36.740442973536815
1779876195,37.14116591645116
1779876210,36.85988114060819
1779876225,36.720448919137205
1779876240,36.77153898972148
1779876255,36.682091904249525
1779876270,36.85193613478097
1779876285,36.77096021446255
1779876300,36.70419059595436
1779876315,36.643734889361845
1779876330,36.66230831358044
1779876345,36.61448043081925
1779876360,36.61958417628443
1779876375,36.81368435175856
1779876390,36.94254077077079
1779876405,36.942751234501316
1779876420,36.67088471059922
1779876435,36.61758477084446
1779876450,36.585173356344036
1779876465,36.64804939583755
1779876480,36.60500956294575
1779876495,36.64662876565653
1779876510,36.72897270022335
1779876525,36.67930325982011
1779876540,36.75680652858492
1779876555,36.74880890682508
1779876570,36.672515804510766
1779876585,36.61148132265931
1779876600,36.57270338031059
1779876615,36.7192387526867
1779876630,36.8259964799941
1779876645,36.821734589451026
1779876660,36.98010854666902
1779876675,36.95469505120845
1779876690,37.09086508485635
1779876705,37.11159576231279
1779876720,37.232770255160965
1779876735,37.31506157379516
1779876750,37.46449082246595
1779876765,37.16910497667799
1779876780,37.357206935832245
1779876795,37.00899469368319
1779876810,36.675725376401225
1779876825,36.6269504068527
1779876840,36.652100822650105
1779876855,36.916443268186036
1779876870,36.747809204105096
1779876885,36.86435349488178
1779876900,36.82647002338778
1779876915,37.00152323124966
1779876930,36.87756009397205
1779876945,36.701770263053355
1779876960,36.58475242888299
1779876975,36.61984725594757
1779876990,36.76138411472378
1779877005,36.7863766827233
1779877020,36.77627442365823
1779877035,36.73960111861473
1779877050,36.759489941149084
1779877065,37.0114150265842
1779877080,36.64420843275552
1779877095,36.8981329236306
1779877110,37.977443549681276
1779877125,36.94364570535604
1779877140,36.95764154343577
1779877155,37.00425925974644
1779877170,36.769434352416255
1779877185,36.885136788270856
1779877200,36.86614243659122
1779877215,36.935805931394086
1779877230,36.591487268259705
1779877245,36.67246318857813
1779877260,36.646733997521785
1779877275,36.72860438869494
1779877290,36.69198369958407
1779877305,36.630370442473684
1779877320,36.62795010957268
1779877335,36.64594475853234
1779877350,36.788270856298
1779877365,36.75696437638282
1779877380,36.80268762183877
1779877395,36.83078452986349
1779877410,36.740863900997866
1779877425,36.722500940509796
1779877440,36.942119843309754
1779877455,36.82489154540887
1779877470,36.82462846574571
1779877485,36.860775611462905
1779877500,36.84125510045697
1779877515,36.384127877762666
1779877530,36.79521615940523
1779877545,36.83473072481078
1779877560,36.82415492235204
1779877575,36.801687919118784
1779877590,36.85861835822506
1779877605,37.26486597406561
1779877620,37.079026500014464
1779877635,36.91854790549126
1779877650,36.76806633816786
1779877665,36.793848145156836
1779877680,36.901816038914745
1779877695,36.8981329236306
1779877710,36.96500777400404
1779877725,36.80426609981768
1779877740,36.7825883355739
1779877755,36.8950285836054
1779877770,36.797162948912565
1779877785,36.84862133102524
1779877800,36.91233922544086
1779877815,36.86793137830067
1779877830,36.418801777366205
1779877845,36.6996130098155
1779877860,36.92438827401325
1779877875,36.81073785953124
1779877890,36.90734071184095
1779877905,36.89734368464115
1779877920,37.04372120921936
1779877935,36.842044339446424
1779877950,36.93554285173093
1779877965,37.256184345181566
1779877980,37.21067156345613
1779877995,37.1935713853512
1779878010,37.366467339975216
1779878025,36.993104682028765
1779878040,37.15421466774353
1779878055,37.04524707126565
1779878070,36.97411033034913
1779878085,37.08391978174911
1779878100,37.27407376227595
1779878115,37.24339867355234
1779878130,36.718765209293025
1779878145,36.62595070413271
1779878160,36.6806712740685
1779878175,36.59017186994393
1779878190,36.692772938573526
1779878205,36.57070397487063
1779878220,36.5770178867863
1779878235,36.58859339196502
1779878250,36.61374380776243
1779878265,36.55902323782665
1779878280,36.610060692478285
1779878295,36.61674291592237
1779878310,36.6527848297743
1779878325,36.60448340361945
1779878340,36.65315314130272
1779878355,36.64752323651125
1779878370,36.58022745867676
1779878385,36.593013130305984
1779878400,36.585173356344036
1779878415,36.650048801277514
1779878430,36.360450708078915
1779878445,36.528453380968294
1779878460,36.52024529547793
1779878475,36.538397792235465
1779878490,36.55586628186881
1779878505,36.59738025271433
1779878520,36.55439303575516
1779878535,36.609481917219355
1779878550,36.675725376401225
1779878565,36.68182882458637
1779878580,36.68556455580314
1779878595,36.77590611212982
1779878610,36.861827930115524
1779878625,36.9089718057525
1779878640,37.522105268696414
1779878655,37.269706639867614
1779878670,37.07792156542923
1779878685,37.075711696258736
1779878700,37.06734576297048
1779878715,37.01299350456312
1779878730,37.011835954045246
1779878745,36.80395040422191
1779878760,36.85493524294091
1779878775,36.861196538923956
1779878790,36.99999736920336
1779878805,36.933543446290976
1779878820,36.93612162698987
1779878835,37.07123934198515
1779878850,36.9607984993936
1779878865,36.899395706013735
1779878880,36.904183755883125
1779878895,36.84435944048218
1779878910,36.865458429467026
1779878925,36.86840492169434
1779878940,36.81694653958165
1779878955,36.777747669771884
1779878970,36.716134412661496
1779878985,36.677409086245405
1779879000,36.57259814844534
1779879015,36.635737267601996
1779879030,36.269372528695406
1779879045,36.33940433502669
1779879060,36.37492008955232
1779879075,36.42322151570717
1779879090,36.51619386866537
1779879105,36.503145117372995
1779879120,36.56191711412132
1779879135,36.4892018952259
1779879150,36.67882971642643
1779879165,36.69861330709552
1779879180,36.79290105836949
1779879195,36.77764243790662
1779879210,36.79526877533787
1779879225,36.726078823928674
1779879240,36.7495455298819
1779879255,36.827469726107765
1779879270,36.77664273518664
1779879285,36.789165327152716
1779879300,36.842780962503255
1779879315,36.88734665744134
1779879330,37.42776490148982
1779879345,37.222773227961156
1779879360,36.907077632177796
1779879375,36.90439421961364
1779879390,36.782167408112855
1779879405,36.8444120564148
1779879420,36.75186063091764
1779879435,36.823155219632056
1779879450,36.80668643271869
1779879465,36.64336657783343
1779879480,36.5839105739609
1779879495,36.5625485053129
1779879510,36.60585141786784
1779879525,36.66451818275092
1779879540,37.517422450692294
1779879555,37.014098439148356
1779879570,36.916390652253405
1779879585,36.72949885954966
1779879600,36.71092543533108
1779879615,36.902447430106314
1779879630,37.58171912036684
1779879645,37.60229195002539
1779879660,37.727517869686125
1779879675,37.951503894894415
1779879690,37.8614254182309
1779879705,37.77097863003897
1779879720,37.72388737033461
1779879735,37.71546882111372
1779879750,37.758876965533936
1779879765,37.7545098431256
1779879780,37.41450568646692
1779879795,36.78306187896757
1779879810,36.957115384109464
1779879825,37.147164132771046
1779879840,36.912391841373484
1779879855,37.01215164964103
1779879870,36.9115499864514
1779879885,36.801109143859854
1779879900,36.727762533772854
1779879915,36.71197775398368
1779879930,36.66536003767301
1779879945,36.671042558397104
1779879960,36.66199261798465
1779879975,36.73491830061061
1779879990,36.72397418662345
1779880005,36.72039630320457
1779880020,37.039880246137336
1779880035,36.501514023461446
1779880050,36.54287014650907
1779880065,36.49656812579417
1779880080,36.573755698963204
1779880095,36.59927442628902
1779880110,36.598379955434304
1779880125,36.636789586254615
1779880140,36.63410617369045
1779880155,36.539134415292295
1779880170,36.489885902350096
1779880185,36.506512537061354
1779880200,36.458842502098065
1779880215,36.53529345221026
1779880230,36.6062723453289
1779880245,36.65567870606898
1779880260,36.63842068016616
1779880275,36.73870664776001
1779880290,36.82020872740475
1779880305,36.7345499890822
1779880320,36.73123518532647
1779880335,36.75922686148593
1779880350,37.03435557321112
1779880365,36.97037459913236
1779880380,36.90171080704948
1779880395,36.72297448390347
1779880410,36.78942840681587
1779880425,36.84898964255366
1779880440,36.73034071447175
1779880455,36.663518480030945
1779880470,36.78600837119488
1779880485,36.75980563674486
1779880500,36.7254474327371
1779880515,36.570651358938
1779880530,36.57401877862636
1779880545,36.54265968277854
1779880560,36.80426609981768
1779880575,36.60337846903421
1779880590,36.704769371213295
1779880605,36.63089660179999
1779880620,36.65157466332381
1779880635,36.560022940546624
1779880650,36.47231218085148
1779880665,36.50235587838353
1779880680,36.6073246639815
1779880695,36.631422761126295
1779880710,36.87461360174474
1779880725,36.696140358261886
1779880740,36.671200406195005
1779880755,36.52755891011357
1779880770,36.513510456101216
1779880785,36.43469178902063
1779880800,36.46489333435058
1779880815,36.535398684075524
1779880830,36.72597359206341
1779880845,36.802529774040885
1779880860,36.78195694438233
1779880875,36.7459150305304
1779880890,36.80510795473978
1779880905,36.88155890485197
1779880920,36.859460213147145
1779880935,36.92891324421949
1779880950,36.89355533749175
1779880965,36.76269951303954
1779880980,36.85798696703348
1779880995,36.65341622096587
1779881010,36.65683625658686
1779881025,36.68861627989571
1779881040,36.78969148647903
1779881055,36.98105563345637
1779881070,36.85393554022094
1779881085,36.711451594657376
1779881100,36.7400746620084
1779881115,36.620741726802294
1779881130,36.6200577196781
1779881145,36.668780073293995
1779881160,36.58880385569554
1779881175,36.52024529547793
1779881190,36.64362965749659
1779881205,36.633422166566255
1779881220,36.60890314196041
1779881235,36.59695932525327
1779881250,36.63410617369045
1779881265,36.643787505294476
1779881280,36.828048501366695
1779881295,36.77248607650883
1779881310,36.854040772086194
1779881325,36.83967662247806
1779881340,37.16305414442548
1779881355,36.82636479152252
1779881370,36.845464375067415
1779881385,36.79095426886215
1779881400,36.916758963781824
1779881415,36.906235777255716
1779881430,36.90839303049357
1779881445,36.850883816128366
1779881460,36.74796705190298
1779881475,36.852146598511496
1779881490,37.024095466348165
1779881505,36.81994564774159
1779881520,36.851673055117814
1779881535,36.925177513002716
1779881550,36.84851609915999
1779881565,36.888451592026584
1779881580,36.85582971379563
1779881595,36.79321675396526
1779881610,36.6787771004938
1779881625,37.004838035005385
1779881640,36.643050882237645
1779881655,36.75549113026916
1779881670,36.68098696966429
1779881685,36.663413248165675
1779881700,36.697824068106065
1779881715,36.6965086697903
1779881730,36.573755698963204
1779881745,36.93359606222361
1779881760,36.75559636213441
1779881775,36.74160052405468
1779881790,36.73028809853912
1779881805,36.93059695406365
1779881820,36.85761865550508
1779881835,36.84883179475577
1779881850,36.692562474843
1779881865,36.52492811348205
1779881880,36.569809504015915
1779881895,36.63394832589256
1779881910,36.564021751426544
1779881925,36.647786316174404
1779881940,36.56339036023498
1779881955,36.60148429545951
1779881970,36.53113679353245
1779881985,36.42537876894502
1779882000,36.64662876565653
1779882015,36.612691489109814
1779882030,36.71623964452676
1779882045,36.697087445049235
1779882060,36.597695948310104
1779882075,36.54650064586057
1779882090,36.722816636105584
1779882105,36.76701401951525
1779882120,36.75570159399968
1779882135,36.682091904249525
1779882150,36.75291294957026
1779882165,36.70061271253549
1779882180,36.75891116589014
1779882195,36.745388871204085
1779882210,36.75186063091764
1779882225,36.76627739645843
1779882240,36.823523531160475
1779882255,36.78064154606656
1779882270,36.75433357975129
1779882285,36.72265878830768
1779882300,36.76364659982689
1779882315,36.76206812184798
1779882330,36.61053423587196
1779882345,36.68361776629582
1779882360,36.75728007197859
1779882375,36.699823473546026
1779882390,36.708662950227954
1779882405,36.73554969180217
1779882420,36.820419191135265
1779882435,36.8230499877668
1779882450,36.79579493466416
1779882465,36.694772344013494
1779882480,36.66478126241407
1779882495,36.64989095347963
1779882510,36.65688887251949
1779882525,36.65857258236367
1779882540,36.69266770670827
1779882555,36.660045828477315
1779882570,36.613059800638226
1779882585,36.57365046709794
1779882600,36.59995843341323
1779882615,36.626739943122175
1779882630,36.57628126372947
1779882645,36.672831500106554
1779882660,36.67014808754239
1779882675,36.73381336602537
1779882690,36.68351253443055
1779882705,36.715766101133084
1779882720,36.71508209400889
1779882735,36.77490640940984
1779882750,36.75906901368804
1779882765,36.75696437638282
1779882780,36.683828230026336
1779882795,36.736707242320044
1779882810,36.70292781357123
1779882825,36.64647091785864
1779882840,36.70903126175637
1779882855,36.65688887251949
1779882870,36.60811390297096
1779882885,36.81042216393546
1779882900,36.70187549491861
1779882915,36.81994564774159
1779882930,36.76217335371324
1779882945,36.811790178183855
1779882960,36.836730130250736
1779882975,36.80126699165774
1779882990,36.81042216393546
1779883005,36.864879654208096
1779883020,36.892766098502285
1779883035,36.845411759134784
1779883050,36.89402888088542
1779883065,36.85493524294091
1779883080,37.43123755304344
1779883095,36.84362281742535
1779883110,37.0539287001497
1779883125,37.07855295662079
1779883140,37.064083575147386
1779883155,36.8325208556403
1779883170,36.65488946707952
1779883185,36.843149274031674
1779883200,36.86430087894915
1779883215,36.82383922675625
1779883230,36.92086300652701
1779883245,37.14600658225318
1779883260,36.92438827401325
1779883275,37.0120990337084
1779883290,37.13253690349975
1779883305,36.866405516254375
1779883320,36.904815147074686
1779883335,36.92133654992068
1779883350,36.769434352416255
1779883365,36.754123116020764
1779883380,36.8526727578378
1779883395,36.83746675330757
1779883410,36.829784827143506
1779883425,36.63721051371566
1779883440,36.5959596225333
1779883455,36.89160854798441
1779883470,36.894397192413834
1779883485,36.7869028420496
1779883500,36.8394135428149
1779883515,36.843044042166404
1779883530,36.768013722235224
1779883545,36.65920397355523
1779883560,36.84430682454954
1779883575,36.65904612575734
1779883590,36.61821616203602
1779883605,36.93233327984047
1779883620,36.90286835756736
1779883635,36.80594980966186
1779883650,36.94264600263606
1779883665,36.70508506680908
1779883680,36.62168881358965
1779883695,36.595486079139626
1779883710,36.58890908756081
1779883725,36.724763425612906
1779883740,36.64042008560612
1779883755,36.935069308337255
1779883770,36.632843391307325
1779883785,36.514457542888564
1779883800,36.50898548589498
1779883815,36.47888917243031
1779883830,36.5422387553175
1779883845,36.70455890748278
1779883860,36.72697329478339
1779883875,36.84693762118108
1779883890,36.7648567662774
1779883905,36.791375196323195
1779883920,36.88987222220761
1779883935,36.72460557781502
1779883950,36.90192127078
1779883965,36.6825654476432
1779883980,36.77780028570451
1779883995,36.83094237766138
1779884010,36.75201847871554
1779884025,36.68777442497363
1779884040,36.698350227432364
1779884055,36.880559202132005
1779884070,36.851462591387296
1779884085,36.89113500459074
1779884100,36.897080604977994
1779884115,36.84499083167374
1779884130,36.846043150326345
1779884145,36.883400462494045
1779884160,36.88734665744134
1779884175,36.76322567236585
1779884190,36.64952264195121
1779884205,36.75217632651343
1779884220,36.698139763701846
1779884235,36.7719073012499
1779884250,36.73391859789062
1779884265,36.63131752926103
1779884280,36.61837400983392
1779884295,36.713503616029975
1779884310,36.65925658948787
1779884325,36.69471972808086
1779884340,36.74254761084204
1779884355,36.72123815812667
1779884370,36.90860349422409
1779884385,36.75343910889657
1779884400,36.67077947873395
1779884415,36.65173251112169
1779884430,36.74517840747357
1779884445,36.76359398389426
1779884460,36.782009560314954
1779884475,36.7121882177142
1779884490,36.76617216459316
1779884505,36.771065446327796
1779884520,36.68761657717573
1779884535,36.692404627045114
1779884550,36.91591710885973
1779884565,37.008784229952674
1779884580,36.65425807588796
1779884595,37.0050484987359
1779884610,36.66772775464139
1779884625,36.66130861086045
1779884640,36.704137980021734
1779884655,36.73718078571372
1779884670,36.61742692304657
1779884685,36.71597656486361
1779884700,36.75422834788602
1779884715,36.87361389902476
1779884730,36.93096526559208
1779884745,36.91391770341978
1779884760,36.77827382909818
1779884775,36.80605504152713
1779884790,36.78600837119488
1779884805,36.93801580056457
1779884820,36.77885260435713
1779884835,36.97621496765435
1779884850,36.741547908122065
1779884865,36.853725076490406
1779884880,36.79795218790202
1779884895,36.74423132068622
1779884910,36.66767513870875
1779884925,36.652732213841674
1779884940,36.694667112148224
1779884955,36.695508967070325
1779884970,36.77727412637821
1779884985,36.99905028241602
1779885000,36.65089065619961
1779885015,36.919494992278615
1779885030,36.778799988424495
1779885045,36.82894297222143
1779885060,36.84567483879794
1779885075,36.81394743142171
1779885090,36.97090075845867
1779885105,37.04130087631836
1779885120,37.1069655602413
1779885135,36.903131437230506
1779885150,37.22372031474851
1779885165,37.02651579924917
1779885180,37.43313172661814
1779885195,36.993209913894034
1779885210,36.82604909592674
1779885225,36.71729196317936
1779885240,37.003206941093836
1779885255,36.759384709283815
1779885270,36.75633298519124
1779885285,36.80668643271869
1779885300,36.77422240228564
1779885315,36.771749453451996
1779885330,36.80263500590614
1779885345,36.81989303180896
1779885360,36.69061568533568
1779885375,36.68472270088105
1779885390,36.663360632233044
1779885405,36.71076758753318
1779885420,36.788165624432736
1779885435,36.67614630386227
1779885450,36.94748666843807
1779885465,36.84814778763157
1779885480,36.75096616006292
1779885495,36.9008689521274
1779885510,36.90470991520942
1779885525,36.89918524228322
1779885540,37.12311865155888
1779885555,36.62652947939166
1779885570,36.59369713743018
1779885585,36.799478049948306
1779885600,36.6224780525791
1779885615,36.54744773264792
1779885630,36.550025913346815
1779885645,36.89455504021173
1779885660,36.733497670429585
1779885675,36.831994696313984
1779885690,36.842307419109574
1779885705,36.79321675396526
1779885720,36.844464672347435
1779885720,36.844464672347435
1779885735,37.05056128046134
1779885750,37.05561240999386
1779885765,37.05908506154749
1779885780,36.995472398997144
1779885795,37.03856484782156
1779885810,37.15979195660238
1779885825,37.16957852007167
1779885840,37.11359516775274
1779885855,37.10654463278025
1779885870,37.225772336121096
1779885885,37.08723458550484
1779885900,37.065872516856835
1779885915,37.09365372928577
1779885930,37.10201966257402
1779885945,37.08197299224179
1779885960,36.97321585949441
1779885975,36.6099028446804
1779885990,36.69924469828709
1779886005,36.73923280708631
1779886020,36.75259725397447
1779886035,36.728341309031784
1779886050,36.754701891279694
1779886065,36.731445649056994
1779886080,36.759542557081716
1779886095,36.6539949962248
1779886110,36.582858255308295
1779886125,36.595328231341725
1779886140,36.56218019378448
1779886155,36.668780073293995
1779886170,36.63689481811987
1779886185,36.63052829027158
1779886200,36.66820129803505
1779886215,36.51956128835373
1779886230,36.622057125118054
1779886245,36.54892097876158
1779886260,36.66220308171517
1779886275,36.67141086992552
1779886290,36.74196883558311
1779886305,36.70792632717112
1779886320,36.705453378337495
1779886335,36.602431382246856
1779886350,36.554656115418304
1779886365,36.683775614093705
1779886380,36.701507183390206
1779886395,36.73307674296854
1779886410,36.69329909789983
1779886425,36.730498562269645
1779886440,36.72986717107808
1779886455,36.96937489641239
1779886470,36.78774469697169
1779886485,36.78732376951065
1779886500,36.79595278246206
1779886515,36.80763351950604
1779886530,36.785166516272795
1779886545,37.02025450326614
1779886560,36.8950285836054
1779886575,36.519456056488465
1779886590,36.52135023006316
1779886605,36.55439303575516
1779886620,36.49088560507007
1779886635,36.56165403445818
1779886650,36.53529345221026
1779886665,36.54071289327121
1779886680,36.593013130305984
1779886695,36.60064244053742
1779886710,36.5073017760508
1779886725,36.539871038349126
1779886740,36.482782751444965
1779886755,36.581174545464116
1779886770,36.728341309031784
1779886785,36.61984725594757
1779886800,36.659467053218386
1779886815,37.64438469612984
1779886830,37.81038796357925
1779886845,37.97554937610658
1779886860,37.96997208724774
1779886875,37.991439387761005
1779886890,38.167123986814445
1779886905,37.75187904649406
1779886920,37.67874290013759
1779886935,37.809388260859265
1779886950,37.775135288716776
1779886965,37.818859128732775
1779886980,37.81891174466541
1779886995,37.775819295840975
1779887010,37.79633950956689
1779887025,37.758087726544474
1779887040,37.77034723884739
1779887055,37.83722208922084
1779887070,37.86531899724556
1779887085,37.75598308923925
1779887100,37.68542512358167
1779887115,37.73183237616182
1779887130,37.70441947526131
1779887145,36.990789580993024
1779887160,36.798951890622
1779887175,36.913444160026096
1779887190,37.118856761015806
1779887205,37.076395703382936
1779887220,37.05103482385501
1779887235,37.08155206478073
1779887250,36.98247626363739
1779887265,36.84430682454954
1779887280,36.81121140292491
1779887295,36.918179593962854
1779887310,37.02504255313551
1779887325,36.91523310173553
1779887340,36.77832644503082
1779887355,36.79768910823886
1779887370,36.8394135428149
1779887385,36.86219624164393
1779887400,36.91375985562188
1779887415,36.9217048614491
1779887430,36.963481911957764
1779887445,36.95274826170113
1779887460,36.91433863088081
1779887475,36.95122239965484
1779887490,37.050140353000295
1779887505,37.070765798591474
1779887520,37.06597774872209
1779887535,37.046457237716155
1779887550,37.06429403887791
1779887565,37.05398131608232
1779887580,37.08186776037652
1779887595,37.51500211779128
1779887610,37.023464075156596
1779887625,36.896028286325375
1779887640,36.91991591973965
1779887655,36.87950688347939
1779887670,36.913444160026096
1779887685,37.13032703432927
1779887700,37.0270945745081
1779887715,37.0656620531263
1779887730,37.027357654171254
1779887745,36.655415626405826
1779887760,36.643156114102915
1779887775,36.86203839384604
1779887790,36.800740832331435
1779887805,36.85914451755136
1779887820,36.842780962503255
1779887835,36.92938678761316
1779887850,36.88250599163933
1779887865,36.958799093953644
1779887880,36.87940165161413
1779887895,36.83620397092443
1779887910,36.79458476821367
1779887925,36.83104760952665
1779887940,37.05156098318132
1779887955,36.80984338867652
1779887970,36.8256281684657
1779887985,36.87955949941202
1779888000,36.86072299553028
1779888015,36.88166413671724
1779888030,36.92312549163012
1779888045,36.9513276315201
1779888060,37.02314837956081
1779888075,37.00457495534223
1779888090,36.97937192361219
1779888105,37.004732803140115
1779888120,37.01320396829364
1779888135,37.06061092359377
1779888150,37.00862638215479
1779888165,37.00047091259704
1779888180,36.91923191261546
1779888195,37.05082436012449
1779888210,37.25892037367835
1779888225,36.99626163798659
1779888240,36.66993762381187
1779888255,36.64562906293655
1779888270,36.56339036023498
1779888285,37.15889748574766
1779888300,36.74091651693049
1779888315,36.749071986488225
1779888330,36.814210511084866
1779888345,36.762489049309025
1779888360,36.64925956228806
1779888375,36.62468792174959
1779888390,36.83257347157293
1779888405,36.68367038222844
1779888420,36.72234309271191
1779888435,36.76075272353221
1779888450,36.7521237105808
1779888465,36.76638262832368
1779888480,36.75196586278291
1779888495,36.7281834612339
1779888510,36.708662950227954
1779888525,36.75680652858492
1779888540,36.74270545863993
1779888555,36.73754909724214
1779888570,36.74244237897678
1779888585,36.781325553190754
1779888600,36.763067824567955
1779888615,36.75575420993231
1779888630,36.945171567402326
1779888645,36.74833536343141
1779888660,36.8418338757159
1779888675,36.77032882327097
1779888690,36.94959130574329
1779888705,36.94096229279188
1779888720,36.79505831160734
1779888735,36.796058014327315
1779888750,36.78069416199919
1779888765,36.78927055901797
1779888780,36.78884963155693
1779888795,36.69756098844291
1779888810,36.75728007197859
1779888825,36.64426104868815
1779888840,36.50903810182762
1779888855,36.58822508043661
1779888870,36.591487268259705
1779888885,36.50835409470342
1779888900,36.55744475984773
1779888915,36.53334666270294
1779888930,36.42711509472183
1779888945,36.58227948004935
1779888960,36.51361568796647
1779888975,36.986159378921535
1779888990,36.82178720538366
1779889005,36.882085064178284
1779889020,36.87624469565629
1779889035,36.398544643303445
1779889050,36.507143928252916
1779889065,36.54371200143115
1779889080,36.852777989703064
1779889095,36.91528571766817
1779889110,36.49004375014798
1779889125,36.51682525985693
1779889140,36.64662876565653
1779889155,36.62321467563593
1779889170,36.896080902258014
1779889185,36.81121140292491
1779889200,36.55397210829411
1779889215,36.18629197107176
1779889230,36.77890522028976
1779889245,36.662781856974114
1779889260,36.93249112763836
1779889275,36.96490254213879
1779889290,37.121803253243115
1779889305,37.296803845172356
1779889320,37.5186326171428
1779889335,36.772433460576195
1779889350,36.9545898193432
1779889365,37.460071084124976
1779889380,37.66395782306841
1779889395,37.097757772030945
1779889410,37.02856782062176
1779889425,36.955115978669504
1779889440,37.07197596504197
1779889455,36.90660408878412
1779889470,36.86856276949223
1779889485,36.993683457287695
1779889500,36.97426817814703
1779889515,36.89402888088542
1779889530,36.855356170401954
1779889545,36.840413245534876
1779889560,36.77001312767519
1779889575,36.94054136533084
1779889590,37.15637192098139
1779889605,37.28822744815358
1779889620,37.50526817025464
1779889635,37.42434486586883
1779889650,37.37199201290142
1779889665,37.04387905701726
1779889680,37.24418791254179
1779889695,36.78416681355281
1779889710,36.76664570798683
1779889725,36.798425731295694
1779889740,36.916443268186036
1779889755,36.8759290000605
1779889770,36.85435646768198
1779889785,36.88098012959304
1779889800,36.850725968330465
1779889815,36.25553453841358
1779889830,36.38549589201106
1779889845,36.528242917237776
1779889860,36.70203334271651
1779889875,36.70329612509964
1779889890,36.76622478052579
1779889905,36.73712816978109
1779889920,36.7028751976386
1779889935,36.74407347288833
1779889950,36.771170678193066
1779889965,36.894449808346465
1779889980,36.72870962056021
1779889995,36.97479433747333
1779890010,37.309115973407906
1779890025,37.30569593778692
1779890040,36.94054136533084
1779890055,36.99768226816762
1779890070,36.99652471764975
1779890085,36.98247626363739
1779890100,36.88029612246885
1779890115,36.897817228034825
1779890130,36.928965860152104
1779890145,37.34863053881345
1779890160,37.276441479244326
1779890175,37.004469723476966
1779890190,36.916495884118675
1779890205,36.95964094887573
1779890220,37.02556871246182
1779890235,36.90991889253985
1779890250,36.89597567039276
1779890265,36.84383328115587
1779890280,36.912602305104
1779890295,37.088129056359556
1779890310,36.97290016389863
1779890325,37.15468821113721
1779890340,37.01162549031473
1779890355,37.21703809130443
1779890370,37.12522328886409
1779890385,36.998734586820234
1779890400,36.92665075911636
1779890415,36.22991057922249
1779890430,36.604430787686816
1779890445,36.6667280519214
1779890460,36.66457079868355
1779890475,36.79221705124529
1779890490,36.99089481285828
1779890505,36.833678406158164
1779890520,36.88587341132769
1779890535,36.86751045083961
1779890550,36.8311528413919
1779890565,36.73865403182738
1779890580,36.74659903765459
1779890595,36.78800777663484
1779890610,36.79411122481999
1779890625,36.81231633751017
1779890640,36.90397329215259
1779890655,36.89644921378643
1779890670,36.69461449621559
1779890685,36.81689392364902
1779890700,36.725131737141325
1779890715,36.76922388868573
1779890730,36.72386895475819
1779890745,36.68409130968948
1779890760,36.706400465124844
1779890775,36.63426402148835
1779890790,36.60569357006995
1779890805,36.59159250012496
1779890820,36.644681976149194
1779890835,36.63084398586736
1779890850,36.51914036089268
1779890865,36.96763857063557
1779890880,36.54255445091328
1779890895,36.68987906227885
1779890910,36.58159547292515
1779890925,36.74133744439153
1779890940,36.37691949499228
1779890955,36.54902621062684
1779890970,36.69187846771881
1779890985,37.02498993720288
1779891000,36.58943524688711
1779891015,36.381128769602725
1779891030,36.95895694175153
1779891045,36.73102472159595
1779891060,36.69335171383247
1779891075,36.91554879733132
1779891090,36.87261419630479
1779891105,37.40435081146922
1779891120,37.72804402901242
1779891135,37.12154017357996
1779891150,36.861880546048155
1779891165,36.831994696313984
1779891180,37.13600955505336
1779891195,37.258657294015194
1779891210,37.107070792106555
1779891225,37.33326668648533
1779891240,37.90988469218364
1779891255,37.29633030177868
1779891270,37.272863595825456
1779891285,37.26449766253719
1779891300,37.18362697408403
1779891315,37.134536308939715
1779891330,37.06297864056215
1779891345,37.34031722145783
1779891360,37.447074948765234
1779891375,37.33221436783273
1779891390,37.005679889927464
1779891405,37.25160675904271
1779891420,36.99789273189814
1779891435,37.030514610129096
1779891450,37.20961924480351
1779891465,36.9773199022396
1779891480,36.8786650285573
1779891495,36.86430087894915
1779891510,36.84651669372002
1779891525,36.88708357777819
1779891540,36.68966859854833
1779891555,36.67835617303275
1779891570,36.707137088181675
1779891585,36.72134338999192
1779891600,36.766435244256314
1779891615,36.455369850544436
1779891630,36.68887935955887
1779891645,36.768118954100494
1779891660,36.718817825225656
1779891675,36.790428109535846
1779891690,36.928124005230025
1779891705,37.336844569904216
1779891720,37.450705448116736
1779891735,37.09628452591729
1779891750,37.08707673770695
1779891765,37.1246971295378
1779891780,37.07723755830503
1779891795,37.061715858179014
1779891810,37.06145277851586
1779891825,37.02178036531242
1779891840,37.05235022217077
1779891855,37.07560646439349
1779891870,36.896870141247476
1779891885,36.81899856095424
1779891900,36.67830355710012
1779891915,36.77164422158674
1779891930,36.87392959462055
1779891945,36.92291502789959
1779891960,36.908129950830414
1779891975,36.89255563477176
1779891990,36.579122524091524
1779892005,36.63147537705893
1779892020,36.664728646481436
1779892035,36.671937029251836
1779892050,36.985738451460485
1779892065,36.979108843949035
1779892080,36.954747667141085
1779892095,36.81768316263848
1779892110,37.18757316903132
1779892125,37.02230652463873
1779892140,36.889451294746564
1779892155,37.12390789054834
1779892170,36.94632911792019
1779892185,36.947749748101224
1779892200,36.92691383877952
1779892215,36.15282823791872
1779892230,36.67230534078024
1779892245,36.700770560333375
1779892260,36.62668732718954
1779892275,36.52671705519148
1779892290,36.60037936087427
1779892305,36.66272924104148
1779892320,36.68540670800525
1779892335,36.64804939583755
1779892350,36.8015300713209
1779892365,36.95964094887573
1779892380,36.59190819572075
1779892395,36.979792851073235
1779892410,37.11733089896951
1779892425,37.04735170857087
1779892440,37.04335289769095
1779892455,36.9816344087153
1779892470,36.84704285304633
1779892485,36.746967349183
1779892500,36.722764020172946
1779892515,36.652469134178524
1779892530,36.717344579112
1779892545,36.707189704114306
1779892560,36.70850510243007
1779892575,36.69098399686409
1779892590,36.67562014453597
1779892605,36.625740240402195
1779892620,36.62684517498743
1779892635,36.611113011130904
1779892650,36.64126194052821
1779892665,36.60206307071845
1779892680,36.66130861086045
1779892695,36.63894683949247
1779892710,36.66904315295715
1779892725,36.2557450021441
1779892740,37.37030830305726
1779892755,36.54423816075746
1779892770,36.57133536606219
1779892785,36.59164511605759
1779892800,36.630580906204216
1779892815,36.17387461097095
1779892830,36.50588114586978
1779892845,36.56133833886239
1779892860,36.6889319754915
1779892875,36.60658804092467
1779892890,36.546816341456356
1779892905,36.628107957370574
1779892920,36.693141250101945
1779892935,36.7540178841555
1779892950,36.66420248715514
1779892965,36.64036746967349
1779892980,36.67404166655706
1779892995,36.76317305643322
1779893010,36.749440298016644
1779893025,36.75459665941444
1779893040,36.402332990452834
1779893055,36.577491430179975
1779893070,36.69493019181138
1779893085,36.950117465069596
1779893100,36.66404463935724
1779893115,36.72728899037918
1779893130,37.1276436217651
1779893145,36.986054147056265
1779893160,36.93391175781938
1779893175,36.9778460615659
1779893190,37.327110622367556
1779893205,37.43886686327487
1779893220,36.60422032395629
1779893235,36.80331901303033
1779893250,36.798478347228325
1779893265,37.01067840352737
1779893280,37.055822873724395
1779893295,37.017992018163014
1779893310,37.068871625016776
1779893325,37.081183753252326
1779893340,37.167473882766444
1779893355,37.8371694732882
1779893370,37.20904046954458
1779893385,37.296751229239725
1779893400,37.285912347117836
1779893415,37.23034992225996
1779893430,36.96632317231982
1779893445,36.83267870343819
1779893460,36.946013422324405
1779893475,36.94248815483817
1779893490,36.87966473127727
1779893505,36.89034576560128
1779893520,36.79958328181356
1779893535,36.986843386045734
1779893550,36.985475371797335
1779893565,37.0038383322854
1779893580,36.70697924038379
1779893595,36.68235498391268
1779893610,36.898448619226386
1779893625,36.79989897740935
1779893640,36.90265789383683
1779893655,36.848410867294724
1779893670,36.904815147074686
1779893685,37.01625569238621
1779893700,37.04093256478994
1779893715,36.73812787250107
1779893730,36.81663084398586
1779893745,36.82068227079842
1779893760,36.99289421829825
1779893775,36.922862411966975
1779893790,36.84920010628419
1779893805,36.878033637365725
1779893820,36.76543554153633
1779893835,36.72686806291813
1779893850,36.795426623135754
1779893865,36.85319891716411
1779893880,36.72229047677927
1779893895,36.78548221186858
1779893910,36.72770991784022
1779893925,36.78058893013393
1779893940,36.66393940749199
1779893955,36.5661790046644
1779893970,36.63647389065883
1779893985,36.57233506878218
1779894000,36.54928929028999
1779894015,37.48790491248655
1779894030,37.74856424273835
1779894045,37.58987458992458
1779894060,37.528787492140495
1779894075,37.55451668319684
1779894090,37.56677619549976
1779894105,37.804126667596215
1779894120,37.61965520779347
1779894135,37.573774114539624
1779894150,37.32158594944135
1779894165,37.08502471633436
1779894180,37.062505097168476
1779894195,37.0126251930347
1779894210,37.08886567941639
1779894225,37.20588351358675
1779894240,37.22950806733787
1779894255,37.21161865024348
1779894270,36.98068732192795
1779894285,36.82141889385525
1779894300,36.975478344597526
1779894315,37.237716152828234
1779894330,37.36609902844681
1779894345,37.252501229897426
1779894360,37.36309992028686
1779894375,37.287385593231484
1779894390,37.086182266852234
1779894405,37.03998547800259
1779894420,36.98479136467314
1779894435,36.99699826104342
1779894450,37.26155117030988
1779894465,37.01509814186834
1779894480,36.96032495599992
1779894495,37.05156098318132
1779894510,36.99736657257184
1779894525,36.91491740613976
1779894540,36.896186134123276
1779894555,36.860407299934494
1779894570,36.99268375456772
1779894585,36.90807733489778
1779894600,36.90286835756736
1779894615,36.9556421379958
1779894630,37.00278601363279
1779894645,36.947697132168585
1779894660,36.8831373828309
1779894675,36.999102898348646
1779894690,37.1650009339328
1779894705,37.06266294496636
1779894720,37.08723458550484
1779894735,37.04061686919417
1779894750,37.067082683307326
1779894765,36.88887251948763
1779894780,36.948749450821204
1779894795,37.04466829600671
1779894810,36.92596675199217
1779894825,36.894502424279096
1779894840,36.85909190161873
1779894855,36.86056514773238
1779894870,36.922125788910144
1779894885,36.56396913549392
1779894900,36.61753215491183
1779894915,36.625003617345364
1779894930,36.62900242822529
1779894945,36.70366443662806
1779894960,36.72728899037918
1779894975,36.555761050003554
1779894990,36.53650361866077
1779895005,36.55844446256771
1779895020,36.62610855193061
1779895035,36.83767721703809
1779895050,36.78253571964126
1779895065,37.02919921181332
1779895080,36.99526193526662
1779895095,36.884137085550876
1779895110,36.76327828829849
1779895125,36.79647894178836
1779895140,36.78790254476958
1779895155,36.73702293791583
1779895170,36.78227263997811
1779895185,36.78790254476958
1779895200,36.88318999876352
1779895215,36.93948904667822
1779895230,36.98810616842886
1779895245,37.009152541481086
1779895260,37.327426317963344
1779895275,37.27891442807797
1779895290,37.36062697145323
1779895305,37.3555758419207
1779895320,37.23761092096297
1779895335,37.36309992028686
1779895350,37.464122510937536
1779895365,37.50632048890724
1779895380,37.613446527743065
1779895395,37.443707529076875
1779895410,37.402246174164
1779895425,37.470225959122686
1779895440,37.252501229897426
1779895455,37.21619623638234
1779895470,37.2131971282224
1779895485,37.22724558223476
1779895500,37.213512823818185
1779895515,37.13553601165969
1779895530,37.158108246758204
1779895545,37.16989421566744
1779895560,37.15058416839203
1779895575,37.188467639886035
1779895590,37.17073607058954
1779895605,37.04614154212037
1779895620,37.058821981884336
1779895635,37.00815283876111
1779895650,36.93391175781938
1779895665,36.92964986727632
1779895680,36.99394653695085
1779895695,36.98247626363739
1779895710,37.004101411948554
1779895725,36.96884873708608
1779895740,36.89308179409807
1779895755,36.960377571932554
1779895770,36.972689700168104
1779895785,36.97663589511539
1779895800,37.08565610752592
1779895815,37.23892631927874
1779895830,37.00347002075699
1779895845,37.082183455972306
1779895860,37.046930781109836
1779895875,37.02399023448291
1779895890,37.01957049614194
1779895905,37.162685832897054
1779895920,37.175734584189435
1779895935,37.14337578562164
1779895950,37.15284665349514
1779895965,37.11627858031691
1779895980,37.12222418070416
1779895995,36.969480128277645
1779896010,37.052192374372886
1779896025,37.05982168460431
1779896040,37.01441413474414
1779896055,37.0842354773449
1779896070,36.99699826104342
1779896085,37.03856484782156
1779896100,36.85319891716411
1779896115,37.02504255313551
1779896130,37.05655949678122
1779896145,36.97468910560807
1779896160,36.98863232775517
1779896175,36.95464243527583
1779896190,36.95206425457693
1779896205,37.096021446254134
1779896220,36.925756288261645
1779896235,36.90397329215259
1779896250,36.83951877468016
1779896265,36.896396597853794
1779896280,36.9413306043203
1779896295,36.946066038257044
1779896310,36.875034529205784
1779896325,37.01767632256724
1779896340,36.897448916506406
1779896355,36.90386806028734
1779896370,36.994788391872945
1779896385,36.933438214425706
1779896400,36.983791661953155
1779896415,36.61726907524867
1779896430,36.8445699042127
1779896445,36.89629136598853
1779896460,36.880664433997254
1779896475,36.94917037828225
1779896490,37.136114786918625
1779896505,37.32358535488132
1779896520,36.96942751234501
1779896535,37.12548636852725
1779896550,37.066398676183134
1779896565,36.932754207301514
1779896580,36.93533238800041
1779896595,37.20446288340572
1779896610,37.24834457121962
1779896625,37.133063062826054
1779896640,37.204515499338356
1779896655,37.24487191966599
1779896670,37.06439927074317
1779896685,36.92365165095642
1779896700,37.012730424899964
1779896715,36.75186063091764
1779896730,36.92675599098163
1779896745,36.97795129343117
1779896760,36.84057109333278
1779896775,36.88718880964345
1779896790,36.901447727386326
1779896805,36.88597864319294
1779896820,36.82215551691208
1779896835,36.80321378116508
1779896850,37.075922159989275
1779896865,36.872877275967944
1779896880,37.122434644434676
1779896895,37.278809196212706
1779896910,37.33915967093996
1779896925,37.18173280050932
1779896940,37.10791264702865
1779896955,37.15558268199194
1779896970,37.127485773967216
1779896985,36.98247626363739
1779897000,37.05692780830964
1779897015,36.540660277338574
1779897030,37.0613475466506
1779897045,37.02893613215018
1779897060,37.014098439148356
1779897075,37.070397487063055
1779897090,37.1479533717605
1779897105,37.23945247860505
1779897120,37.19041442939336
1779897135,37.12953779533981
1779897150,37.138324656089104
1779897165,37.34931454593765
1779897180,37.320428398923475
1779897195,37.00967870080739
1779897210,36.8919242435802
1779897225,36.91128690678824
1779897240,36.859354981281875
1779897255,36.865721509130175
1779897270,36.918442673626
1779897285,36.98758000910256
1779897300,36.89476550394225
1779897315,36.805791961863974
1779897330,36.86224885757656
1779897345,36.828785124423526
1779897360,36.85756603957244
1779897375,36.86272240097024
1779897390,36.90907703761776
1779897405,36.87008863153851
1779897420,36.75564897806704
1779897435,36.693877873158776
1779897450,36.68493316461158
1779897465,36.80037252080302
1779897480,36.74565195086724
1779897495,37.19004611786495
1779897510,36.97132168591971
1779897525,37.32816294102017
1779897540,37.525156992788986
1779897555,37.61386745520411
1779897570,37.232033632104134
1779897585,37.1703151431285
1779897600,37.26786508222555
1779897615,37.243872216946016
1779897630,37.45607227324507
1779897645,38.189064830721385
1779897660,38.283142118264834
1779897675,38.009381420788024
1779897690,38.16301994406926
1779897705,38.41499764543701
1779897720,38.61541173282682
1779897735,38.86723158639668
1779897750,38.57426607350972
1779897765,39.06896107210225
1779897780,38.65766232672916
1779897795,38.81787784158921
1779897810,38.60025834422922
1779897825,37.84974468118691
1779897840,37.59429432826554
1779897855,37.689792245990006
1779897870,37.778081780944085
1779897885,37.74887993833412
1779897900,37.729832970721866
1779897915,37.5427307142876
1779897930,37.59871406660651
1779897945,36.82815373323196
1779897960,36.90349974875892
1779897975,36.95911478954942
1779897990,36.94101490872451
1779898005,36.97532049679963
1779898020,37.043195049893065
1779898035,37.039880246137336
1779898050,36.96600747672403
1779898065,36.998471507157085
1779898080,36.979792851073235
1779898095,36.926124599790064
1779898110,36.92091562245964
1779898125,36.999786905472845
1779898140,36.99952382580969
1779898155,36.95758892750314
1779898170,36.96590224485876
1779898185,36.990105573868824
1779898200,37.028041661295454
1779898215,36.95495813087161
1779898230,36.95658922478315
1779898245,37.01530860559886
1779898260,36.94959130574329
1779898275,37.006521744849564
1779898290,36.965744397060874
1779898305,36.94112014058977
1779898320,36.97774082970064
1779898335,36.95979879667362
1779898350,37.004680187207484
1779898365,37.05082436012449
1779898380,37.03288232709747
1779898395,37.010836251325266
1779898410,37.03551312372899
1779898425,36.96774380250083
1779898440,36.982213183974245
1779898455,37.01225688150629
1779898470,37.02698934264285
1779898485,36.95800985496418
1779898500,37.077342790170285
1779898515,37.05235022217077
1779898530,38.41857552885589
1779898545,46.38594312743842
1779898560,46.42798325761024
1779898575,45.537300750040124
1779898590,45.439698195010436
1779898605,45.41607364125932
1779898620,45.44869551949026
1779898635,45.444223165216656
1779898650,45.48094908619279
1779898665,45.23449605775125
1779898680,45.10974368148419
1779898695,45.020559675675386
1779898710,44.91722198398897
1779898725,44.87649725213292
1779898740,44.970785003406874
1779898755,44.94726568152102
1779898770,44.96199814265758
1779898785,44.9863067035329
1779898800,45.033292731371986
1779898815,45.0634416607693
1779898830,45.03687061479087
1779898845,45.039606643287655
1779898860,45.21776419117472
1779898875,45.14752192111293
1779898890,45.16199130258634
1779898905,45.18477400141537
1779898920,45.288900932091245
1779898935,45.34262179930705
1779898950,45.30857929089508
1779898965,45.39208077597977
1779898980,45.39392233362184
1779898995,45.24701864971732
1779899010,45.37203410564753
1779899025,45.277114963181994
1779899040,45.34646276238908
1779899055,45.32152281032219
1779899070,45.32041787573695
1779899085,45.37713785111269
1779899100,45.435699384130515
1779899115,45.42375556742337
1779899130,45.576973163243565
1779899145,45.39081799359664
1779899160,45.41281145343622
1779899175,45.36582542559713
1779899190,45.31252548584237
1779899205,45.304633095947786
1779899220,45.283271027299776
1779899235,45.28458642561554
1779899250,45.31410396382128
1779899265,45.33125675785885
1779899280,45.173987735226106
1779899295,45.19171930452261
1779899310,45.34046454606919
1779899325,45.2094508738191
1779899340,45.40218303504484
1779899355,45.486526375051625
1779899370,45.45216817104387
1779899385,45.359827209277235
1779899400,45.51362358035637
1779899415,45.69372791775077
1779899430,45.7874368937658
1779899445,45.70998624093362
1779899460,45.719614956605014
1779899475,45.722614064764954
1779899490,45.629273400278336
1779899505,45.356985948915195
1779899520,45.43748832583995
1779899535,45.40402459268691
1779899550,45.203557889364475
1779899565,45.3131042611013
1779899580,45.277588506575675
1779899595,45.29574100333322
1779899610,45.27416847095469
1779899625,45.38766103763881
1779899640,45.32525854153896
1779899655,45.65915925001249
1779899670,45.641006753254956
1779899685,45.73634682318153
1779899700,45.68436228174253
1779899715,45.719614956605014
1779899730,45.69414884521182
1779899745,45.6799951593342
1779899760,45.64916222281269
1779899775,45.66978766840387
1779899790,45.63853380442132
1779899805,45.71119640738412
1779899820,45.9721714332317
1779899835,45.97532838918953
1779899850,45.8893539552712
1779899865,45.95780728362355
1779899880,45.913872979877034
1779899895,46.034994856792586
1779899910,46.27850139300682
1779899925,46.09455609253038
1779899940,46.163167268680624
1779899955,46.166166376840565
1779899970,46.1744796941962
1779899985,46.227306090557285
1779900000,46.29923207046326
1779900015,46.251193723971554
1779900030,46.77177576141831
1779900045,47.066267136351556
1779900060,46.76982897191099
1779900075,46.93614793495618
1779900090,49.040732624245955
1779900105,49.05604386064144
1779900120,47.59632004167182
1779900135,49.344694867052695
1779900150,47.89417883629342
1779900165,48.019930915280455
1779900180,47.83161849239568
1779900195,47.77447758955889
1779900210,47.63867586743942
1779900225,47.582008507996306
1779900240,47.588322419911975
1779900255,47.57522105268697
1779900270,47.58716486939411
1779900285,47.544545963963344
1779900300,47.54165208766866
1779900315,46.69079984109988
1779900330,46.646549841757576
1779900345,46.612612565210874
1779900360,46.69706113708292
1779900375,46.74031143370524
1779900390,46.68706410988312
1779900405,46.73657570248847
1779900420,46.757569459608064
1779900435,46.6457079868355
1779900450,46.61719015134973
1779900465,46.60319431327
1779900480,46.46886583726418
1779900495,46.54605341043321
1779900510,46.487228797752245
1779900525,46.339535874858264
1779900540,46.459342353458055
1779900555,46.40635810929907
1779900570,46.33017023885002
1779900585,46.30565121424418
1779900600,46.26334800440921
1779900615,46.534320057456604
1779900630,46.668332837866636
1779900645,48.10322193663463
1779900660,53.896499198922434
1779900675,54.079023869217835
1779900690,53.432110977525106
1779900705,53.50430003709423
1779900720,53.52597780133802
1779900735,53.48693677932614
1779900750,53.499722450955375
1779900765,53.60542785961017
1779900780,53.830729283134225
1779900795,53.25774177678744
1779900810,55.406839545082654
1779900825,54.01341180122753
1779900840,53.96784640356947
1779900855,53.99904765161938
1779900870,55.7929352587257
1779900885,55.795355591626695
1779900900,54.27233480570251
1779900915,54.17567933746017
1779900930,55.545482527564175
1779900945,47.850034068816385
1779900960,48.4345970803419
1779900975,48.50510243006685
1779900990,48.12290029543846
1779901005,47.33555547955477
1779901020,45.66978766840387
1779901035,45.748238023956034
1779901050,45.70856561075259
1779901065,46.05093748437965
1779901080,46.091609600303066
1779901095,46.09345115794514
1779901110,46.28234235608885
1779901125,46.216046280974346
1779901140,46.2118370063639
1779901155,46.29097136904026
1779901170,46.245616435112716
1779901185,46.250299253116836
1779901200,46.10202755496392
1779901215,47.97357627863293
1779901230,47.46009739209129
1779901245,47.50829358638089
1779901260,47.53675880593402
1779901275,47.635781991144746
1779901290,47.009284081312664
1779901305,47.12903794397981
1779901320,47.22385185458009
1779901335,47.272574208195984
1779901350,47.21885334098018
1779901365,47.27446838177068
1779901380,47.19975375743529
1779901395,47.18880964344814
1779901410,46.76119995895958
1779901425,46.507643779612906
1779901440,46.443610189601515
1779901455,46.44439942859098
1779901470,46.51322106847174
1779901485,46.52306024787366
1779901500,46.43319223494067
1779901515,46.39478260412035
1779901530,46.03404777000524
1779901545,46.124231478534014
1779901560,46.1815302291687
1779901575,46.53710870188602
1779901590,46.578990984259946
1779901605,46.663281708334104
1779901620,46.83154746088663
1779901635,46.595985930499616
1779901650,46.59935335018797
1779901665,46.56578438516967
1779901680,46.4570272524223
1779901695,46.801240683691425
1779901710,48.408657425555035
1779901725,48.970332506386264
1779901740,49.08387768900301
1779901755,48.579553974739085
1779901770,48.41660243138225
1779901785,48.547563487699705
1779901800,47.58774364465304
1779901815,46.03852012427884
1779901830,46.057567091891094
1779901845,46.03010157505795
1779901860,46.30081054844217
1779901875,46.42477368571978
1779901890,46.473022495942
1779901905,46.528584920799865
1779901920,46.53637207882919
1779901935,46.663281708334104
1779901950,46.7424686869431
1779901965,46.78687653408329
1779901980,46.80334532099665
1779901995,46.81265834107226
1779902010,46.64202487155136
1779902025,46.50959056912024
1779902040,48.12526801240684
1779902055,48.21424155448511
1779902070,48.54245974223454
1779902085,48.71419814634069
1779902100,48.76776116575861
1779902115,48.6832073620213
1779902130,48.64795468715882
1779902145,48.60149481864603
1779902160,48.42417912568104
1779902175,47.815307553280206
1779902190,46.05656738917111
1779902205,46.13170294096756
1779902220,46.18131976543817
1779902235,48.5711354255182
1779902250,48.421969256510565
1779902265,47.16013396016447
1779902280,46.805186878638715
1779902295,47.70402485576657
1779902310,48.70114939504832
1779902325,48.50878554535099
1779902340,48.66773827782791
1779902355,47.10020441289827
1779902370,46.79850465519464
1779902385,46.73373444212642
1779902400,46.754622967380755
1779902415,46.87448206191317
1779902430,46.866273976422804
1779902445,48.06339167563329
1779902460,48.50715445143944
1779902475,48.83705634903305
1779902490,47.435736215283356
1779902505,47.35849602618168
1779902520,48.97654118643666
1779902535,49.267349446085774
1779902550,49.33722340461916
1779902565,49.12139284896859
1779902580,48.849105397605456
1779902595,48.90798262621905
1779902610,48.16914970022073
1779902625,47.7433289574416
1779902640,47.74822223917624
1779902655,49.48154890782478
1779902670,48.32399838995246
1779902685,47.44252367059269
1779902700,47.00586404569168
1779902715,46.52774306587778
1779902730,46.57488694151476
1779902745,46.77919460791923
1779902760,46.772617616340405
1779902775,48.91177097336844
1779902790,47.49666546526954
1779902805,47.27367914278122
1779902820,47.268680629181326
1779902835,47.302880985391184
1779902850,47.24726594460068
1779902865,47.453573016445105
1779902880,47.464990673825945
1779902895,47.511345310473466
1779902910,47.5542799115
1779902925,47.494245132368526
1779902940,47.50718865179565
1779902955,47.46541160128699
1779902970,47.5088197457072
1779902985,47.48508996009082
1779903000,47.31971808383296
1779903015,47.3197706997656
1779903030,47.169341748374826
1779903045,47.27068003462128
1779903060,47.14471749190372
1779903075,47.09873116678461
1779903090,47.08231499580388
1779903105,47.0244900858429
1779903120,46.96834888572609
1779903135,47.20775137919513
1779903150,47.27667825094116
1779903165,47.34739406439664
1779903180,47.25963068876886
1779903195,47.251317371413236
1779903210,47.25584234161947
1779903225,47.23711106960299
1779903240,47.281992460136856
1779903255,47.302880985391184
1779903270,47.3184026855172
1779903285,47.28036136622531
1779903300,47.33292468292324
1779903315,47.342606014527256
1779903330,47.375017429027686
1779903345,47.02669995501337
1779903360,46.81939318044898
1779903375,46.707689555474296
1779903390,46.72357956712872
1779903405,46.728051921402326
1779903420,46.65460007945006
1779903435,46.609297761455146
1779903450,46.66612296869616
1779903465,46.76388337152373
1779903480,46.67901387219063
1779903495,46.68453854511685
1779903510,46.66970085211503
1779903525,46.786666070352766
1779903540,47.037223141539485
1779903555,46.908419338459886
1779903570,46.821550433686824
1779903585,47.01480875423887
1779903600,46.7411006726947
1779903615,46.85822373873032
1779903630,46.88795174066659
1779903645,46.86743152694067
1779903660,46.934253761381484
1779903675,46.99576178662661
1779903690,46.999813213439154
1779903705,47.07999989476813
1779903720,46.98150286888373
1779903735,46.957878315132604
1779903750,46.93072849389524
1779903765,46.95572106189475
1779903780,46.91988961177335
1779903795,46.929360479646846
1779903810,46.95714169207578
1779903825,46.84375435725692
1779903840,46.950933012025374
1779903855,46.966244248420864
1779903870,47.06174216614533
1779903885,46.92273087213539
1779903900,53.09694748666844
1779903915,54.31453278367222
1779903930,54.35257410296413
1779903945,54.175521489662295
1779903960,53.743071139371715
1779903975,55.70359340511901
1779903990,54.22950543654124
1779904005,54.42392130761115
1779904020,55.58178752107925
1779904035,55.80961450936959
1779904050,56.37097389460502
1779904065,54.94118854130219
1779904080,56.42506307334925
1779904095,54.971390086632134
1779904110,55.031109170167824
1779904125,55.07599056070169
1779904140,55.045473319775965
1779904155,55.09824710020441
1779904170,55.049472130655886
1779904185,55.186799714821646
1779904200,47.03369787405324
1779904215,47.483669329909794
1779904230,47.57811492898164
1779904245,48.96386074667271
1779904260,49.13154772396629
1779904275,49.28360776926861
1779904290,49.094663955192274
1779904305,49.15817138587736
1779904320,49.292289398152654
1779904335,49.44429682752234
1779904350,50.243111916719506
1779904365,50.18312975352066
1779904380,49.681962995214576
1779904395,48.556876507775314
1779904410,50.081212692015264
1779904425,48.79796271108855
1779904440,47.56917022043445
1779904455,49.31759766174796
1779904470,48.9177165737557
1779904485,48.30342556029391
1779904500,46.70479567917961
1779904515,46.75320233719973
1779904530,46.74636226595775
1779904545,46.82565447643201
1779904560,48.61522757706261
1779904575,48.765025137261816
1779904590,49.03231407502506
1779904605,49.36579385603754
1779904620,48.28800909203316
1779904635,48.29442823581409
1779904650,48.39360926882269
1779904665,48.35246360950559
1779904680,48.282589650972206
1779904695,48.29174482324993
1779904710,48.36877454862106
1779904725,48.49815712695962
1779904740,48.39187294304589
1779904755,48.56482151360253
1779904770,48.61838453302044
1779904785,48.592234414503054
1779904800,48.54324898122401
1779904815,48.530147613999
1779904830,48.571293273316094
1779904845,48.56671568717723
1779904860,48.54103911205352
1779904875,48.44754059976901
1779904890,48.439700825807066
1779904905,48.420022467003236
1779904920,47.18875702751551
1779904935,46.81260572513963
1779904950,46.727999305469694
1779904965,46.844280516583225
1779904980,46.89852754312533
1779904995,46.922520408404864
1779905010,46.904683607243115
1779905025,46.861643774351315
1779905040,46.81870917332478
1779905055,46.739627426581045
1779905070,46.89510750750435
1779905085,46.747572432408255
1779905100,46.844964523707425
1779905115,46.749256142252435
1779905130,46.80181945895037
1779905145,46.69842915133131
1779905160,46.71600287282992
1779905175,46.82507570117307
1779905190,46.80576565389766
1779905205,46.83880845958966
1779905220,46.799714821645146
1779905235,46.712951148737346
1779905250,46.82481262150991
1779905265,47.03359264218798
1779905280,46.910681823562996
1779905295,46.67238426467919
1779905310,46.827338186276194
1779905325,46.74441547645043
1779905340,46.78350911439493
1779905355,46.907630099470424
1779905370,46.90084264416108
1779905385,46.89016160983708
1779905400,46.900369100767406
1779905415,46.81144817462176
1779905430,46.768671421393115
1779905445,46.82107689029314
1779905460,46.75209740261449
1779905475,46.76535661763739
1779905490,46.98050316616374
1779905505,46.895949362426435
1779905520,46.864905962174404
1779905535,47.01212534167472
1779905550,46.871798649349
1779905565,46.91252338120506
1779905580,46.881900908414075
1779905595,46.8511205878252
1779905610,46.841965415547484
1779905625,47.01738693493777
1779905640,46.75641190909019
1779905655,46.654547463517424
1779905670,46.567994254340164
1779905685,46.53526714424395
1779905700,46.613980579459266
1779905715,46.55752368374667
1779905730,46.66107183916361
1779905745,46.67885602439274
1779905760,46.6324487718126
1779905775,46.53284681134294
1779905790,46.53005816691353
1779905805,46.4243001423261
1779905820,46.70263842594176
1779905835,46.56583700110231
1779905850,46.454606919521304
1779905865,46.38773206914786
1779905880,46.43456024918906
1779905895,46.4072525801538
1779905910,46.38910008339625
1779905925,46.42819372134076
1779905940,46.44582005877199
1779905955,46.403043305543356
1779905970,46.51532570577697
1779905985,46.55794461120772
1779906000,46.490596217440604
1779906015,46.4874918774154
1779906030,46.50043539684252
1779906045,46.55815507493825
1779906060,46.51374722779805
1779906075,46.66970085211503
1779906090,46.63976238644823
1779906105,46.54905251859316
1779906120,46.62502992531168
1779906135,46.79776803213781
1779906150,46.832599779539244
1779906165,46.67280519214023
1779906180,46.83544103990129
1779906195,46.90610423742414
1779906210,46.84975257357681
1779906225,46.891003464759166
1779906240,46.863327484195494
1779906255,46.678908640325375
1779906270,46.7006390205018
1779906285,46.634869104713594
1779906300,46.68438069731895
1779906315,46.61429627505505
1779906330,46.54557986703954
1779906345,46.52311286380629
1779906360,46.714634858581526
1779906375,46.671700257554996
1779906390,46.778826296390804
1779906405,46.89957986177794
1779906420,47.0694240923094
1779906435,47.1042032237782
1779906450,46.98302873093001
1779906465,46.985922607224694
1779906480,47.191282592281766
1779906495,47.06279448479794
1779906510,47.141244840350105
1779906525,47.08999692196794
1779906540,47.037959764596316
1779906555,47.20901416157827
1779906570,47.08273592326493
1779906585,47.0504823565624
1779906600,47.12167171341154
1779906615,47.0441158287141
1779906630,46.98097670955742
1779906645,46.871956497146904
1779906660,46.93214912407626
1779906675,47.038275460192104
1779906690,46.98550167976365
1779906705,47.41111195881225
1779906720,47.434789128496
1779906735,47.108517730253894
1779906750,47.05674365254543
1779906765,47.07452783777456
1779906780,47.016966007476725
1779906795,47.325716300152855
1779906810,47.07789525746291
1779906825,47.81115089460239
1779906840,47.57122224180704
1779906855,47.79931230976052
1779906870,47.54722937652751
1779906885,47.775266828548354
1779906900,47.71149631820012
1779906915,47.78226474758822
1779906930,47.73864613943748
1779906945,47.79957538942368
1779906960,47.969419619955126
1779906975,47.89149542372926
1779906990,47.224956789165326
1779907005,46.81150079055438
1779907020,46.76204181388166
1779907035,46.90778794726831
1779907050,46.786981765948546
1779907065,47.007652987401116
1779907080,46.80708105221342
1779907095,46.945092643503386
1779907110,46.88137474908777
1779907125,47.12251356833362
1779907140,46.94167260788239
1779907155,46.93051803016471
1779907170,46.96640209621875
1779907185,46.99239436693825
1779907200,46.983660122121584
1779907215,46.95603675749054
1779907230,47.02585810009129
1779907245,47.033276946592196
1779907260,47.07573800422505
1779907275,47.02038604309771
1779907290,46.98239733973845
1779907305,47.018702333253536
1779907320,47.021911905143995
1779907320,47.021911905143995
1779907335,46.97513634103543
1779907350,47.02417439024711
1779907365,46.94251446280448
1779907380,46.99555132289609
1779907395,47.071055186220946
1779907410,46.97850376072379
1779907425,46.98618568688785
1779907440,47.013230276259954
1779907455,47.037223141539485
1779907470,46.76835572579733
1779907485,46.772933311936185
1779907500,46.74746720054299
1779907515,46.94693420114545
1779907530,46.78708699781381
1779907545,46.729683015313874
1779907560,46.67764585794224
1779907575,46.75946363318276
1779907590,46.76067379963327
1779907605,46.76782956647102
1779907620,46.907682715403055
1779907635,46.9143123229145
1779907650,46.866379208288066
1779907665,46.768303109864696
1779907680,46.863958875387056
1779907695,46.86680013574911
1779907710,46.82139258588893
1779907725,46.958983249717846
1779907740,47.00817914672742
1779907755,46.986290918753106
1779907770,47.30745857153005
1779907785,47.37417557410559
1779907800,47.349919629162905
1779907815,47.29288395819138
1779907830,47.29956618163547
1779907845,47.26105131894989
1779907860,47.3657570248847
1779907875,47.36680934353732
1779907890,47.30077634808596
1779907905,47.259367609105716
1779907920,47.296724921273416
1779907935,47.39180191153684
1779907950,46.861275462822896
1779907965,46.78387742592335
1779907980,46.8821113721446
1779907995,47.01596630475674
1779908010,52.78404053531449
1779908025,53.988261385430114
1779908040,53.431321738535644
1779908055,55.481396321620146
1779908070,53.79947541915166
1779908085,53.81636513352608
1779908100,54.09728159784064
1779908115,53.491409133599745
1779908130,53.35045105008247
1779908145,53.4296906446241
1779908160,53.49882798010066
1779908175,53.51776971584765
1779908190,53.56186186739207
1779908205,53.69156014132639
1779908220,53.60416507722703
1779908235,53.47241478192011
1779908250,53.65041448200929
1779908265,53.36623582987164
1779908280,53.54960235508914
1779908295,53.59258957204831
1779908310,45.6168034242449
1779908325,45.60722732450614
1779908340,45.434962761073685
1779908355,45.44948475847972
1779908370,45.44474932454297
1779908385,45.545982378924165
1779908400,45.521515970250945
1779908415,46.95971987277468
1779908430,47.036591750347924
1779908445,47.05637534101701
1779908460,46.76714555934682
1779908475,46.78082570183078
1779908490,46.90079002822844
1779908505,46.867063215412266
1779908520,46.982607803468966
1779908535,46.76604062476159
1779908550,46.818603941459514
1779908565,46.73783848487161
1779908580,45.542614959235806
1779908595,45.62064438732693
1779908610,45.70419848834426
1779908625,45.637323637970816
1779908640,45.66620978498499
1779908655,45.73450526553946
1779908670,45.68204718070679
1779908685,45.60543838279669
1779908700,45.49157750458417
1779908715,45.61775051103225
1779908730,45.65147732384843
1779908745,45.58518124873393
1779908760,45.59491519627058
1779908775,45.52961882387606
1779908790,45.56087268785861
1779908805,45.6503723892632
1779908820,45.251596235856184
1779908835,45.607700867899815
1779908850,45.30000289387629
1779908865,45.28442857781765
1779908880,45.28000883947668
1779908895,45.345883987130144
1779908910,45.36314201303296
1779908925,45.45658790938484
1779908940,45.43838279669467
1779908955,45.45569343853012
1779908970,45.53372286662124
1779908985,45.422229705377084
1779909000,45.41649456872035
1779909015,45.462901821300505
1779909030,45.52335752789302
1779909045,45.42475527014334
1779909060,45.67073475519122
1779909075,45.472477921039264
1779909090,45.534827801206475
1779909105,45.52372583942144
1779909120,45.48884147608737
1779909135,45.56318778889435
1779909150,45.74344997408666
1779909165,45.71014408873151
1779909180,45.81137714311271
1779909195,45.801169652182374
1779909210,45.8824612680966
1779909225,45.86546632185692
1779909240,45.93376180241139
1779909255,45.78117559778276
1779909270,45.88083017418505
1779909285,45.99479628426284
1779909300,45.33872822029239
1779909315,45.35740687637624
1779909330,45.47016282000352
1779909345,45.56213547024175
1779909360,45.43406829021897
1779909375,45.65410812047996
1779909390,45.74208195983825
1779909405,45.683257347157294
1779909420,45.56723921570691
1779909435,45.420966922993955
1779909450,45.51172940678166
1779909465,46.076982371031775
1779909480,46.0990810627366
1779909495,46.115655081515236
1779909510,46.28213189235832
1779909525,46.168323630078426
1779909540,46.03578409578204
1779909555,46.07198385743187
1779909570,46.64875971092807
1779909585,46.5198506759832
1779909600,46.49080668117113
1779909615,46.518535277667425
1779909630,46.762883668803745
1779909645,46.74473117204621
1779909660,46.88653111048556
1779909675,46.995288243232935
1779909690,47.101940738675076
1779909705,46.85038396476837
1779909720,46.833599482259224
1779909735,46.81008016037336
1779909750,46.74636226595775
1779909765,46.79576862669785
1779909780,46.86516904183756
1779909795,46.90310512926419
1779909810,46.986290918753106
1779909825,46.954668743242145
1779909840,46.93683194208038
1779909855,46.87364020699108
1779909870,46.951248707621154
1779909885,47.00191785074438
1779909900,47.001970466677015
1779909915,47.32471659743287
1779909930,46.89705429701168
1779909945,46.934148529516214
1779909960,47.03375048998587
1779909975,46.96766487860189
1779909990,46.97234769660601
1779910005,47.038906851383665
1779910020,47.078684496452375
1779910035,46.77440655804984
1779910050,46.75656975688808
1779910065,46.67175287348761
1779910080,46.98244995567108
1779910095,47.08236761173651
1779910110,47.09604775422046
1779910125,46.98850078792359
1779910140,46.918942524985994
1779910155,46.866957983546996
1779910170,46.84459621217901
1779910185,46.83638812668865
1779910200,46.82354983912679
1779910215,46.92020530736912
1779910230,46.788928555455875
1779910245,46.896896449213784
1779910260,47.191335208214404
1779910275,46.862906556734444
1779910290,46.83949246671385
1779910305,46.734997224509556
1779910320,46.84412266878534
1779910335,46.857539731606124
1779910350,46.87548176463315
1779910365,46.99318360592771
1779910380,47.018281405792486
1779910395,46.88447908911297
1779910410,46.90668301268307
1779910425,46.927203226408984
1779910440,46.90910334558408
1779910455,46.95877278598732
1779910470,46.86327486826286
1779910485,46.93609531902355
1779910500,46.9148384822408
1779910515,46.923625342990114
1779910530,46.84291250233483
1779910545,46.88179567654882
1779910560,46.78119401335918
1779910575,46.87648146735312
1779910590,46.91520679376923
1779910605,47.03532896796479
1779910620,47.00170738701386
1779910635,46.99339406965824
1779910650,46.99018449776777
1779910665,46.91988961177335
1779910680,47.0105468636958
1779910695,47.14713782480473
1779910710,47.12414466224517
1779910725,47.24705548087016
1779910740,47.32492706116339
1779910755,46.93983105024032
1779910770,46.993657149321386
1779910785,47.04637831381721
1779910800,46.98950049064358
1779910815,47.06774038246522
1779910830,47.087576589066934
1779910845,47.04216903920676
1779910860,47.03532896796479
1779910875,46.802293002344044
1779910890,46.79150673615477
1779910905,46.722264168812956
1779910920,46.722632480341375
1779910935,46.903578672657865
1779910950,47.306301021012175
1779910965,47.0901021538332
1779910980,46.83123176529085
1779910995,46.87811256126467
1779911010,46.76977635597835
1779911025,46.80045144470198
1779911040,46.74699365714932
1779911055,46.80434502371663
1779911070,46.72936731971809
1779911085,46.64081470510085
1779911100,46.654547463517424
1779911115,46.69537742723874
1779911130,46.65733610794685
1779911145,46.682539139676884
1779911160,46.676277843693846
1779911175,46.75341280093025
1779911190,46.660913991365724
1779911205,46.86311702046496
1779911220,46.77708997061401
1779911235,46.85017350103785
1779911250,46.74236345507783
1779911265,46.870325403235356
1779911280,46.8220239770805
1779911295,47.040853640891
1779911310,47.33629210261159
1779911325,47.137246029470184
1779911340,47.01659769594831
1779911355,47.07194965707566
1779911370,46.89773830413587
1779911385,46.818656557392146
1779911400,46.8948444278412
1779911415,46.88931975491498
1779911430,46.85632956515563
1779911445,46.93972581837507
1779911460,46.903578672657865
1779911475,46.90668301268307
1779911490,46.92304656773118
1779911505,46.91210245374402
1779911520,46.827232954410924
1779911535,47.034908040503744
1779911550,46.91852159752494
1779911565,46.688011196670466
1779911580,46.61513812997714
1779911595,46.724894965444484
1779911610,46.537897940875474
1779911625,46.67148979382447
1779911640,46.771039138361495
1779911655,46.71358253992891
1779911670,46.60172106715634
1779911685,46.63744728541249
1779911700,46.66801714227085
1779911715,46.72747314614338
1779911730,46.668701149395055
1779911745,46.580622078171494
1779911760,46.57078289876958
1779911775,46.59488099591438
1779911790,46.530268630644045
1779911805,46.59088218503445
1779911820,46.49775198427836
1779911835,46.489280819124836
1779911850,46.541896751755395
1779911865,46.68374930612739
1779911880,46.79640001788942
1779911895,46.53752962934706
1779911910,46.69769252827448
1779911925,46.58777784500925
1779911940,46.66117707102888
1779911955,46.68117112542849
1779911970,46.694272492653496
1779911985,46.85943390518082
1779912000,46.81039585596915
1779912015,46.73515507230744
1779912030,46.466866431824215
1779912045,46.563995443460236
1779912060,46.662913396805685
1779912075,46.83775614093704
1779912090,46.863695795723906
1779912105,46.83601981516022
1779912120,46.9118919900135
1779912135,46.947565592337014
1779912150,47.18460036883769
1779912165,46.92451981384483
1779912180,46.957615235469454
1779912195,46.91715358327655
1779912210,46.92209948094382
1779912225,46.911681526282976
1779912240,46.8977909200685
1779912255,46.977661905801696
1779912270,46.931886044413105
1779912285,46.79545293110207
1779912300,46.93546392783199
1779912315,46.966875639612425
1779912330,46.967507030804
1779912345,46.78777100493801
1779912360,46.80266131387245
1779912375,46.723316487465574
1779912390,46.69406202892298
1779912405,46.65481054318058
1779912420,46.60114229189741
1779912435,46.67180548942025
1779912450,46.61003438451198
1779912465,46.5830424110725
1779912480,46.58162178089147
1779912495,46.66196631001833
1779912510,46.61419104318979
1779912525,46.79287475040317
1779912540,46.68906351532307
1779912555,46.859223441450304
1779912570,46.649601565850155
1779912585,46.677961553538026
1779912600,46.880953821626726
1779912615,46.884952632506646
1779912630,46.89342379766017
1779912645,46.892950254266495
1779912660,46.74099544082944
1779912675,47.14771660006366
1779912690,46.94414555671603
1779912705,47.15313604112461
1779912720,46.93120203728891
1779912735,47.15392528011407
1779912750,46.974084022382826
1779912765,46.974662797641756
1779912780,46.96466577044195
1779912795,47.01070471149369
1779912810,46.85006826917258
1779912825,46.56125941496344
1779912840,46.64218271934924
1779912855,46.63834175626721
1779912870,46.75341280093025
1779912885,46.814710362444856
1779912900,46.70263842594176
1779912915,46.67785632167276
1779912930,46.69579835469979
1779912945,46.84175495181696
1779912960,46.82123473809104
1779912975,46.631080757564206
1779912990,46.632817083341
1779913005,46.95088039609274
1779913020,46.60898206585936
1779913035,46.68374930612739
1779913050,46.76446214678267
1779913065,46.523218095671545
1779913080,46.514010307461206
1779913095,46.54926298232368
1779913110,46.53132094929666
1779913125,46.54210721548592
1779913140,46.54805281587318
1779913155,46.4733908074704
1779913170,46.519377132589526
1779913185,46.72042261117089
1779913200,46.75288664160394
1779913215,46.64318242206923
1779913230,46.81439466684907
1779913245,46.93588485529303
1779913260,46.90605162149151
1779913275,46.907524867605154
1779913290,47.03054091809541
1779913305,46.86774722253646
1779913320,46.99770857613393
1779913335,46.9604564958315
1779913350,46.98839555605833
1779913365,46.93925227498139
1779913380,46.8915822400181
1779913395,46.666175584628775
1779913410,46.69343063773142
1779913425,46.62271482427593
1779913440,46.67775108980751
1779913455,46.84101832876013
1779913470,47.05269222573287
1779913485,47.13293152299448
1779913500,46.8750608371721
1779913515,46.90941904117986
1779913530,46.77172314548569
1779913545,46.77666904315295
1779913560,46.75567528603336
1779913575,46.78703438188118
1779913590,47.06316279632635
1779913605,46.97087445049235
1779913620,46.91083967136088
1779913635,46.82539139676886
1779913650,47.08147314088179
1779913665,46.74778289613878
1779913680,46.721895857284544
1779913695,46.6677540626077
1779913710,46.99044757743093
1779913725,46.79340090972948
1779913740,46.852330754275705
1779913755,46.872324808675316
1779913770,46.78940209884955
1779913785,46.68843212413151
1779913800,46.69558789096926
1779913815,46.70316458526806
1779913830,46.75072938836608
1779913845,46.69395679705771
1779913860,46.50748593181502
1779913875,46.76119995895958
1779913890,46.82418123031835
1779913905,46.78114139742655
1779913920,46.65423176792164
1779913935,46.630870293833674
1779913950,46.66028260017416
1779913965,46.657651803542635
1779913980,46.624030222591706
1779913995,46.65365299266271
1779914010,46.60372047259631
1779914025,46.497541520547834
1779914040,46.66180846222044
1779914055,46.97292647186495
1779914070,47.2565789646763
1779914085,47.21669608774233
1779914100,47.01070471149369
1779914115,47.1407186810238
1779914130,46.95714169207578
1779914145,47.02149097768296
1779914160,46.888267436262375
1779914175,46.84228111114327
1779914190,46.695850970632414
1779914205,46.75888485792383
1779914220,46.77146006582254
1779914235,46.87295619986688
1779914250,46.813921123455394
1779914265,46.81576268109746
1779914280,46.896528137685365
1779914295,47.06910839671361
1779914310,46.98992141810462
1779914325,46.75372849652604
1779914340,46.708584026329014
1779914355,46.62676625108849
1779914370,46.78287772320336
1779914385,46.704690447314356
1779914400,46.62934443178739
1779914415,46.639920234246134
1779914430,46.777247818411894
1779914445,46.89957986177794
1779914460,46.90536761436731
1779914475,46.8511205878252
1779914490,46.93125465322154
1779914505,46.97576773222699
1779914520,46.824286462183615
1779914535,46.695272195373484
1779914550,46.78977041037796
1779914565,46.66080875950046
1779914580,46.644182124789204
1779914595,46.732576891608545
1779914610,47.019965115636666
1779914625,47.109885744502286
1779914640,46.72978824717913
1779914655,46.46497225824952
1779914670,46.685538247836824
1779914685,46.65423176792164
1779914700,46.84712177694528
1779914715,46.87206172901216
1779914730,46.69116815262829
1779914745,46.894213036649624
1779914760,46.92672968301531
1779914775,46.695640506901896
1779914790,46.84275465453695
1779914805,46.961561430416744
1779914820,46.877639017871
1779914835,46.78219371607917
1779914850,46.7056375341017
1779914865,46.709320649385845
1779914880,46.67312088773602
1779914895,46.71716042334779
1779914910,46.60372047259631
1779914925,46.58935632298816
1779914940,47.01102040708947
1779914955,46.525585812639925
1779914970,46.624977309379055
1779914985,46.65686256455317
1779915000,46.71258283720894
1779915015,46.72384264679188
1779915030,46.84938426204839
1779915045,47.04195857547624
1779915060,47.19512355536381
1779915075,47.19775435199532
1779915090,47.50471570296202
1779915105,47.373228487318244
1779915120,47.15971303270343
1779915135,47.04853556705506
1779915150,47.107570643466545
1779915165,47.097994543727786
1779915180,47.12693330667459
1779915195,47.24821303138803
1779915210,47.20412087984363
1779915225,47.2531589290553
1779915240,46.87448206191317
1779915255,47.12140863374839
1779915270,47.070897338423045
1779915285,47.090312617563725
1779915300,47.09152278401423
1779915315,47.11877783711685
1779915330,47.15592468555403
1779915345,47.038170228326834
1779915360,47.12114555408523
1779915375,47.032592939467996
1779915390,47.00270708973384
1779915405,47.05190298674342
1779915420,46.98644876655101
1779915435,47.32603199574863
1779915450,47.343290021651455
1779915465,47.17344579112
1779915480,46.894265652582256
1779915495,47.02417439024711
1779915510,47.09736315253622
1779915525,47.16471154630334
1779915540,47.30898443357633
1779915555,47.12993241483454
1779915570,47.16381707544862
1779915585,47.19938544590687
1779915600,47.271679737341266
1779915615,47.54680844906646
1779915630,47.49877010257476
1779915645,47.66287919644948
1779915660,47.654934190622264
1779915675,47.550649412148495
1779915690,47.70581379747602
1779915705,47.64204328712778
1779915720,47.551964810464256
1779915735,47.642937757982494
1779915750,47.80878317763402
1779915765,47.42968538303084
1779915780,47.41042795168805
1779915795,47.48566873534975
1779915810,47.51655428780389
1779915825,47.7996280053563
1779915840,47.5544377592979
1779915855,47.48119638107615
1779915870,46.76267320507323
1779915885,46.569572732319074
1779915900,46.64218271934924
1779915915,46.65475792724795
1779915930,46.783298650664406
1779915945,46.804660719312416
1779915960,46.75278140973869
1779915975,46.854645855311446
1779915990,46.915680337162904
1779916005,46.732682123473815
1779916020,46.77424871025195
1779916035,46.93588485529303
1779916050,46.70553230223644
1779916065,46.75514912670706
1779916080,46.89179270374863
1779916095,46.699271006253404
1779916110,46.69574573876716
1779916125,46.725631588501315
1779916140,46.66033521610679
1779916155,46.65559978217004
1779916170,46.62208343308437
1779916185,46.62192558528648
1779916200,46.61429627505505
1779916215,46.66901684499083
1779916230,46.64139348035978
1779916245,46.824023382520465
1779916260,46.91357569985768
1779916275,46.77698473874874
1779916290,46.711951446017366
1779916305,46.890266841702335
1779916320,46.936674094282495
1779916335,46.92178378534804
1779916350,46.88274276333616
1779916365,46.895212739369605
1779916380,46.83917677111806
1779916395,46.82975851917719
1779916410,46.85706618821245
1779916425,46.82739080220881
1779916440,46.76614585662685
1779916455,46.99376238118664
1779916470,46.89005637797181
1779916485,46.7784579848624
1779916500,46.74478378797884
1779916515,46.696271898093464
1779916530,46.58583105550191
1779916545,46.7884550120622
1779916560,46.7979258799357
1779916575,46.68606440716313
1779916590,46.665912504965625
1779916605,46.65559978217004
1779916620,46.6128230289414
1779916635,46.8547510871767
1779916650,46.77061821090044
1779916665,46.57604449203263
1779916680,46.59882719086167
1779916695,46.73410275365484
1779916710,46.553682720664646
1779916725,46.54510632364587
1779916740,46.63460602505044
1779916755,46.580306382575706
1779916770,46.518693125465326
1779916785,46.71053081583635
1779916800,46.600668748503736
1779916815,46.641340864427164
1779916830,46.709899424644775
1779916845,46.7517817070187
1779916860,46.82349722319415
1779916875,46.71784443047199
1779916890,46.74320530999992
1779916905,46.67580430030017
1779916920,46.73552338383586
1779916935,46.77214407294673
1779916950,46.709899424644775
1779916965,46.67049009110449
1779916980,46.67727754641383
1779916995,46.76367290779321
1779917010,46.87990150297412
1779917025,46.91352308392504
1779917040,46.73673355028636
1779917055,46.8378613728023
1779917070,46.75088723616398
1779917085,46.76540923357002
1779917100,46.75604359756178
1779917115,46.71873890132671
1779917130,46.80145114742194
1779917145,46.81086939936282
1779917160,47.11183253400962
1779917175,46.92709799454373
1779917190,46.83544103990129
1779917205,46.73810156453476
1779917220,46.783246034731775
1779917235,46.89947462991269
1779917250,46.883952929786666
1779917265,46.916364344287096
1779917280,46.940304593633996
1779917295,46.95377427238741
1779917310,46.923783190788
1779917325,46.95651030088421
1779917340,46.902999897398935
1779917355,46.94304062213078
1779917370,46.89710691294431
1779917385,46.966875639612425
1779917400,46.93520084816883
1779917415,46.955194902568444
1779917430,47.01559799322833
1779917445,47.09778407999726
1779917460,47.090312617563725
1779917475,47.17597135588628
1779917490,47.07526446083139
1779917505,47.204699655102566
1779917520,47.22111582608329
1779917535,47.21127664668138
1779917550,47.3030914491217
1779917565,47.207698763262506
1779917580,47.13524662403022
1779917595,47.15566160589088
1779917610,47.133141986725
1779917625,47.16486939410123
1779917640,47.13472046470392
1779917655,47.12019846729788
1779917670,47.09015476976583
1779917685,46.930938957625756
1779917700,46.864642882511255
1779917715,46.94861791098963
1779917730,46.88084858976147
1779917745,46.82549662863411
1779917760,46.682591755609515
1779917775,46.80908045765339
1779917790,46.931044189491026
1779917805,46.760252872172224
1779917820,47.02007034750193
1779917835,47.05811166679382
1779917850,47.37186047306985
1779917865,47.36980845169726
1779917880,47.29572521855343
1779917895,47.24379329304706
1779917910,47.40116754754508
1779917925,47.343710949112506
1779917940,47.29840863111758
1779917955,47.358285562451165
1779917970,47.785895246939724
1779917985,47.781843820127165
1779918000,47.49834917511372
1779918015,47.58385006563838
1779918030,47.347657144059795
1779918045,47.33281945105797
1779918060,47.21075048735508
1779918075,47.37822700091815
1779918090,47.40416665570501
1779918105,47.43152694067291
1779918120,47.400641388218766
1779918135,47.32408520624131
1779918150,47.41179596593644
1779918165,47.36649364794153
1779918180,47.302986217256446
1779918195,47.23532212789354
1779918210,47.29219995106718
1779918225,47.24295143812498
1779918240,47.635781991144746
1779918255,47.39680042513673
1779918270,47.36302099638792
1779918285,47.57311641538175
1779918300,47.46551683315224
1779918315,47.55433252743263
1779918330,47.53870559544136
1779918345,47.537916356451895
1779918360,47.778949943832494
1779918375,47.558594417975705
1779918390,47.484984728225555
1779918405,47.51508104169023
1779918420,47.46551683315224
1779918435,47.39922075803774
1779918450,47.43941933056749
1779918465,47.39316992578523
1779918480,47.42600226774669
1779918495,47.40832331438283
1779918510,47.261577478276195
1779918525,47.35739109159645
1779918540,47.44646986553999
1779918555,47.29414674057452
1779918570,47.461675870070216
1779918585,47.35370797631231
1779918600,47.27378437464649
1779918615,47.420004051426815
1779918630,47.87639465106429
1779918645,47.87886759989792
1779918660,47.71323264397692
1779918675,47.67245529618825
1779918690,47.710654463278026
1779918705,47.714758506023216
1779918720,47.738856603168
1779918735,47.338344123984186
1779918750,47.70912860123174
1779918765,47.625679732079675
1779918780,47.50550494195147
1779918795,47.578220160846904
1779918810,47.410691031351206
1779918825,47.46020262395656
1779918840,47.469305180301646
1779918855,47.510292991820855
1779918870,47.49887533444003
1779918885,47.585902087010965
1779918900,47.54081023274658
1779918915,47.58705963752884
1779918930,47.601634250867505
1779918945,47.97331319896978
1779918960,47.753694296169826
1779918975,47.77410927803049
1779918990,47.740645544877445
1779919005,47.77542467634625
1779919020,47.727912489180845
1779919035,47.72049364267994
1779919050,47.77221510445578
1779919065,47.85834738617201
1779919080,47.83298650664408
1779919095,47.434157737304425
1779919110,47.4854056556866
1779919125,47.72843864850715
1779919140,47.6439900766351
1779919155,47.64262206238671
1779919170,47.57306379944911
1779919185,47.59184768739823
1779919200,47.51750137459124
1779919215,47.56785482211868
1779919230,48.216977582981905
1779919245,48.20824333816523
1779919260,48.03524215167595
1779919275,48.223607190493354
1779919290,48.134949344010856
1779919305,48.11421866655442
1779919320,48.075545956070954
1779919335,48.14747193597694
1779919350,48.153838463825224
1779919365,48.20534946187055
1779919380,48.18040950980367
1779919395,48.103590248163044
1779919410,48.32015742687044
1779919425,47.966894055188845
1779919440,48.02119369766359
1779919455,48.03582092693488
1779919470,48.01582687253527
1779919485,48.29569101819722
1779919500,48.26417407455151
1779919515,48.09159381552328
1779919530,47.99341248523466
1779919545,48.059340248820746
1779919560,47.90201861025537
1779919575,48.05397342369243
1779919590,48.08764762057599
1779919605,48.00409351955865
1779919620,47.95274036931123
1779919635,47.91875047683188
1779919650,47.964631570085736
1779919665,48.018299821368906
1779919680,48.07638781099305
1779919695,48.29216575071097
1779919710,47.935640191206296
1779919725,48.04039851307375
1779919740,48.2548610544759
1779919755,48.210663671066236
1779919770,48.18382954542465
1779919785,48.188985906822445
1779919800,47.95305606490702
1779919815,48.011038822665896
1779919830,48.13989524167813
1779919845,48.62012085879726
1779919860,48.729982926129864
1779919875,48.59907448574503
1779919890,48.94055188851736
1779919905,48.97538363591879
1779919920,48.52199214444126
1779919935,48.4972626561049
1779919950,48.59118209585045
1779919965,48.605546245458584
1779919980,48.58244785103377
1779919995,48.14415713222121
1779920010,48.23828703569728
1779920025,48.4497504689395
1779920040,48.212294764977784
1779920055,48.12432092561949
1779920070,48.35014850846985
1779920085,48.164624730014495
1779920100,48.109904160078706
1779920115,48.202350353710614
1779920130,48.33815207583009
1779920145,48.11048293533765
1779920160,48.09959143728313
1779920175,48.13242377924459
1779920190,48.12516278054157
1779920205,48.139053386756046
1779920220,48.14968180514742
1779920235,48.21608311212719
1779920250,48.95049629978454
1779920265,48.456958851709885
1779920280,48.43607032645555
1779920295,48.42617853112101
1779920310,48.66158221371013
1779920325,48.64721806410199
1779920340,48.61885807641412
1779920355,48.702254329633554
1779920370,48.68557507898967
1779920385,48.67405218974358
1779920400,48.47153346504855
1779920415,48.44817199096059
1779920430,48.41544488086438
1779920445,48.479741550538925
1779920460,48.67152662497731
1779920475,48.37840326429246
1779920490,48.39350403695744
1779920505,48.28416812895113
1779920520,48.321578057051454
1779920535,48.44748798383639
1779920550,48.736033758382376
1779920565,48.46948144367595
1779920580,48.67010599479629
1779920595,48.60649333224594
1779920610,48.48679208551141
1779920625,48.49273768589867
1779920640,48.52746420143483
1779920655,48.78244101096253
1779920670,48.51767763796555
1779920685,48.561559325779434
1779920700,48.62080486592145
1779920715,48.528042976693776
1779920730,48.566294759716186
1779920745,48.50757537890048
1779920760,48.483266818025164
1779920775,48.438964202750235
1779920790,48.42623114705364
1779920805,48.92829237621444
1779920820,48.759237384672446
1779920835,48.52714850583906
1779920850,48.563032571893096
1779920865,48.7620786450345
1779920880,48.81443149800191
1779920895,48.87052008218609
1779920910,48.866942198767205
1779920925,48.7577641385588
1779920940,49.46071299850308
1779920955,48.82926919100373
1779920970,48.63737888470008
1779920985,48.653058432623986
1779921000,48.72198530437002
1779921015,48.64316663728944
1779921030,48.28995588154049
1779921045,48.46048411919613
1779921060,48.48884410688401
1779921075,48.48389820921673
1779921090,48.59176087110938
1779921105,48.466903262977056
1779921120,48.65426859907449
1779921135,48.57292436722764
1779921150,48.63480070400118
1779921165,48.68789018002542
1779921180,48.725668419654156
1779921195,49.21583844804045
1779921210,49.21646983923201
1779921225,49.255300397513366
1779921240,48.97201621623044
1779921255,48.954547726597085
1779921270,48.894670795263515
1779921285,49.19316098107668
1779921300,49.0358393425113
1779921315,48.97654118643666
1779921330,48.73282418649191
1779921345,48.64232478236735
1779921360,48.64921746954195
1779921375,48.74345260488329
1779921390,48.71204089310284
1779921405,48.817693685825006
1779921420,48.675314972126706
1779921435,48.72209053623527
1779921450,48.65353197601766
1779921465,48.68341782575182
1779921480,48.64553435425781
1779921495,48.6078087305617
1779921510,48.543985604280834
1779921525,48.53851354728725
1779921540,48.77696895396895
1779921555,48.60433607900808
1779921570,48.46411461854764
1779921585,48.542038814773505
1779921600,48.67526235619408
1779921615,48.624277517475065
1779921630,49.17874421553591
1779921645,49.07787947268313
1779921660,49.084403848329316
1779921675,49.12081407370966
1779921690,49.15369903160376
1779921705,49.10334558407632
1779921720,49.126707058164286
1779921735,49.078616095739946
1779921750,49.31580872003851
1779921765,49.17043089818027
1779921780,49.28092435670446
1779921795,49.19637055296714
1779921810,48.80285599282319
1779921825,48.78075730111835
1779921840,49.05972697592558
1779921855,48.88125373244272
1779921870,48.743663068613806
1779921885,48.85810272208527
1779921900,48.82174511263756
1779921915,48.93581645458062
1779921930,48.909929415726374
1779921945,48.81590474411557
1779921960,48.76449897793551
1779921975,48.933606585410125
1779921990,48.74371568454644
1779922005,48.88004356599222
1779922020,48.89724897596241
1779922035,48.91171835743582
1779922050,48.85373559967694
1779922065,48.83016366185845
1779922080,48.92155753683773
1779922095,48.87830724021541
1779922110,49.36852988453434
1779922125,49.006953195497125
1779922140,49.066935358695964
1779922155,49.00821597788026
1779922170,49.01263571622123
1779922185,49.09566365791225
1779922200,49.09903107760061
1779922215,49.07419635739898
1779922230,48.68394398507812
1779922245,49.04425789173219
1779922260,49.05551770131513
1779922275,49.063357475277094
1779922290,48.95054891571717
1779922305,49.06914522786645
1779922320,42.99063699478839
1779922335,42.13404961156287
1779922350,41.69828445751658
1779922365,41.70680823860273
1779922380,41.759582019031185
1779922395,41.72490811942764
1779922410,41.56327197438656
1779922425,41.467616208864214
1779922440,41.43820390252372
1779922455,41.62330675351803
1779922470,41.529966089031426
1779922485,41.53838463825231
1779922500,41.59736709873116
1779922515,41.50297411559194
1779922530,41.52465187983573
1779922545,41.51097173735179
1779922560,41.47492982349985
1779922575,41.47040485329363
1779922590,41.530913175818775
1779922605,41.5266512852757
1779922620,39.78311712569683
1779922635,39.84031064446625
1779922650,39.656260112124556
1779922665,39.827419740971756
1779922680,39.69935256094899
1779922695,39.61895541588949
1779922710,39.58754370410904
1779922725,39.69203894631333
1779922740,39.66694114644855
1779922755,39.767437577772924
1779922770,39.7222931075759
1779922785,39.69682699618271
1779922800,39.80158531805016
1779922815,40.90078476663519
1779922830,40.663802606067144
1779922845,40.63007579325095
1779922860,40.73178239102583
1779922875,40.94435075885329
1779922890,40.607240478489295
1779922905,40.63796818314553
1779922920,40.679113842462634
1779922935,40.598821929268404
1779922950,40.6595933314567
1779922965,40.63433768379403
1779922980,40.66764356914917
1779922995,40.949401888385815
1779923010,39.91686682644372
1779923025,39.93807104729383
1779923040,39.77175208424863
1779923055,39.86498751686999
1779923070,39.81779102530037
1779923085,39.676832941783104
1779923100,39.819106423616134
1779923115,39.9020291334419
1779923130,39.681463143854586
1779923145,40.10644203171162
1779923160,40.01299613535975
1779923175,39.972902794695266
1779923190,40.062770807628254
1779923205,40.098707489614924
1779923220,40.273602849678916
1779923235,39.868881095884646
1779923250,40.24755796302678
1779923265,39.75633561598788
1779923280,39.876720869846594
1779923295,39.993107312825394
1779923310,39.852833236432325
1779923325,39.9676412014322
1779923340,40.26202734450018
1779923355,40.05456272213789
1779923370,39.955750000657694
1779923385,39.77327794629492
1779923400,39.76659572285084
1779923415,39.855727112727
1779923430,40.186839176771116
1779923445,40.0587193808157
1779923460,40.018205112690175
1779923475,39.876826101711856
1779923490,39.87656302204871
1779923505,39.90697503110917
1779923520,39.80532104926693
1779923535,39.78664239318308
1779923550,39.840784187859924
1779923565,40.06676961850818
1779923580,40.04246105763286
1779923595,39.98311028562559
1779923610,39.93522978693178
1779923625,39.9540136748809
1779923640,40.104126930675875
1779923655,40.23219411069866
1779923670,40.379781801727376
1779923685,40.11712306603563
1779923700,40.07182074804071
1779923715,40.09833917808652
1779923730,40.009523483806134
1779923745,40.025834422921605
1779923760,40.07939744233951
1779923775,40.033937276546716
1779923790,40.06245511203247
1779923805,40.160531210455844
1779923820,40.4256102790486
1779923835,40.35142181403951
1779923850,40.57446075246045
1779923865,40.46191527256369
1779923880,40.91025563450869
1779923895,40.773822521197644
1779923910,40.935511282171355
1779923925,40.87100414876629
1779923940,40.87216169928416
1779923955,40.958767524394055
1779923970,41.16144409688698
1779923985,41.026852541218005
1779924000,41.35059837469384
1779924015,40.98176068695361
1779924030,41.15865545245756
1779924045,41.187804679134885
1779924060,41.04589950883026
1779924075,41.034850162977854
1779924090,41.09593726076193
1779924105,40.914570140984395
1779924120,41.46645865834634
1779924135,41.09651603602087
1779924150,40.911886728420235
1779924165,41.14776395440304
1779924180,41.13124255155704
1779924195,41.02916764225375
1779924210,41.38532489023001
1779924225,41.09630557229035
1779924240,41.00143904575745
1779924255,41.13408381191908
1779924270,41.10046223096816
1779924285,40.937563303543946
1779924300,40.92872382686201
1779924315,40.959609379316156
1779924330,41.090202124105204
1779924345,40.9459292368322
1779924360,40.91162364875708
1779924375,41.27740961240474
1779924390,40.89441823878689
1779924405,40.68653268896355
1779924420,40.85769231781076
1779924435,40.97602555029689
1779924450,40.813494934401085
1779924465,40.70957846745573
1779924480,40.616816578228054
1779924495,40.58024850504981
1779924510,40.54425920713051
1779924525,40.62876039493519
1779924540,40.656541607364126
1779924555,40.52668548563191
1779924570,40.48269856595276
1779924585,40.52537008731613
1779924600,40.591824010228535
1779924615,40.40535314498583
1779924630,40.532262774490746
1779924645,40.423768721406525
1779924660,40.48796015921581
1779924675,40.4946423826599
1779924690,41.074522576181295
1779924705,40.09502437433079
1779924720,40.458126925414284
1779924735,40.38346491701152
1779924750,40.483803500537995
1779924765,40.50990100312275
1779924780,40.39235700962609
1779924795,40.553572227206125
1779924810,40.59824315400946
1779924825,40.370574013517036
1779924840,40.405826688379506
1779924855,40.26034363465602
1779924870,40.524580848326686
1779924885,40.5709354849742
1779924900,40.516741074364724
1779924915,40.56872561580372
1779924930,40.68895302186455
1779924945,41.10072531063131
1779924960,40.75198690915596
1779924975,40.90204754901832
1779924990,41.173177449863594
1779925005,40.78745004774896
1779925020,40.34389773567334
1779925035,40.35179012556792
1779925050,40.470491669582465
1779925065,40.60618815983668
1779925080,40.460915569843706
1779925095,40.51305795908059
1779925110,40.41035165858574
1779925125,40.53215754262548
1779925140,41.107249686277505
1779925155,41.02706300494853
1779925170,41.208167045062915
1779925185,41.33996995630247
1779925200,40.713577278335656
1779925215,40.91783232880749
1779925230,40.68784808727931
1779925245,40.33800475121871
1779925260,40.325113847724225
1779925275,40.55236206075562
1779925290,40.29659601223846
1779925305,40.148850473411855
1779925320,40.36478626092767
1779925335,40.48627644937164
1779925350,40.55920213199759
1779925365,40.38530647465359
1779925380,40.63128595970146
1779925395,40.71736562548506
1779925410,40.73878031006569
1779925425,40.593244640409566
1779925440,40.32332490601479
1779925455,40.63007579325095
1779925470,40.66280290334716
1779925485,40.67416794479536
1779925500,40.539155461665345
1779925515,40.487539231754766
1779925530,40.44339446427772
1779925545,40.34289803295336
1779925560,40.46996551025616
1779925575,40.70668459116105
1779925590,40.7639307258631
1779925605,40.79065961963943
1779925620,40.48906509380106
1779925635,40.586509801032854
1779925650,40.75924790785898
1779925665,40.72499493571649
1779925680,40.57372412940362
1779925695,40.59582282110846
1779925710,40.500167055586104
1779925725,40.59513881398426
1779925740,40.613607006337595
1779925755,40.573776745336254
1779925770,40.347528235024846
1779925785,40.450813310778635
1779925800,40.76640367469674
1779925815,41.13545182616748
1779925830,40.17357996174822
1779925845,40.19925653687193
1779925860,40.17710522923446
1779925875,39.98721432837078
1779925890,40.25539773698874
1779925905,40.24198067416794
1779925920,40.60308381981148
1779925935,40.70736859828524
1779925950,40.519898030322565
1779925965,40.466808554298325
1779925980,40.55762365401867
1779925995,40.558939052334445
1779926010,40.481383167637
1779926025,40.59819053807684
1779926040,40.342477105492314
1779926055,40.25634482377609
1779926070,40.592455401420104
1779926085,41.192224417475856
1779926100,41.36227911173782
1779926115,40.29122918711015
1779926130,40.593086792611665
1779926145,40.67074790917437
1779926160,40.715208372247204
1779926175,40.63644232109925
1779926190,41.26946460657752
1779926205,40.772244043218734
1779926220,40.654963129385216
1779926235,40.345528829584886
1779926250,40.58508917085183
1779926265,40.477436972689695
1779926280,40.604136138464085
1779926295,40.80986443504958
1779926310,40.83138435149548
1779926325,40.81844083206836
1779926340,41.4140531894463
1779926355,41.04705705934815
1779926370,40.92167329188952
1779926385,40.88815694280385
1779926400,41.42889088244811
1779926415,41.13524136243696
1779926430,40.41640249083825
1779926445,40.387095416363024
1779926460,40.1960995809141
1779926475,40.24834720201624
1779926490,40.33326931728196
1779926505,40.22861622727978
1779926520,40.11612336331565
1779926535,40.12475237626706
1779926550,40.12869857121435
1779926565,40.128488107483825
1779926580,40.211095121713804
1779926595,40.146430140510844
1779926610,40.118122768755605
1779926625,40.389463133331404
1779926640,40.65548928871151
1779926655,40.48017300118649
1779926670,40.690163188315054
1779926685,40.77661116562707
1779926700,40.46249404782262
1779926715,40.27844351548092
1779926730,40.551835901429314
1779926745,40.63702109635818
1779926760,40.54273334508422
1779926775,40.681797255026794
1779926790,40.685269906580416
1779926805,40.196520508375144
1779926820,40.182524670295415
1779926835,40.11096700191785
1779926850,40.2692883432032
1779926865,40.24098097144796
1779926880,40.2820213988998
1779926895,40.358840660540416
1779926910,40.344160815336494
1779926925,40.53010552125289
1779926940,40.599611168257866
1779926955,40.79118577896573
1779926970,40.87931746612191
1779926985,41.116825786016264
1779927000,40.64707073949062
1779927015,40.60271550828306
1779927030,40.4159815633772
1779927045,40.26244827196124
1779927060,40.15958412366849
1779927075,40.230457784921846
1779927090,40.248873361342554
1779927105,40.59161354649802
1779927120,40.739201237526736
1779927135,40.88642061702704
1779927150,40.79571074917195
1779927165,40.84532757364258
1779927180,40.91841110406642
1779927195,41.251838269146276
1779927210,41.08357251659375
1779927225,41.06499909237517
1779927240,40.90699344668559
1779927255,41.155919423960775
1779927270,41.122981850134046
1779927285,41.194855214107385
1779927300,40.81407370966003
1779927315,41.14928981644932
1779927330,41.18975146864222
1779927345,41.25241704440522
1779927360,40.79071223557206
1779927375,40.9505594389037
1779927390,40.88999850044593
1779927405,41.23531686630029
1779927420,41.1938555113874
1779927435,41.09409570311986
1779927450,40.99633530029229
1779927465,41.29114237082131
1779927480,40.74046401990987
1779927495,40.62712930102364
1779927510,40.50800682954806
1779927525,40.39125207504084
1779927540,40.83201574268705
1779927555,40.71647115463033
1779927570,40.69668756396124
1779927585,40.743884055530856
1779927600,40.808969964194866
1779927615,40.740253556179354
1779927630,40.21730380176422
1779927645,40.33337454914723
1779927660,40.48012038525386
1779927675,40.236087689713315
1779927690,40.54331212034315
1779927705,40.78655557689424
1779927720,40.47543756724974
1779927735,40.53084214430972
1779927750,40.38193905496523
1779927765,39.84015279666836
1779927780,40.53420956399807
1779927795,40.607240478489295
1779927810,40.2897559409965
1779927825,40.40640546363844
1779927840,40.367469673491826
1779927855,40.22246016316201
1779927870,40.51137424923641
1779927885,40.376887925432705
1779927900,40.362523775824556
1779927915,40.34700207569855
1779927930,40.4509185426439
1779927945,40.51568875571212
1779927960,40.55230944482299
1779927975,40.42666259770121
1779927990,41.05074017463228
1779928005,40.6082927971419
1779928020,40.36962692672969
1779928035,40.94924404058793
1779928050,40.606398623567195
1779928065,40.583194997277126
1779928080,40.61039743444712
1779928095,40.66396045386503
1779928110,40.424505344463356
1779928125,40.416560338636145
1779928140,39.99752705116636
1779928155,40.096445004511814
1779928170,39.996527348446385
1779928185,40.09391943974555
1779928200,40.106494647644254
1779928215,40.488486318542115
1779928230,40.54573245324416
1779928245,40.27297145848735
1779928260,40.45165516570073
1779928275,40.37972918579476
1779928290,40.507164974625965
1779928305,40.63702109635818
1779928320,40.729519905922714
1779928335,40.8062865516307
1779928350,40.72178536382602
1779928365,40.752513068482266
1779928380,40.86942567078737
1779928395,40.74893518506338
1779928410,40.46770302515304
1779928425,40.7399904765162
1779928440,41.09877852112398
1779928455,40.3622606961614
1779928470,40.60250504455254
1779928485,40.88489475498076
1779928500,40.879791009515586
1779928515,40.811811224556905
1779928530,40.54236503355582
1779928545,40.590140300384355
1779928560,40.451076390441784
1779928575,40.149429248670785
1779928590,40.240507428054286
1779928605,40.21472562106532
1779928620,40.33295362168619
1779928635,40.64975415205478
1779928650,40.841802306156325
1779928665,40.372099875563315
1779928680,41.07710075688019
1779928695,40.79739445901613
1779928710,40.525264855450885
1779928725,40.580774664376115
1779928740,40.633127517343524
1779928755,40.35494708152576
1779928770,40.13175029530692
1779928785,40.10470570593482
1779928800,40.24124405111111
1779928815,40.480541312714905
1779928830,40.62660314169734
1779928845,40.67832460347318
1779928860,40.77808441174072
1779928875,40.44155290663566
1779928890,40.47491140792343
1779928905,40.44665665210082
1779928920,40.7587743644653
1779928920,40.7587743644653
1779928935,40.711209561367276
1779928950,40.64196699402546
1779928965,40.69431984699287
1779928980,40.73183500695846
1779928995,40.863532686332746
1779929010,40.56041229844809
1779929025,40.535419730448574
1779929040,40.74677793182554
1779929055,40.25597651224767
1779929070,40.28333679721556
1779929085,40.37304696235067
1779929100,40.22230231536411
1779929115,40.44276307308616
1779929130,40.27723334903042
1779929145,40.42660998176858
1779929160,40.869215207056854
1779929175,40.43402882826948
1779929190,40.8465903560257
1779929205,40.807496718081204
1779929220,40.69531954971285
1779929235,40.369784774527574
1779929250,40.610239586649236
1779929265,40.20504428946129
1779929280,40.40372205107429
1779929295,40.39167300250188
1779929310,40.314222349669706
1779929325,40.48822323887896
1779929340,40.42708352516225
1779929355,40.40319589174798
1779929370,40.36320778294875
1779929385,40.428556771275915
1779929400,40.39235700962609
1779929415,40.82491259178192
1779929430,40.25729191056344
1779929445,40.515109980453175
1779929460,40.70931538779258
1779929475,40.40345897141113
1779929490,40.503481859341825
1779929505,40.57640754196778
1779929520,40.56967270259108
1779929535,40.565779123576405
1779929550,40.32132550057484
1779929565,40.25166200577197
1779929580,40.35841973307937
1779929595,40.41108828164256
1779929610,40.92930260212094
1779929625,40.82875355486395
1779929640,41.149815975775624
1779929655,40.565200348317475
1779929670,40.362892087352975
1779929685,40.266762778436934
1779929700,40.89731211508156
1779929715,41.0853614583032
1779929730,40.89631241236159
1779929745,40.96445004511816
1779929760,40.615132868383874
1779929775,40.83269974981124
1779929790,40.61113405750395
1779929805,40.65291110801261
1779929820,40.688479478470875
1779929835,40.79229071355097
1779929850,41.10730230221014
1779929865,40.800235719378186
1779929880,41.37132905215029
1779929895,40.89962721611732
1779929910,40.46438822139732
1779929925,40.17342211395033
1779929940,40.33169083930305
1779929955,40.24461147079948
1779929970,40.64012543638339
1779929985,40.421821931899196
1779930000,40.98596996156406
1779930015,41.31334629439141
1779930030,41.11629962668996
1779930045,41.067208961545646
1779930060,41.19138256255377
1779930075,41.020433397437074
1779930090,41.24899700878423
1779930105,41.14287067266839
1779930120,41.33923333324564
1779930135,41.25610015968936
1779930150,40.771560036094534
1779930165,40.93393280419244
1779930180,41.003596298995305
1779930195,40.96613375496234
1779930210,40.9719215075517
1779930225,41.06157905675417
1779930240,41.0390594375883
1779930255,41.0724705548087
1779930270,40.48511889885377
1779930285,40.62776069221521
1779930300,40.74672531589291
1779930315,40.5444170549284
1779930330,40.66911681526283
1779930345,40.54068132371164
1779930360,40.512584415686916
1779930375,40.477542204554965
1779930390,40.22677466963771
1779930405,40.343266344481776
1779930420,41.38579843362369
1779930435,41.334603131174156
1779930450,41.1787021227898
1779930465,41.22000562990479
1779930480,41.15376217072292
1779930495,41.11198512021426
1779930510,41.44688553140776
1779930525,41.47992833709976
1779930540,41.24873392912107
1779930555,41.40100443815392
1779930570,41.231581135083516
1779930585,41.340811811224555
1779930600,41.16244379960696
1779930615,41.185384346233874
1779930630,41.294825486105445
1779930645,40.66064565010931
1779930660,40.5741976727973
1779930675,40.44912960093446
1779930690,40.50484987359022
1779930705,40.63128595970146
1779930720,40.65501574531783
1779930735,40.72173274789339
1779930750,40.64896491306532
1779930765,40.968238392267565
1779930780,41.255521384430416
1779930795,40.93940486118601
1779930810,41.00454338578265
1779930825,41.10888078018905
1779930840,41.315187852033475
1779930855,41.13424165971698
1779930870,41.26346639025763
1779930885,41.22205765127739
1779930900,41.09609510855983
1779930915,41.06836651206351
1779930930,41.27798838766367
1779930945,40.97407876078955
1779930960,40.9863908890251
1779930975,41.14329160012944
1779930990,41.14776395440304
1779931005,41.072996714135016
1779931020,40.910834409767624
1779931035,40.80465545771915
1779931050,40.80875950046433
1779931065,40.89631241236159
1779931080,40.793869191529886
1779931095,41.14350206385996
1779931110,40.9422987374807
1779931125,41.03143012735686
1779931140,41.068313896130896
1779931155,40.93566912996924
1779931170,41.03190367075054
1779931185,40.947192019215336
1779931200,41.00506954510895
1779931215,41.099199448585026
1779931230,41.13287364546858
1779931245,41.126191422024505
1779931260,41.19280319273479
1779931275,41.034744931112584
1779931290,40.97250028281064
1779931305,41.09046520376835
1779931320,41.2253724550331
1779931335,41.13860878212532
1779931350,41.263571622122896
1779931365,41.005753552233145
1779931380,41.21800622446483
1779931395,40.962240175947684
1779931410,41.07099730869505
1779931425,41.446411988014084
1779931440,41.239210445314946
1779931455,41.23400146798451
1779931470,41.26799136046386
1779931485,41.46735312920106
1779931500,41.4526206680645
1779931515,41.2317389828814
1779931530,41.40226722053705
1779931545,41.22079486889425
1779931560,41.412159015871595
1779931575,41.32292239413017
1779931590,41.3477571143318
1779931605,41.42636531768184
1779931620,41.43052197635966
1779931635,43.58372378740006
1779931650,40.95529487284044
1779931665,40.84411740719207
1779931680,40.91062394603709
1779931695,41.2253724550331
1779931710,41.03195628668317
1779931725,40.57219826735734
1779931740,40.60034779131468
1779931755,40.53868191827167
1779931770,40.51026931465117
1779931785,40.62776069221521
1779931800,40.63307490141089
1779931815,40.92667180548942
1779931830,40.70068637484117
1779931845,40.49858857760719
1779931860,40.61702704195858
1779931875,40.921252364428476
1779931890,41.06584094729725
1779931905,41.08925503731785
1779931920,40.98065575236838
1779931935,41.18927792524855
1779931950,40.83001633724707
1779931965,40.83012156911234
1779931980,41.00370153086056
1779931995,40.90609897583087
1779932010,41.03385046025787
1779932025,41.0826254298064
1779932040,40.919831734247445
1779932055,41.15160491748506
1779932070,40.7176287051482
1779932085,40.65596283210519
1779932100,40.82870093893132
1779932115,40.77319113000608
1779932130,40.88647323295967
1779932145,40.7506715108402
1779932160,40.80312959567287
1779932175,41.054528521781684
1779932190,40.859902186981245
1779932205,40.95366377892889
1779932220,41.03805973486831
1779932235,40.96476574071395
1779932250,40.93840515846604
1779932265,40.77171788389242
1779932280,40.63865219026973
1779932295,41.1446069984452
1779932310,41.12898006645393
1779932325,41.056475311289006
1779932340,41.144870078108355
1779932355,41.28819587859399
1779932370,41.1446069984452
1779932385,41.05210818888067
1779932400,41.195802300894734
1779932415,41.07010283784033
1779932430,40.96792269667178
1779932445,40.92272561054213
1779932460,41.26430824517973
1779932475,41.02643161375696
1779932490,40.92877644279464
1779932505,41.13808262279901
1779932520,41.17007310983839
1779932535,41.118825191456224
1779932550,40.95655765522358
1779932565,40.81328447067057
1779932580,40.98439148358515
1779932595,40.7177865529461
1779932610,41.012804087205645
1779932625,41.08567715389897
1779932640,40.958820140326694
1779932655,41.04342655999663
1779932670,41.112774359203705
1779932685,40.878422995267194
1779932700,40.94398244732488
1779932715,41.005911400031046
1779932730,40.77818964360598
1779932745,40.95476871351414
1779932760,40.884473827519706
1779932775,41.03295598940315
1779932790,41.26330854245974
1779932805,41.100409615035524
1779932820,41.314556460841914
1779932835,40.7176287051482
1779932850,40.637547255684495
1779932865,40.73099315203636
1779932880,40.88026455290926
1779932895,41.33439266744363
1779932910,41.16807370439843
1779932925,41.56327197438656
1779932940,40.96492358851184
1779932955,40.976130782162144
1779932970,41.465195875963204
1779932985,41.12776990000342
1779933000,41.39195449774146
1779933015,41.256626319015666
1779933030,41.044952422042925
1779933045,41.248786545053704
1779933060,41.03337691686419
1779933075,41.127506820340265
1779933090,41.256573703083035
1779933105,41.01853922386238
1779933120,41.57242714666428
1779933135,41.67876394651064
1779933150,41.589843020364995
1779933165,41.87438998403107
1779933180,41.27109570048907
1779933195,40.950822518566845
1779933210,41.580530000289386
1779933225,41.229897425239336
1779933240,41.44925324837614
1779933255,41.453830834515
1779933270,40.83127911963022
1779933285,41.22631954182046
1779933300,41.28430229957934
1779933315,41.08499314677477
1779933330,41.08278327760429
1779933345,41.24662929181585
1779933360,41.03869112605988
1779933375,41.33118309555316
1779933390,41.3710133565545
1779933405,41.562851046925516
1779933420,41.46477494850216
1779933435,40.898837977127855
1779933450,41.18738375167384
1779933465,41.08336205286322
1779933480,41.22142626008581
1779933495,41.103513955060734
1779933510,41.18406894791812
1779933525,41.2850915385688
1779933540,41.03195628668317
1779933555,41.117194097544676
1779933570,41.26330854245974
1779933585,41.161233633156456
1779933600,40.90688821482033
1779933615,41.15923422771649
1779933630,41.4873997995333
1779933645,41.40568725615804
1779933660,41.67276573019076
1779933675,41.40516109683173
1779933690,41.402477684267566
1779933705,41.365909611089336
1779933720,41.41326395045684
1779933735,41.62230705079806
1779933750,41.343810919384495
1779933765,41.47661353334403
1779933780,41.457829645394916
1779933795,41.40263553206547
1779933810,41.65203505273431
1779933825,41.44030853982894
1779933840,41.419262166776726
1779933855,41.17717626074352
1779933870,41.21300771086492
1779933885,41.354544569641135
1779933900,41.14434391878204
1779933915,40.99207340974921
1779933930,41.05363405092696
1779933945,41.16323303859642
1779933960,41.068892671389825
1779933975,40.938615622196565
1779933990,41.07888969858963
1779934005,41.126875429148704
1779934020,41.260572513962956
1779934035,41.050161399373344
1779934050,41.26346639025763
1779934065,40.81312662287267
1779934080,40.849589464185655
1779934095,40.895628405237396
1779934110,41.00770034174048
1779934125,41.10035699910289
1779934140,40.9960196046965
1779934155,40.96529190004025
1779934170,40.963450342398176
1779934185,40.89504962997845
1779934200,40.76403595772836
1779934215,40.807286254350686
1779934230,40.73630736123205
1779934245,40.87631835796197
1779934260,40.825228287377705
1779934275,40.87426633658938
1779934290,40.95655765522358
1779934305,40.98233946221256
1779934320,40.91393874979282
1779934335,40.9300918411104
1779934350,40.923777929194735
1779934365,40.99175771415342
1779934380,41.029483337849534
1779934395,40.44686711583134
1779934410,40.44976099212603
1779934425,40.487539231754766
1779934440,40.438501182543085
1779934455,40.46070510611318
1779934470,40.67716705295531
1779934485,40.57945926606036
1779934500,40.69095242730452
1779934515,40.665170620315536
1779934530,40.61934214299432
1779934545,40.5344200277286
1779934560,40.55678179909658
1779934575,40.53515665078542
1779934590,40.66932727899335
1779934605,40.743831439598225
1779934620,40.62802377187836
1779934635,40.54620599663784
1779934650,40.592508017352735
1779934665,40.64270361708229
1779934680,40.68942656525822
1779934695,40.66627555490078
1779934710,40.6830074214773
1779934725,40.659645947389336
1779934740,40.665854627439735
1779934755,40.54604814883995
1779934770,40.579196186397205
1779934785,40.58698334442653
1779934800,40.51474166892477
1779934815,40.5135841184069
1779934830,40.72899374659641
1779934845,40.706421511497894
1779934860,40.68032400891314
1779934875,40.73120361576689
1779934890,40.63486384312034
1779934905,40.632917053613006
1779934920,40.73630736123205
1779934935,40.764141189593616
1779934950,40.67237900308592
1779934965,40.75745896614954
1779934980,40.8460641966994
1779934995,40.784503555521646
1779935010,40.73336086900474
1779935025,40.716208074967184
1779935040,40.66396045386503
1779935055,40.7196807265208
1779935070,40.68742715981827
1779935085,40.71194618442411
1779935100,40.74130587483196
1779935115,40.83248928608072
1779935130,40.79460581458672
1779935145,40.70231746875271
1779935160,40.698476505670676
1779935175,40.452549636555446
1779935190,40.914149213523345
1779935205,40.984181019854624
1779935220,40.93977317271443
1779935235,41.000807654565875
1779935250,41.025274063239095
1779935265,41.02637899782433
1779935280,41.12313969793193
1779935295,41.00149166169008
1779935310,41.010488986169904
1779935325,40.84732697908253
1779935340,40.777189940886004
1779935355,40.71783916887873
1779935370,40.66859065593652
1779935385,40.75456508985486
1779935400,40.48169886323277
1779935415,40.60566200051038
1779935430,40.585457482380235
1779935445,40.711156945434645
1779935460,40.74441021485716
1779935475,40.72320599400705
1779935490,40.90399433852565
1779935505,40.75614356783378
1779935520,40.89368161573006
1779935535,40.83406776405963
1779935550,40.88426336378919
1779935565,40.8536408909982
1779935580,40.9397205567818
1779935595,40.84438048685522
1779935610,40.96550236377078
1779935625,40.85448274592029
1779935640,40.81491556458211
1779935655,40.75051366304231
1779935670,40.822229179217764
1779935685,40.864427157187464
1779935700,40.63002317731832
1779935715,40.811232449297975
1779935730,40.81938791885571
1779935745,40.84832668180252
1779935760,40.82485997584928
1779935775,40.7568801908906
1779935790,40.798920321062425
1779935805,40.68811116694246
1779935820,40.61692181009331
1779935835,40.61555379584492
1779935850,40.548521097673586
1779935865,40.54631122850311
1779935880,40.60008471165154
1779935895,40.47180706789823
1779935910,40.60729309442193
1779935925,40.56030706658284
1779935940,40.599821631988384
1779935955,40.77761086834705
1779935970,40.45865308474059
1779935985,40.59913762486419
1779936000,40.72546847911016
1779936015,40.667170025755496
1779936030,40.80381360279707
1779936045,40.83506746677962
1779936060,40.85195718115403
1779936075,40.9435089039312
1779936090,41.08725563187788
1779936105,41.07031330157085
1779936120,41.223636129256306
1779936135,41.20206359687777
1779936150,41.121298140289866
1779936165,41.17707102887825
1779936180,41.076785061284404
1779936195,40.9333540289335
1779936210,40.86953090265263
1779936225,40.71662900242823
1779936240,40.677114437022674
1779936255,40.69842388973805
1779936270,40.67737751668583
1779936285,40.727836196078535
1779936300,40.71736562548506
1779936315,40.73341348493737
1779936330,40.66143488909877
1779936345,40.70200177315692
1779936360,40.72662602962803
1779936375,40.68248126215099
1779936390,40.78671342469213
1779936405,40.81459986898632
1779936420,40.84543280550783
1779936435,41.11472114871104
1779936450,40.72357430553546
1779936465,40.75745896614954
1779936480,40.780873056170144
1779936495,40.73951693312252
1779936510,40.77487483985025
1779936525,40.84701128348676
1779936540,40.815757419504195
1779936555,40.84827406586988
1779936570,40.75267091628015
1779936585,40.83732995188273
1779936600,40.74930349659181
1779936615,40.7043694901253
1779936630,40.56725236969007
1779936645,40.72310076214178
1779936660,40.87168815589048
1779936675,40.82649106976084
1779936690,40.87968577765033
1779936705,40.90220539681621
1779936720,41.00780557360575
1779936735,40.99302049653656
1779936750,40.965870675299186
1779936765,41.242525249070674
1779936780,40.90320509953619
1779936795,41.00470123358054
1779936810,41.10446104184808
1779936825,40.46780825701831
1779936840,40.56451634119328
1779936855,40.6480704422106
1779936870,40.704211642327415
1779936885,40.57167210803103
1779936900,40.66106657757036
1779936915,40.720733045173404
1779936930,40.67806152381003
1779936945,40.83033203284286
1779936960,40.92535640717365
1779936975,42.29884271256179
1779936990,41.91506209995449
1779937005,41.984567746959456
1779937020,42.055809719741234
1779937035,41.993512455506654
1779937050,42.030922383606985
1779937065,42.165829634871734
1779937080,42.05965068282327
1779937095,42.14430971842583
1779937110,42.161199432800245
1779937125,42.13452315495655
1779937140,40.87879130679561
1779937155,40.812810927276885
1779937170,40.7050534972495
1779937185,40.6103448185145
1779937200,40.612133760223934
1779937215,41.09509540583984
1779937230,41.329815081304766
1779937245,41.43067982415756
1779937260,41.56574492322021
1779937275,41.604522865568924
1779937290,41.605575184221536
1779937305,41.465985114952666
1779937320,41.45698779047283
1779937335,41.36869825551875
1779937350,41.43741466353427
1779937365,41.524441416105205
1779937380,41.44567536495726
1779937395,41.54096281895121
1779937410,41.50292149965931
1779937425,40.54362781593894
1779937440,40.516898922162625
1779937455,40.6076087900177
1779937470,40.7158923793714
1779937485,40.7000549836496
1779937500,40.63638970516662
1779937515,40.69521431784759
1779937530,40.882895349540796
1779937545,40.50400801866814
1779937560,40.5451010620526
1779937575,40.5640427977996
1779937590,40.69758203481596
1779937605,40.64196699402546
1779937620,40.74072709957303
1779937635,40.84595896483414
1779937650,40.73099315203636
1779937665,40.81496818051475
1779937680,40.72031211771237
1779937695,40.847063899419375
1779937710,40.796236908498265
1779937725,40.77092864490296
1779937740,40.83338375693544
1779937755,40.865269012109565
1779937770,40.827753852143964
1779937785,40.770507717441916
1779937800,40.732519014082655
1779937815,40.794921510182505
1779937830,40.89373423166269
1779937845,40.81170599269165
1779937860,40.793869191529886
1779937875,40.85085224656878
1779937890,40.89062989163749
1779937905,40.762773175345224
1779937920,40.70905230812942
1779937935,40.708894460331535
1779937950,40.71431390139249
1779937965,40.698476505670676
1779937980,40.804129298392844
1779937995,40.77434868052395
1779938010,40.798867705129794
1779938025,40.73814891887413
1779938040,40.616448266699635
1779938055,40.65812008534304
1779938070,40.72162751602812
1779938085,40.70294885994428
1779938100,40.631812119027764
1779938115,40.73704398428888
1779938130,40.73667567276047
1779938145,40.68711146422248
1779938160,40.65043815917898
1779938175,40.690794579506615
1779938190,40.73436057172473
1779938205,40.71068340204097
1779938220,40.672799930546965
1779938235,40.648123058143234
1779938250,40.6855856021762
1779938265,40.776874245290216
1779938280,40.789554685054185
1779938295,40.94871788126162
1779938310,40.8303846487755
1779938325,40.74898780099602
1779938340,40.79639475629615
1779938355,40.802498204481296
1779938370,40.865795171435856
1779938385,40.81538910797578
1779938400,40.813547550333716
1779938415,40.98865337412821
1779938430,40.80986443504958
1779938445,40.87800206780615
1779938460,40.8346991552512
1779938475,40.80518161704546
1779938490,40.87063583723788
1779938505,40.750461047109674
1779938520,40.85737662221497
1779938535,40.91078179383499
1779938550,40.936142673362916
1779938565,40.94803387413742
1779938580,40.94513999784275
1779938595,40.88079071223557
1779938610,40.941877810019655
1779938625,40.882527038012384
1779938640,40.76624582689884
1779938655,40.713419430537755
1779938670,40.8176515930789
1779938685,40.98423363578725
1779938700,40.969185479054914
1779938715,41.00391199459108
1779938730,40.99565129316809
1779938745,40.968133160402296
1779938760,40.79634214036353
1779938775,40.49453715079463
1779938790,40.535577578246475
1779938805,40.59103477123907
1779938820,40.563516638473295
1779938835,40.56604220323956
1779938850,40.62002615011851
1779938865,40.70305409180954
1779938880,40.63275920581512
1779938895,40.606398623567195
1779938910,40.69426723106023
1779938925,40.65022769544846
1779938940,40.7329399415437
1779938955,40.71194618442411
1779938970,40.66632817083341
1779938985,40.72594202250384
1779939000,40.665802011507104
1779939015,40.73441318765736
1779939030,40.8195457666536
1779939045,40.795552901374066
1779939060,40.843275552269986
1779939075,40.81565218763894
1779939090,40.8069705587549
1779939105,40.96492358851184
1779939120,41.02864148292744
1779939135,41.05200295701541
1779939150,41.02716823681379
1779939165,40.96802792853704
1779939180,41.06994499004244
1779939195,40.96229279188031
1779939210,40.963450342398176
1779939225,41.00438553798475
1779939240,40.897522578812094
1779939255,40.946192316495356
1779939270,40.86205944021909
1779939285,40.85400920252662
1779939300,41.22584599842678
1779939315,40.89973244798257
1779939330,40.4788049869381
1779939345,40.662908135212426
1779939360,40.67437840852589
1779939375,40.691899514091865
1779939390,40.65969856332195
1779939405,40.70768429388103
1779939420,40.699581440255926
1779939435,40.743252664339295
1779939450,40.71263019154831
1779939465,40.77697947715547
1779939480,40.67464148818903
1779939495,40.78339862093641
1779939510,40.58666764883074
1779939525,40.914570140984395
1779939540,41.03137751142424
1779939555,41.21100830542497
1779939570,40.568199456477416
1779939585,40.98112929576205
1779939600,40.83538316237539
1779939615,40.16037336265794
1779939630,40.55446669806084
1779939645,40.69852912160331
1779939660,40.78971253285207
1779939675,40.74304220060877
1779939690,40.78176752702486
1779939705,40.88068548037032
1779939720,40.89057727570486
1779939735,40.580774664376115
1779939750,40.63286443768037
1779939765,40.587088576291784
1779939780,40.5850365549192
1779939795,40.593139408544296
1779939810,40.62628744610155
1779939825,40.53457787552649
1779939840,40.70147561383063
1779939855,40.63828387874132
1779939870,40.90141615782675
1779939885,40.89262929707744
1779939900,40.95461086571625
1779939915,41.04074314743248
1779939930,40.85611383983184
1779939945,40.872950938273625
1779939960,40.748566873534976
1779939975,40.65938286772618
1779939990,40.75830082107162
1779940005,40.7000549836496
1779940020,40.672168539355404
1779940035,40.570461941580525
1779940050,40.66859065593652
1779940065,40.68511205878252
1779940080,41.00554308850263
1779940095,40.823544577533525
1779940110,40.83433084372279
1779940125,40.60550415271248
1779940140,40.948928344992154
1779940155,40.87595004643356
1779940170,40.82301841820721
1779940185,40.88300058140606
1779940200,40.98660135275563
1779940215,40.160478594523205
1779940230,40.571198564637356
1779940245,40.67937692212579
1779940260,40.735255042579446
1779940275,40.63075980037515
1779940290,40.64575534117486
1779940305,40.730098681181644
1779940320,40.89362899979743
1779940335,40.86263821547803
1779940350,40.79702614748773
1779940365,40.8133370866032
1779940380,40.96939594278544
1779940395,41.09904160078713
1779940410,41.32497441550276
1779940425,41.133978580053835
1779940440,41.002859675938474
1779940455,40.91172888062234
1779940470,40.93440634758612
1779940485,41.007174182414175
1779940500,41.04511026984081
1779940515,40.92877644279464
1779940530,40.95739951014566
1779940545,40.98744320767772
1779940560,40.9860225774967
1779940575,40.95618934369516
1779940590,40.83706687221957
1779940605,40.884579059384976
1779940620,40.88247442207975
1779940635,41.08946550104837
1779940650,40.95019112737528
1779940665,40.964555276983425
1779940680,40.948086490070054
1779940695,40.87800206780615
1779940710,40.97139534822539
1779940725,40.94003625237759
1779940740,41.055212528905884
1779940755,41.02769439614009
1779940770,41.16933648678156
1779940785,40.522265747290945
1779940800,40.95213791688261
1779940815,40.194468487002545
1779940830,40.68532252251305
1779940845,40.84427525498996
1779940860,40.86184897648857
1779940875,40.7847666351848
1779940890,40.84495926211416
1779940905,40.979498201850504
1779940920,41.004806465445796
1779940935,40.99591437283123
1779940950,41.143133752331536
1779940965,40.89831181780155
1779940980,41.11735194534257
1779940995,41.05373928279222
1779941010,41.01401425365615
1779941025,41.12398155285402
1779941040,41.11187988834899
1779941055,41.032114134481056
1779941070,40.90367864292986
1779941085,41.11393190972158
1779941100,40.930933696032504
1779941115,41.05442328991642
1779941130,41.09577941296404
1779941145,41.05815902113319
1779941160,41.19864356125679
1779941175,41.228529410990944
1779941190,40.62160462809743
1779941205,40.83759303154588
1779941220,40.82543875110822
1779941235,40.88621015329652
1779941250,40.887893863140704
1779941265,40.88505260277865
1779941280,40.95739951014566
1779941295,40.98202376661677
1779941310,41.23742150360551
1779941325,41.00696371868365
1779941340,41.06142120895628
1779941355,41.11898303925412
1779941370,41.12698066101396
1779941385,41.17601871022565
1779941400,41.287248791806654
1779941415,41.223530897391036
1779941430,41.14060818756528
1779941445,41.105829056096475
1779941460,41.146185476424115
1779941475,41.15702435854601
1779941490,41.121140292491965
1779941505,41.23263345373612
1779941520,41.17201989934573
1779941535,41.448832320915095
1779941550,41.22700354894465
1779941565,41.32949938570899
1779941580,41.65466584936585
1779941595,41.678816562443274
1779941610,41.72548689468658
1779941625,40.974552304183234
1779941640,41.17344052952675
1779941655,40.97834065133264
1779941670,40.940194100175475
1779941685,40.93135462349354
1779941700,41.0648938605099
1779941715,41.008226501066794
1779941730,41.0029122918711
1779941745,41.051845109217524
1779941760,40.790501771841534
1779941775,40.935563898103986
1779941790,40.82538613517559
1779941805,40.88573660990284
1779941820,40.99175771415342
1779941835,40.876791901355645
1779941850,40.832910213541766
1779941865,40.95697858268462
1779941880,41.030535656502146
1779941895,41.01338286246459
1779941910,40.9619244803519
1779941925,40.99138940262501
1779941940,41.07699552501492
1779941955,41.049582624114414
1779941970,41.13918755738425
1779941985,41.07273363447186
1779942000,41.01327763059932
1779942015,40.965081436309724
1779942030,40.730203913046914
1779942045,40.79965694411924
1779942060,40.93740545574606
1779942075,40.90273155614251
1779942090,41.05963226724685
1779942105,41.14439653471468
1779942120,41.115931315161546
1779942135,41.03348214872946
1779942150,40.85095747843405
1779942165,40.7759797744355
1779942180,40.899206288656266
1779942195,41.07010283784033
1779942210,40.83433084372279
1779942225,40.82596491043453
1779942240,40.84764267467832
1779942255,40.76656152249463
1779942270,40.771928347622946
1779942285,40.737727991413074
1779942300,40.974447072317965
1779942315,40.675799038706906
1779942330,40.85132578996246
1779942345,40.746567468095016
1779942360,40.76550920384202
1779942375,40.83259451794598
1779942390,40.80028833531082
1779942405,40.87931746612191
1779942420,40.90604635989824
1779942435,40.85537721677501
1779942450,40.87331924980203
1779942465,40.865269012109565
1779942480,40.94440337478592
1779942495,40.971237500427506
1779942510,40.94703417141745
1779942525,40.948823113126885
1779942540,40.803445291268645
1779942555,40.84290724074157
1779942570,40.757143270553755
1779942585,40.96081954576666
1779942600,40.90231062868147
1779942615,40.86595301923376
1779942630,40.596191132636875
1779942645,40.92177852375478
1779942660,40.72709957302171
1779942675,40.82191348362198
1779942690,40.78813405487316
1779942705,40.74972442405284
1779942720,40.68705884828985
1779942735,40.7150505244493
1779942750,40.837856111209035
1779942765,40.66385522199978
1779942780,40.64217745775598
1779942795,40.64280884894755
1779942810,40.67569380684165
1779942825,40.626182214236294
1779942840,40.71941764685765
1779942855,40.658172701275674
1779942870,40.49490546232305
1779942885,40.50937484379645
1779942900,40.383096605483104
1779942915,40.49101188330838
1779942930,40.567410217487954
1779942945,40.583931620333956
1779942960,40.690531499843466
1779942975,40.745778229105554
1779942990,40.72283768247863
1779943005,40.626813605427856
1779943020,40.66532846811343
1779943035,40.65759392601673
1779943050,40.68074493637418
1779943065,40.77634808596391
1779943080,40.742516041282464
1779943095,40.97649909369056
1779943110,40.6506486229095
1779943125,40.71531360411246
1779943140,40.710209858647296
1779943155,40.75198690915596
1779943170,41.006595407155245
1779943185,40.779189346325964
1779943200,41.308137317060975
1779943215,40.91278119927495
1779943230,40.56262216761858
1779943245,40.70615843183475
1779943260,40.78697650435529
1779943275,40.745462533509766
1779943290,40.800919726502386
1779943305,40.790764851504676
1779943320,40.89231360148167
1779943335,40.98144499135783
1779943350,40.92104190069795
1779943365,40.95029635924055
1779943380,40.984444099517766
1779943395,40.80328744347076
1779943410,40.75040843117704
1779943425,40.952874539939444
1779943440,40.96339772646556
1779943455,40.963450342398176
1779943470,40.98649612089037
1779943485,40.92572471870207
1779943500,40.85390397066136
1779943515,40.95282192400681
1779943530,40.859165563924414
1779943545,40.82464951211876
1779943560,40.908940236192926
1779943575,40.796236908498265
1779943590,40.796552604094046
1779943605,40.929197370255686
1779943620,40.888420022466995
1779943635,40.9030472517383
1779943650,40.83196312675441
1779943665,40.86279606327592
1779943680,40.90530973684141
1779943695,40.893155456403754
1779943710,40.93835254253341
1779943725,40.84222323361737
1779943740,40.83454130745331
1779943755,40.837487799680616
1779943770,40.81938791885571
1779943785,40.960398618305604
1779943800,40.887578167544916
1779943815,40.9674491532781
1779943830,40.754775553585375
1779943845,40.89326068826902
1779943860,40.947244635147975
1779943875,40.975183695374795
1779943890,40.91625385082857
1779943905,41.0023861325448
1779943920,41.03737572774412
1779943935,40.95513702504255
1779943950,41.0264842296896
1779943965,40.60597769610615
1779943980,40.588193510877026
1779943995,40.64680765982748
1779944010,40.58024850504981
1779944025,40.653279419541036
1779944040,40.719733342453424
1779944055,40.697792498546484
1779944070,40.72325860993967
1779944085,40.62702406915838
1779944100,40.58714119222442
1779944115,40.853588275065576
1779944130,40.41277199148674
1779944145,40.653542499204185
1779944160,40.71099909763676
1779944175,40.54346996814105
1779944190,40.674431024458514
1779944205,40.26271135162438
1779944220,40.47470094419291
1779944235,41.129927153241276
1779944250,40.76835046420406
1779944265,40.83059511250602
1779944280,41.02364296932755
1779944295,40.93582697776714
1779944310,40.957189046415145
1779944325,40.90830884500135
1779944340,40.979813897446284
1779944355,40.79771015461192
1779944370,40.73646520902995
1779944385,40.59819053807684
1779944400,40.7221010594218
1779944415,41.10398749845441
1779944430,41.544225006774305
1779944445,41.80467387329557
1779944460,41.80051721461776
1779944475,42.01645300213358
1779944490,42.13136619899872
1779944505,42.08043397621234
1779944520,42.109214891361255
1779944535,42.10005971908354
1779944550,42.09221994512158
1779944565,42.19603118020168
1779944580,42.21302612644134
1779944595,42.33172767045589
1779944610,41.2243201363805
1779944625,41.23647441681816
1779944640,41.268096592329115
1779944655,41.394743142170874
1779944670,41.12908529831918
1779944685,41.49234569720057
1779944700,41.29450979050966
1779944715,41.30308618752845
1779944730,41.33134094335106
1779944745,41.327763059932174
1779944760,41.29845598545696
1779944775,41.48471638696913
1779944790,41.2616774485482
1779944805,41.43830913438899
1779944820,41.27898809038365
1779944835,41.22826633132779
1779944850,41.33975949257195
1779944865,41.07436472838341
1779944880,40.94492953411223
1779944895,40.858165861204434
1779944910,40.908835004327656
1779944925,41.17665010141721
1779944940,41.0194336947171
1779944955,41.0820992704801
1779944970,40.9922312575471
1779944985,40.90641467142665
1779945000,40.92961829771673
1779945015,40.93235432621351
1779945030,41.00054457490273
1779945045,41.094253550917756
1779945060,41.084466987448465
1779945075,41.036796952485176
1779945090,41.11919350298464
1779945105,40.97297382620432
1779945120,41.088465798328386
1779945135,41.055212528905884
1779945150,41.14634332422201
1779945165,41.243156640262235
1779945180,41.39369082351827
1779945195,41.23899998158442
1779945210,41.44604367648568
1779945225,41.062052600147844
1779945240,41.1330841091991
1779945255,41.02932549005164
1779945270,41.1098278669764
1779945285,41.14802703406618
1779945300,41.27562067069529
1779945315,41.170757116962584
1779945330,41.06910313512034
1779945345,41.06826128019826
1779945360,41.11766764093835
1779945375,41.237158423942354
1779945390,41.139503252980035
1779945405,41.06410462152045
1779945420,41.1886991499896
1779945435,40.98344439679779
1779945450,41.15060521476508
1779945465,41.069734526311905
1779945480,41.03227198227896
1779945495,41.03285075753789
1779945510,40.85158886962561
1779945525,41.115247308037354
1779945540,41.004227690186866
1779945555,41.14239712927471
1779945570,40.997966394203836
1779945585,40.997177155214374
1779945600,40.96013553864246
1779945615,41.03684956841781
1779945630,41.13066377629811
1779945645,41.03327168499894
1779945660,41.187752063202254
1779945675,40.99380973552601
1779945690,41.15765574973758
1779945705,40.92251514681161
1779945720,40.97250028281064
1779945735,41.03748095960938
1779945750,40.96160878475611
1779945765,41.226266925887835
1779945780,41.2620457600766
1779945795,41.07199701141503
1779945810,41.03295598940315
1779945825,41.00691110275102
1779945840,41.24815515386214
1779945855,41.419209550844094
1779945870,41.185857889627556
1779945885,41.209903370839726
1779945900,41.093148616332506
1779945915,41.231475903218254
1779945930,41.306611455014696
1779945945,41.10198809301444
1779945960,41.124507712180325
1779945975,41.28651216874982
1779945990,41.30424373804632
1779946005,41.20627287148822
1779946020,41.30450681770947
1779946035,41.108565084593266
1779946050,41.09220152954516
1779946065,41.1017250133513
1779946080,41.198906640919944
1779946095,41.129190530184445
1779946110,41.358175068992644
1779946125,41.21742744920589
1779946140,41.410422690094784
1779946155,41.40263553206547
1779946170,41.1377143112706
1779946185,41.011857000418296
1779946200,40.9826025418757
1779946215,41.17722887667614
1779946230,41.30840039672413
1779946245,41.24526127756746
1779946260,41.30987364283779
1779946275,41.201063894157784
1779946290,40.988969069724
1779946305,40.88994588451329
1779946320,40.87468726405042
1779946335,40.994809438245994
1779946350,40.83033203284286
1779946365,40.89557578930476
1779946380,40.849589464185655
1779946395,40.77882103479755
1779946410,40.835593626105926
1779946425,40.884789523115494
1779946440,40.89636502829421
1779946455,40.719207183127125
1779946470,40.63275920581512
1779946485,40.700844222639056
1779946500,40.74935611252444
1779946515,40.74230557755194
1779946530,40.66795926474496
1779946545,40.74598869283608
1779946560,40.81549433984105
1779946575,40.70237008468535
1779946590,40.70289624401164
1779946605,40.74646223622975
1779946620,40.77403298492817
1779946635,40.71147264103043
1779946650,40.7339922601963
1779946665,40.726731261493285
1779946680,40.80028833531082
1779946695,40.70978893118625
1779946710,40.86795242467372
1779946725,40.840223828177415
1779946740,40.7241530807944
1779946755,40.90709867855086
1779946770,40.795500285441435
1779946785,41.066524954421446
1779946800,40.800183103445555
1779946815,40.82301841820721
1779946830,40.86532162804218
1779946845,40.84306508853947
1779946860,40.9182006403359
1779946875,40.928460747198855
1779946890,40.9307758482346
1779946905,40.99959748811538
1779946920,40.838487502400596
1779946935,40.843222936337355
1779946950,40.818125136472574
1779946965,40.86474285278325
1779946980,40.75293399594331
1779946995,40.70542180877792
1779947010,40.718207480407145
1779947025,40.73641259309731
1779947040,40.676167350235325
1779947055,40.73709660022151
1779947070,40.64938584052638
1779947085,40.72636294996488
1779947100,40.76598274723568
1779947115,40.755143865113794
1779947130,40.7033171714727
1779947145,40.80949612352116
1779947160,40.77824225953861
1779947175,40.760563306174745
1779947190,40.75535432884432
1779947205,40.742463425349825
1779947220,40.850115623511954
1779947235,40.73651782496258
1779947250,40.732834709678436
1779947265,40.704948265384246
1779947280,40.82538613517559
1779947295,40.94645539615851
1779947310,40.99738761894489
1779947325,40.93177555095458
1779947340,41.03637602502413
1779947355,40.89936413645417
1779947370,40.905835896167716
1779947385,41.06536740390357
1779947400,40.83832965460271
1779947415,40.79192240202255
1779947430,40.939562708983914
1779947445,40.8297006416513
1779947460,40.80623393569807
1779947475,41.05563345636693
1779947490,40.86006003477913
1779947505,41.224846295706804
1779947520,40.95734689421303
1779947535,40.950875134499476
1779947550,41.006542791222614
1779947565,41.291563298282355
1779947580,41.07704814094756
1779947595,41.11777287280361
1779947610,41.09162275428623
1779947625,41.083519900661116
1779947640,40.99670361182069
1779947655,41.06473601271201
1779947670,41.105829056096475
1779947685,41.210429530166024
1779947700,41.153288627329246
1779947715,41.44851662531931
1779947730,41.11508946023945
1779947745,41.26567625942812
1779947760,41.07373333719183
1779947775,41.08967596477889
1779947790,41.053423587196434
1779947805,41.09067566749888
1779947820,41.07436472838341
1779947835,41.12587572642872
1779947850,41.052634348206986
1779947865,41.118193800264656
1779947880,40.77955765785437
1779947895,40.73130884763215
1779947910,40.710157242714665
1779947925,40.62407757693107
1779947940,40.69042626797821
1779947955,40.76045807430948
1779947970,40.69758203481596
1779947985,40.61402793379864
1779948000,40.66464446098923
